utility_id,name,states,nameplate_mw,generators,in_frame
6452,Florida Power & Light Co,FL,39924.1,229,False
18642,Tennessee Valley Authority,AL GA KY MS NC TN,36336.7,268,True
55951,Constellation Nuclear,IL MD NY PA,23798.1,22,True
5416,"Duke Energy Carolinas, LLC",NC SC,23796.7,130,False
7140,Georgia Power Co,AL GA,20884.1,145,False
19876,Virginia Electric & Power Co,NC VA WV,20208.2,106,False
195,Alabama Power Co,AL,16163.2,96,False
2518,U S Bureau of Reclamation,AZ CA CO ID MT NM NV OR UT WA WY,14698.1,185,False
3046,Duke Energy Progress - (NC),NC SC,14250.7,75,False
14354,PacifiCorp,CA ID MT OR UT WA WY,13627.7,116,False
6455,"Duke Energy Florida, LLC",FL,13358.5,100,False
17650,Southern Power Co,AL CA GA KS ME NC NM NV OK SD TX WA WV WY,13317.8,103,False
12341,MidAmerican Energy Co,IA IL,13197.7,133,True
19400,USACE Northwestern Division,ID MT OR WA,13111.4,153,False
67192,RWE Clean Energy,AR AZ CA GA IA IL IN LA MA MD MN MT NC NE NJ NV NY OH OK PA RI SD TX VA VT,13016.5,196,True
11241,Entergy Louisiana LLC,LA,12770.0,44,True
5109,DTE Electric Company,MI,12165.6,107,True
49893,Invenergy Services LLC,AZ CA CO FL GA ID IL KS MD MI MN MT NE NV NY OH OR PA TX UT WA WV,11860.4,84,True
55983,Luminant Generation Company LLC,TX VA,11291.7,43,False
803,Arizona Public Service Co,AZ NM,10906.5,75,False
19436,Union Electric Co - (MO),IA IL MO,10458.2,83,False
13781,Northern States Power Co - Minnesota,MI MN ND SD WI,10454.5,128,False
814,Entergy Arkansas LLC,AR,9635.3,30,True
16604,City of San Antonio - (TX),TX,9580.1,68,False
54888,NRG Texas Power LLC,TX,9186.5,38,True
15399,Avangrid Power LLC,AZ CA CO IA IL KS MA MN MO NC ND NH NM NY OH OR PA SD TX VT WA,8869.1,75,True
4254,Consumers Energy Co - (MI),MI,8705.2,78,True
14063,Oklahoma Gas & Electric Co,AR OK,8610.5,44,False
16572,Salt River Project,AZ,8517.6,73,True
15466,Public Service Co of Colorado,CO,7939.5,44,True
14328,Pacific Gas & Electric Co.,CA,7798.9,122,False
6035,"Constellation Power, Inc",MA MD PA TX,7734.1,71,True
18454,Tampa Electric Co,FL,7155.8,60,False
15470,"Duke Energy Indiana, LLC",IN OH,7120.6,45,True
11208,Los Angeles Department of Water & Power,CA UT WA,7110.5,69,False
733,Appalachian Power Co,IL OH VA WV,6863.0,46,False
17698,Southwestern Electric Power Co,AR LA OK TX,6640.0,22,False
13407,Nevada Power Co,NV,6478.3,55,False
13994,Oglethorpe Power Corporation,GA,6472.2,40,True
1307,Basin Electric Power Coop,MT ND SD WY,6342.6,57,False
20847,Wisconsin Electric Power Co,MI WI,6290.9,89,False
17539,"Dominion Energy South Carolina, Inc",GA SC,6212.9,59,True
15474,Public Service Co of Oklahoma,KS OK,6030.8,39,True
15296,New York Power Authority,NY,5895.9,76,False
20856,Wisconsin Power & Light Co,IA MN WI,5775.3,55,False
10000,Evergy Metro,KS MO,5608.5,27,True
924,"Associated Electric Coop, Inc",AR MO OK,5548.3,24,False
17718,Southwestern Public Service Co,NM TX,5424.5,22,False
17543,South Carolina Public Service Authority,SC,5281.5,42,False
65411,Deriva Energy,AZ CA CO FL IA ID KS MS NC NM NY OK PA TX WI WY,5256.0,91,True
11249,Louisville Gas & Electric Co,KY,5083.0,24,False
9324,Indiana Michigan Power Co,IN MI,4942.6,50,False
56201,Engie North America,CA CT KS OK SD TX,4924.9,43,True
22500,"Evergy Kansas Central, Inc",KS MO OK,4745.3,31,True
9417,Interstate Power and Light Co,IA,4537.0,43,False
61012,AES Distributed Energy,AZ CA CO GA HI ID IL IN MA ME MI NC NE NJ NY PA RI SD TX UT VA WV WY,4417.5,259,False
57170,"EDF Renewable Asset Holdings, Inc.",CA HI IA IL KS MN NV NY OH OK OR TX,4250.8,30,False
11269,Lower Colorado River Authority,TX,4208.1,39,False
12686,Mississippi Power Co,MS,4203.5,22,False
60477,LaFrontera Holdings LLC,TX,4159.6,20,False
64904,AES Clean Energy,AZ CA CO IL LA MA MD ME MI MO MS NY PA RI VA,4153.7,57,False
3265,Cleco Power LLC,LA,4112.4,16,True
64225,Energy Harbor Nuclear Generation LLC,OH PA,4083.6,4,True
15248,Portland General Electric Co,MT OR WA,4079.8,68,True
56505,National Grid Generation LLC,NY,3945.4,50,True
63047,KeyCon Operating LLC,PA,3846.2,12,False
10171,Kentucky Utilities Co,KY,3755.2,19,False
15478,PSEG Nuclear LLC,NJ,3672.5,4,True
55937,Entergy Texas Inc.,MS TX,3614.2,27,True
56545,Pattern Operators LP,CA IN KS MO MT NM NV TX,3595.1,18,True
14127,Omaha Public Power District,NE,3539.6,29,False
50123,"Leeward Asset Management, LLC",AZ CA CO IL NC NJ NM OH PA TN TX,3535.9,36,False
9273,AES Indiana,IN,3504.6,23,True
5580,"East Kentucky Power Coop, Inc",KY,3494.6,35,False
12796,Monongahela Power Co,WV,3234.2,8,False
15500,Puget Sound Energy Inc,MT WA,3217.5,41,True
13337,Nebraska Public Power District,NE,3008.5,19,False
24211,Tucson Electric Power Co,AZ NM,2986.6,34,True
9617,JEA,FL,2941.0,15,True
9191,Idaho Power Co,ID OR,2894.6,61,False
20860,Wisconsin Public Service Corp,IA MI WI,2862.2,60,False
12685,Entergy Mississippi LLC,MS,2832.1,12,True
17609,Southern California Edison Co,CA,2827.4,125,False
61944,MN8 Energy LLC,AL AZ CA CO CT DC IL KY MA MD ME MN NC NJ NM NV NY OR PA RI TX UT VT,2817.5,218,False
14610,Orlando Utilities Comm,FL,2793.8,14,False
21554,Seminole Electric Cooperative Inc,FL,2751.1,12,True
21535,STP Nuclear Operating Co,TX,2708.6,2,False
30151,"Tri-State G & T Assn, Inc",CO NM,2703.3,22,False
62759,Geronimo Power,IL KY MI MN OH SD TX WI,2689.0,89,False
61135,"Gavin Power, LLC",OH,2600.0,2,False
62842,"Lightsource Renewable Energy Asset Management, LLC",AL AR CA CO IN KS LA NM OH PA TX,2574.1,30,False
19635,USACE-Omaha,MT ND NE SD,2539.8,36,False
14266,TalenEnergy Susquehanna LLC,PA,2532.0,2,False
60453,Onward Energy,AZ CA CO CT FL GA IN ME MS ND TN TX UT WA WY,2419.3,42,True
11252,Louisiana Generating LLC,LA,2395.7,7,False
17568,Cooperative Energy,MS,2379.4,23,False
67582,"Intersect USA, LLC",CA TX,2378.8,11,True
13756,Northern Indiana Pub Serv Co,IN,2329.1,15,False
40229,Old Dominion Electric Coop,MD VA,2282.0,31,False
5221,Dominion Energy Nuclear Conn Inc,CT,2259.9,2,True
67826,"Parkway Generation Operating, LLC",NJ,2247.8,22,False
5701,El Paso Electric Co,NM TX,2247.2,24,False
807,Arkansas Electric Coop Corp,AR,2176.7,29,False
16534,Sacramento Municipal Util Dist,CA,2171.7,29,False
14624,PUD No 2 of Grant County - (WA),WA,2170.0,20,False
12384,Midwest Generations EME LLC,IL,2157.6,14,False
61130,Ravenswood Operations LLC,NY,2095.5,5,False
189,PowerSouth Energy Cooperative,AL,2070.9,19,False
62806,Guernsey Power Station LLC,OH,2055.0,3,False
16868,City of Seattle - (WA),WA,2048.5,22,False
3413,PUD No 1 of Chelan County - (WA),WA,2037.8,32,False
5860,Empire District Electric Co,KS MO,1987.8,20,False
54863,"Astoria Generating Company, L.P.",NY,1950.0,52,False
56609,Calpine Mid-Atlantic Generation LLC,DE MD VA,1948.8,27,False
22053,Kentucky Power Co,KY WV,1913.1,3,False
61412,Cardinal Operating Company,OH,1880.4,3,False
17166,Sierra Pacific Power Co,NV,1855.8,16,False
12492,Midland Cogeneration Venture,MI,1853.8,16,False
54802,Dynegy -Moss Landing LLC,CA,1848.0,8,False
7349,"Golden Spread Electric Cooperative, Inc",TX,1838.1,28,True
64576,"Chalk Point Power, LLC",MD,1825.0,8,False
12647,"ALLETE, Inc.",MN ND,1804.3,51,False
64701,Oswego Harbor Power,NY,1803.6,2,False
58468,Dominion Renewable Energy,CA NC OH SC VA,1782.7,38,True
14232,Otter Tail Power Co,MN ND SD,1774.9,16,False
15330,Prairie State Generating Co LLC,IL,1766.0,2,False
15534,TalenEnergy Montour LLC,PA,1757.9,2,False
65389,Linden Combined Cycle,NJ,1740.0,10,False
12501,Midlothian Energy LLC,TX,1734.0,6,False
61060,Cypress Creek Renewables,CO GA IN MD MN NC OR PA SC TX VT,1723.5,176,True
7490,Grand River Dam Authority,OK,1712.0,20,False
15276,TalenEnergy Martins Creek LLC,PA,1701.0,2,False
57416,"Acciona Energy USA Global, LLC",IL OH TX,1653.7,8,False
15298,Talen Montana LLC,MT,1647.4,2,True
55963,Clearlight Energy Holdings LP,CO ID IN KS PA SD,1642.1,12,False
7570,Great River Energy,MN ND,1628.9,27,True
15537,Brunner Island LLC,PA,1616.1,3,False
63843,"Ormond Beach Power, LLC",CA,1612.0,2,False
64366,Terra-Gen Operating Co-Hybrid,CA,1606.8,20,True
57377,Temple Generation Holdings LLC,TX,1606.4,6,False
3255,California Dept. of Water Resources,CA,1589.3,29,False
59359,"BHE Renewables, LLC",IL KS NE TX,1571.2,8,False
20169,Avista Corp,ID MT OR WA,1540.8,42,True
7160,Geysers Power Co LLC,CA,1515.4,17,False
61708,Canal Generating LLC,MA,1495.0,3,False
56608,Calpine Mid-Merit LLC,PA,1449.4,7,False
12465,"System Energy Resources, Inc",MS,1440.0,1,False
60025,Greenbacker Renewable Energy Corporation,AR CA CO DC IA ID IL MA MD ME MI MN MT NC NJ NV NY OR PA RI SD UT VT WI,1435.4,139,False
66973,Cottonwood Energy Company LP,TX,1433.6,8,False
59924,Dynegy Hanging Rock Energy Facility,OH,1429.8,6,False
15473,Public Service Co of NM,NM,1417.6,17,True
19375,USCE-Savannah District,GA SC,1409.9,20,False
40577,"American Mun Power-Ohio, Inc",KY OH PA WV,1370.9,99,True
60421,Brandon Shores LLC,MD,1370.2,2,False
10362,Kiowa Power Partners LLC,OK,1370.0,6,False
65851,"Omnis Pleasants, LLC",WV,1368.0,2,False
20447,"Western Farmers Elec Coop, Inc",NM OK,1355.8,22,False
55729,Duke Energy Kentucky Inc,KY OH,1352.5,11,False
61786,"Edgewater Generation, LLC",PA,1338.0,6,False
59918,Dynegy Kincaid Generation,IL,1319.0,2,False
59050,Algonquin Power Co,CA IL MN PA TX,1318.7,9,False
5310,Doswell Ltd Partnership,VA,1313.0,9,False
56534,Cricket Valley Energy Center LLC,NY,1312.5,6,False
55906,NextEra Energy Point Beach LLC,WI,1311.0,3,True
9269,Indiana-Kentucky Electric Corp,IN,1303.8,6,False
58764,"Origis Energy USA, Inc",AL FL MA MS NM TX,1300.6,13,True
63601,"CPV Three Rivers, LLC",IL,1300.0,2,False
20893,Wolf Creek Nuclear Optg Corp,KS,1296.3,1,False
2770,Terra-Gen Operating Co-Wind,CA TX,1294.1,26,True
62787,"Jackson Generation, LLC",IL,1288.6,2,False
66085,"Jack County Power, LLC",TX,1280.0,6,False
32790,"New Harquahala Generating Co, LLC",AZ,1277.1,6,False
5248,Dominion Energy Inc.,NC SC VA,1275.8,24,True
17633,Southern Indiana Gas & Elec Co,IN,1265.7,13,False
59496,ALLETE Clean Energy,IA MN MT ND OK OR PA,1262.5,15,False
5517,Dynegy Midwest Generation Inc,IL,1259.6,2,False
57141,Dynegy Kendall Energy LLC,IL,1256.0,8,False
6541,Formosa Plastics Corp,TX,1243.4,15,False
64082,"Bowline, LLC",NY,1242.0,2,False
6854,NextEra Energy Seabrook LLC,NH,1242.0,1,True
5511,CCI Roseton LLC,NY,1242.0,2,False
58185,"FirstLight Power Resources, Inc. - MA",MA,1237.4,16,False
61137,"Lawrenceburg Power, LLC",IN,1232.0,6,False
32173,New Athens Generating Company LLC,NY,1221.6,6,False
65448,"Generation Bridge II Connecticut, LLC",CT,1217.8,6,False
65146,Rainbow Energy Center,ND,1215.6,4,False
2897,Oneta Power LLC,OK,1214.0,6,False
60131,"South Field Energy, LLC",OH,1210.4,4,False
59380,"Enel Green Power NA, Inc.",MN MO OK TX,1203.4,23,False
67395,Energy Northwest- Columbia,WA,1200.0,1,True
60350,"CPV Fairview, LLC",PA,1197.0,3,False
60162,"Hummel Station, LLC",PA,1194.4,4,False
1692,Big Rivers Electric Corp,KY,1194.2,4,True
27813,USCE-Mobile District,AL FL GA,1185.7,27,False
59919,Luminant Miami Fort,OH,1180.8,6,False
19547,Hawaiian Electric Co Inc,HI,1177.7,24,False
4994,Deer Park Energy Center,TX,1176.0,6,False
61395,"Indeck Niles, LLC",MI,1174.4,3,False
17254,Sithe/Independence LLC,NY,1157.8,6,False
61173,CXA La Paloma LLC,CA,1156.0,4,False
56607,Calpine Bethlehem LLC,PA,1153.0,8,False
67818,"MPH Elwood, LLC",IL,1152.0,6,False
16124,Riverside Generating Co LLC,KY,1150.0,5,False
65265,Repsol Renewables NA,NM TX,1135.0,5,False
60249,"Tenaska Pennsylvania Partners, LLC",PA,1134.0,3,False
18315,Sunflower Electric Power Corp,KS,1128.5,24,False
3989,City of Colorado Springs - (CO),CO,1115.2,17,False
22148,AES Alamitos LLC,CA,1115.0,3,False
59675,Moxie Freedom LLC,PA,1105.0,2,False
66100,Boralex US Operations LLC,AL CA IN NM TX,1103.2,13,False
61919,Kimura Power LLC,IN OH,1102.8,34,False
18535,Tenaska Georgia Partners LP,GA,1099.2,6,False
19647,USCE-Little Rock District,AR MO,1089.2,27,False
57045,Guadalupe Power Partners LP,TX,1088.2,6,False
14015,Ohio Valley Electric Corp,OH,1086.5,5,False
60503,Aurora Generation LLC,IL,1086.2,10,False
5347,Dow Chemical Co,LA,1084.8,7,False
65239,"Hallador Power Company, LLC",IN,1080.0,2,False
63117,Gemini Solar,NV,1070.0,2,False
14306,Westlake 2 US LLC,LA,1068.6,17,False
59534,Oregon Clean Energy Center,OH,1061.5,4,False
17566,South Houston Green Power LLC,TX,1052.1,8,False
3522,Chugach Electric Assn Inc,AK,1044.9,23,False
4716,Dairyland Power Coop,WI,1038.1,9,False
6763,Freestone Power Generation LLC,TX,1036.0,6,False
60659,"Hickory Run Energy, LLC",PA,1033.7,3,False
12698,Evergy Missouri West,MO,1029.3,18,True
1015,Austin Energy,TX,1029.0,18,True
64976,Great Prairie Wind LLC,TX,1027.0,1,False
18569,Tenaska Virginia Partners LP,VA,1011.4,4,False
55861,Sandy Creek Energy Associates LP,TX,1008.0,1,False
63805,50LW 8me LLC,CA,1000.0,2,False
61905,Oleander Holdings LLC,FL,994.4,5,False
1074,"Hays Energy, LLC",TX,989.0,4,False
54810,Broad River Energy LLC,SC,985.0,5,False
20910,Wolverine Power Supply Coop,MI,984.8,15,False
56558,Rolling Hills Generating LLC,OH,977.5,5,False
3890,EFS Cogen Holdings I LLC,NJ,974.1,9,False
62032,Granite Shore Power,NH,968.2,8,False
63082,ProEnergy Services,TX,968.0,16,False
772,Archer Daniels Midland Co,IA IL MN NC ND NE,965.2,25,False
60170,"Clean Energy Future-Lordstown, LLC",OH,962.0,3,False
18445,City of Tallahassee - (FL),FL,961.8,13,False
60431,"MRP Generation Holdings, LLC",CA,960.0,4,False
64030,"Lincoln Operating Services, LLC",IL,955.5,8,False
61230,"Arevon Energy, Inc.",AZ CA FL IL MD ME NE NJ NV NY TN VA,955.0,44,True
19462,USCE-Nashville District,KY TN,947.6,28,False
5030,Delta Energy Center LLC,CA,943.5,4,False
18611,Tenaska Frontier Partners Ltd,TX,939.7,4,False
18518,Tenaska Gateway Partners Ltd,TX,939.6,4,False
2838,Baytown Energy Center LLC,TX,932.9,4,False
64778,"Strata Manager, LLC",CA MO NC VT WA,930.5,162,False
3370,Channel Energy Center LLC,TX,923.8,4,False
16609,San Diego Gas & Electric Co,CA,922.8,21,False
61136,"Waterford Power, LLC",OH,921.6,4,False
17833,City Utilities of Springfield - (MO),MO,918.3,8,False
56380,EIF Channelview Cogeneration LLC,TX,918.3,5,False
67509,SunStrong Management,NC OR SC,904.7,80,False
2929,Decatur Energy Center LLC,AL,902.4,4,False
40613,Northern California Power Agny,CA,900.0,15,False
29122,Morgan Energy Center LLC,AL,900.0,4,False
61913,"Hunterstown Generation, LLC",PA,898.0,4,False
13914,Occidental Chemical Corporation,LA,894.2,4,False
65417,GB II New York LLC,NY,893.1,4,False
13192,"Arthur Kill Power, LLC",NY,877.5,2,False
59368,"Calpine Fore River Energy Center, LLC",MA,872.2,3,False
58417,Hamilton Liberty O&M LLC,PA,870.0,2,False
64025,"Hamilton Operating Services, LLC",PA,870.0,2,False
5326,PUD No 1 of Douglas County - (WA),WA,866.8,10,False
31719,FPL Energy Wyman LLC,ME,862.7,5,False
62026,"Mountain Creek Power, LLC",TX,852.2,3,False
10623,City of Lakeland - (FL),FL,850.1,36,False
59139,SunEdison LLC,CA IL MA NE NJ TX,846.6,14,False
56865,Shepherds Flat Wind LLC,OR,845.0,3,False
13683,North Carolina El Member Corp,NC,843.2,59,False
19002,"CPV Towantic, LLC",CT,841.5,3,False
10576,Lake Road Generating Co LP,CT,840.0,3,False
6693,Marcus Hook Energy LP,PA,836.1,4,False
7004,"Buckeye Power, Inc",OH,832.7,7,True
59541,Carroll County Energy LLC,OH,832.3,3,False
60100,Parkway Generation Keys Energy Center LLC,MD,830.6,3,False
796,Arizona Electric Pwr Coop Inc,AZ CA,829.5,16,False
56635,Marsh Landing LLC,CA,828.0,4,False
61785,EDP Renewables North America LLC,AZ CA CO IN NV,827.5,7,False
34691,Ormat Nevada Inc,CA MN MT NV,826.2,63,False
261,AGC Division of APGI Inc,IN,822.8,4,False
55987,CER Generation LLC,AL,822.8,3,False
21668,Wise County Power Company LLC,TX,821.7,3,False
22131,Red Oak Operating Services LLC,NJ,821.1,4,False
11059,Pasadena Cogeneration LP,TX,815.0,5,False
64709,Potomac Energy Center LLC,VA,812.0,3,False
66469,"Holtec Palisades, LLC",MI,811.8,1,False
55924,"Longview Power, LLC",WV,807.5,1,False
55899,"Thad Hill Energy Center, LLC",TX,807.0,5,False
65856,Rayburn Energy Station LLC,TX,803.2,3,False
2877,Calpine Corp-Magic Valley,TX,801.0,3,False
15143,Platte River Power Authority,CO,800.4,6,False
56887,Sentinel Energy Center LLC,CA,800.0,8,False
59928,Salem Harbor Power Development LP,MA,798.2,4,False
56386,Essential Power Operating Services LLC,MD,795.6,4,False
66991,CAMS (Georgia) Washington County Power,GA,795.6,4,False
56533,Troy Energy LLC,OH,795.6,4,False
88,Granite Ridge Energy LLC,NH,790.0,3,False
313,"Wolf Hollow I Power, LLC",TX,788.4,3,False
12490,Middletown Power LLC,CT,786.4,4,False
4226,Consolidated Edison Co-NY Inc,NY,785.4,10,False
57109,St Joseph Energy Center LLC,IN,780.0,3,False
2820,Calpine Corp - Pastoria Energy Center,CA,779.0,5,False
61121,Helix Ironwood LLC,PA,777.6,3,False
56031,CPV Maryland LLC,MD,775.3,3,False
60422,H.A. Wagner LLC,MD,773.7,2,False
57166,Woodbridge Energy Center,NJ,772.9,3,False
56204,"CPV Valley, LLC",NY,770.5,3,False
19281,Turlock Irrigation District,CA,766.0,23,False
9216,Imperial Irrigation District,CA,761.4,31,False
56236,West Deptford Energy LLC,NJ,754.6,3,False
62023,Skeleton Creek Energy Center,OK,752.0,3,False
65652,"Sonoran Solar Energy, LLC",AZ,750.0,2,False
66217,Copia Power,AZ,750.0,3,True
4945,Dearborn Industrial Gen Inc,MI,747.9,4,False
59155,"Evergreen Wind, LLC",HI MA ME NY TX UT VT,747.2,26,False
60281,"Altus Power America Management, LLC",CA CO DC FL GA HI IA IL IN MA MD ME MN NC NJ NM NV NY OH PA RI SC UT VT WA WI,742.9,262,False
63705,"MEC Holdings, LLC",MN,740.8,3,False
6909,Gainesville Regional Utilities,FL,740.2,10,False
50063,FPL Energy Horse Hollow LLC,TX,735.5,3,False
66103,Hartree Partners LP,NJ,735.0,3,False
12658,"Minnkota Power Coop, Inc",ND,734.0,2,False
19099,TransAlta Centralia Gen LLC,WA,730.9,2,False
55649,Ontelaunee Energy Center,PA,728.0,3,False
39125,Vandolah Power Co LLC,FL,728.0,4,False
56928,LSP University Park LLC,IL,726.0,12,False
18429,City of Tacoma - (WA),WA,724.8,21,False
67226,Magnolia Power Holdings LLC,LA,722.9,1,False
58905,NRG Energy Services - Plum Point,AR,720.0,1,True
59922,Dynegy Washington Energy Facility,OH,714.9,3,False
59923,"Fayette Power Company, LLC",PA,714.9,3,False
5914,Erie Boulevard Hydropower LP,NY,714.8,174,False
56812,Arlington Valley LLC,AZ,713.0,3,False
14274,Otay Mesa Energy Center LLC,CA,710.7,3,False
50157,South Point Energy Center LLC,AZ,708.0,3,False
10376,Kissimmee Utility Authority,FL,706.0,7,False
49974,NAES Corporation - (WA),IL,702.1,3,False
61670,"AES Huntington Beach Energy, LLC",CA,699.2,3,False
3542,Duke Energy Ohio Inc,IN OH,696.0,10,False
55993,"Kleen Energy Systems, LLC",CT,693.0,3,False
50094,Lincoln Generating Facility LLC,IL,692.0,8,False
59921,Lee County Generating Station - (IL),IL,692.0,8,False
66992,CAMS (Georgia) AL Sandersville,GA,692.0,8,False
12363,Mesquite Power LLC,AZ,691.6,3,False
7869,Hermiston Power Partnership,OR,689.4,3,False
61903,Stanton Clean Energy LLC,FL,688.3,3,False
56412,Armstrong Power LLC,PA,688.0,4,False
11479,Madison Gas & Electric Co,IA WI,686.9,23,True
60789,"Essential Power Operating Company, LLC",NJ,686.0,5,False
18320,Sunrise Power Co LLC,CA,685.2,3,False
9267,"Hoosier Energy R E C, Inc",IL IN,683.2,27,True
54874,Lea Power Partners LLC,NM,681.5,4,False
65550,"Nova Power, LLC",CA,680.0,5,False
57280,"Eagle Creek Renewable Energy, LLC",CA CO IL MA ME MI MN NC NH NJ NY OH OR PA VA VT WA WI WV,678.9,207,False
2843,Los Medanos Energy Center LLC,CA,678.3,3,False
61669,"AES Alamitos Energy, LLC",CA,678.0,3,False
6090,ExxonMobil Oil Corp,TX,677.8,10,False
54765,Bear Swamp Power Company LLC,MA,677.2,3,False
2171,Brazos Valley Energy,TX,675.6,3,False
62064,"Hill Top Energy Center, LLC",PA,664.7,1,False
55958,Capricorn Ridge Wind LLC,TX,662.5,4,False
17554,"South Carolina Genertg Co, Inc",SC,659.7,1,False
58847,NRG California Peaker Operations LLC,CA,659.0,5,True
54915,"Dogwood Power Management, LLC",MO,655.2,3,False
56090,Griffith Energy LLC,AZ,655.0,3,False
54890,Russell City Energy Company LLC,CA,655.0,3,False
56765,CER Colorado Bend Energy Partners LP,TX,654.1,8,False
56480,Empire Generating Co LLC,NY,653.7,3,False
11275,Lower Mount Bethel Energy LLC,PA,651.6,3,False
56991,Astoria Energy II LLC,NY,650.0,3,False
56267,Bayonne Energy Center LLC,NJ,644.0,10,False
55879,Odyssey Operating Services,TX,643.6,7,False
61267,Springdale Energy LLC,PA,643.6,5,False
65295,"High Banks Wind, LLC",KS,643.4,1,False
20323,"Wellhead Services, Inc",CA,638.4,16,False
60432,"Middle River Power II, LLC",VA WV,638.4,11,False
61677,Sol Systems,IL LA NC TX,636.6,29,False
22650,Calpine Corp-Sutter,CA,636.0,3,False
11806,Massachusetts Mun Wholes Electric Co,MA,635.1,17,False
2799,Calpine Corp - Metcalf Energy Center,CA,635.0,3,False
27470,USCE-Tulsa District,OK TX,633.1,22,False
56771,Black Hills Service Company LLC,CO WY,632.5,14,True
63044,"Shawville Power, LLC",PA,632.0,7,False
34164,Elk Hills Power LLC,CA,623.0,3,False
56570,Coleto Creek Power LP,TX,622.4,1,False
8503,Hermiston Generating Co LP,OR,621.2,4,False
19545,"Black Hills Power, Inc.",SD WY,621.0,16,True
14372,Klamath Energy LLC,OR,619.1,7,False
17583,"South Texas Electric Coop, Inc",TX,618.8,42,False
49768,"Bastrop Energy Partners, LP",TX,618.7,3,False
65502,"Five Wells Solar Center, LLC",TX,617.9,2,False
520,Illinois Power Generating Co,IL,617.4,1,False
27031,Liberty Electric Power LLC,PA,614.0,3,True
62161,"Cubico USA, LLC",AR MS NC SC TX,612.2,7,False
63858,"Valcour Operating Services, LLC",NY,612.0,6,False
4210,Cordova Energy Co LLC,IL,611.2,3,False
65391,Parkway Generation Sewaren Urban Renewal Entity LLC,NJ,609.5,2,False
13538,"Essential Power Operating Services, LLC",NH,605.5,3,False
66086,RW Miller Power LLC,TX,603.6,5,False
59875,Olin Blue Cube Operations,TX,603.1,6,False
65371,Apex Generating Station,NV,600.6,3,False
57503,Limon,CO,600.6,3,False
64545,Vesper Energy Development LLC,TX,600.0,1,False
65368,"Eleven Mile Solar Center, LLC",AZ,600.0,2,False
66152,"Sun Streams Expansion, LLC",AZ,600.0,2,False
63289,Key Capture Energy,NY TX,599.7,12,True
65552,Terra-Gen Operating Co-BESS 2,CA,599.6,8,True
21191,Zion Energy LLC,IL,596.7,3,False
6832,RISEC Operating Services,RI,596.0,3,False
22979,Astoria Energy LLC,NY,595.0,3,False
57160,The Dow Chemical Company,TX,594.9,4,False
13100,Municipal Electric Authority - (GA),GA,594.1,3,False
4383,Corpus Christi Cogeneration LLC,TX,593.3,3,False
65651,"Double Back Diamond Solar Power, LLC",IL,592.8,1,False
6091,Exxon Mobil Refining and Supply Co.,TX,591.1,12,False
58453,AltaGas Blythe Operations Inc,CA,591.0,3,False
59874,Topaz Solar Farms LLC,CA,585.9,5,False
61781,Seward Generating LLC,PA,585.0,1,False
65777,Urban Grid Solar,MD PA VA,579.9,7,False
12568,Milford Power Co LLC,CT,578.0,2,False
641,Bellingham Power Generation LLC,MA,578.0,2,False
656,ANP Blackstone Energy Company LLC,MA,578.0,2,False
56195,BP Alternative Energy,IN,576.8,3,False
5259,"Elwood Energy, LLC",IL,576.0,3,False
4161,"Constellation Power Source Generation, LLC",MD,575.1,9,True
22214,Sweeny Cogeneration LLC,TX,572.0,4,False
2507,City of Burbank Water and Power - (CA),CA WA,571.6,7,False
13670,"Northeast Texas Elec Coop, Inc",TX,570.0,3,False
61134,"Darby Power, LLC",OH,564.0,6,False
2891,Westbrook Energy Center,ME,563.9,3,False
62046,"High Lonesome Wind Power, LLC",TX,562.8,3,False
61122,"Great River Hydro, LLC",MA NH VT,562.6,44,True
6958,City of Garland - (TX),TX,557.0,7,False
63239,Vermillion Power LLC,OH,555.6,7,False
59527,"CalPeak Power, LLC",CA,555.3,9,False
3131,Carville Energy LLC,LA,555.0,3,False
2934,Calpine Corp - Hidalgo,TX,551.3,3,False
56766,"Quail Run Energy Partners, LP",TX,550.4,6,False
4966,Casco Bay Energy Co LLC,ME,550.2,3,False
55918,Acciona Wind Energy USA LLC,IL ND OK,547.4,5,False
59123,"Carolina Power Partners, LLC",NC,543.9,2,False
59124,"Ohio Power Partners, LLC",OH,543.9,2,False
40192,Shady Hills Power Co LLC,FL,541.2,3,False
58971,Danskammer Energy,NY,537.4,6,False
63227,NRG Energy Services LLC,CA,537.4,4,True
5695,Desert Star Energy Center SDG&E,NV,537.3,3,False
56020,NRG Cedar Bayou Development Company LLC,TX,535.5,3,True
64629,Clearway Renewable Operation & Maintenance LLC,UT,530.4,7,True
6519,Frontera Generation Limited Partnership,TX,529.0,3,False
40230,Deseret Generation & Tran Coop,UT,526.9,3,False
7724,MRP San Joaquin Energy LLC.,CA,526.3,7,False
60672,Birdsboro Power LLC,PA,525.0,1,False
62993,"Aviator Wind, LLC",TX,525.0,1,False
67640,Faraday Solar B LLC,UT,525.0,1,False
61762,Long Ridge Energy Generation LLC,OH,521.9,1,False
2232,Bridgeport Energy LLC,CT,520.0,3,False
26469,Ingleside Cogeneration LP,TX,517.0,3,False
63350,"Manchester Street, LLC.",RI,515.0,6,False
12199,Montana-Dakota Utilities Co,MT ND,514.3,13,False
64536,Clearway Energy Operating LLC,CA WV,513.8,7,True
3593,"Choctaw Generation L.P, L.L.L.P.",MS,513.7,1,False
63033,"Gilbert Power, LLC",NJ,512.0,6,False
11018,Lincoln Electric System,NE,509.4,13,False
9996,City of Kansas City - (KS),KS,508.6,4,False
58451,"McCoy Solar, LLC",CA,500.6,9,False
64288,"White Mesa Wind, LLC",TX,500.6,1,False
59980,Walnut Creek LLC,CA,500.0,5,False
64409,"Hecate Energy Ramsey, LLC",TX,500.0,1,True
65013,"Young Wind, LLC",TX,500.0,1,False
67151,"Pine Forest Solar I, LLC",TX,500.0,2,False
5374,Dow Chemical Company-Oyster Creek VIII,TX,497.9,4,False
22380,Montville Power LLC,CT,495.3,4,False
66462,Dunns Bridge II Solar and Storage Generation LLC,IN,491.3,2,False
60504,Rockford Generation LLC,IL,484.0,3,False
60168,"Shelby County Energy Center, LLC",IL,483.0,8,False
67412,"Parliament Solar, LLC",TX,480.0,2,False
67269,Westlands Solar Blue,CA,475.0,2,False
12667,Minnesota Municipal Power Agny,MN,474.0,9,False
63968,"Mockingbird Solar Center, LLC",TX,471.0,1,False
63784,"Azure Sky Wind Project, LLC",TX,470.2,2,False
7667,Gregory Power Partners LLC,TX,469.8,3,False
57359,Richland-Stryker Generation LLC,OH,469.0,7,False
49791,Eastman Cogeneration LP,TX,467.7,3,False
12745,Modesto Irrigation District,CA,465.4,15,False
56815,NorthWestern Energy (MT wind/thermal),MT WY,464.5,26,True
62047,"Roadrunner Solar, LLC",TX,463.3,3,False
13902,NorthWestern Energy (MT Hydro),MT,461.2,36,True
63012,"2W Permian Solar, LLC",TX,460.0,2,False
60797,68SF 8me LLC,CA,459.6,2,False
60798,69SV 8me LLC,CA,458.0,2,False
9234,Indiana Municipal Power Agency,IN,457.3,51,False
64574,Yards Creek Energy,NJ,453.0,3,False
22652,Texas City Cogeneration LLC,TX,450.0,4,False
59656,Desert Quartzite LLC,CA,450.0,2,False
62921,Arroyo Solar LLC,NM,450.0,2,False
63427,"Neptune Energy Center, LLC",CO,450.0,2,False
49981,Diamond Generating Corporation,CA,449.1,9,False
64365,Daggett Solar Power 3 LLC,CA,449.0,2,False
20541,Wheelabrator Environmental Systems,CT MA MD NH NJ NY PA,447.0,12,False
16909,Selkirk Cogen Partners LP,NY,446.0,5,False
49896,"Nevada Gold Energy, LLC",NV,442.0,3,False
59524,Seneca Generation LLC,PA,437.9,3,False
56019,"Panoche Energy Center, LLC",CA,432.0,4,False
22290,Sayreville Power Generation LP,NJ,430.2,3,False
63755,"Old 300 Solar Center, LLC",TX,430.0,1,False
66151,"Sun Streams PVS, LLC",AZ,430.0,2,False
12713,"Millennium Power Company, LLC",MA,427.5,2,False
60048,PHR Holdings LLC,TX,427.2,6,False
16612,City & County of San Francisco - (CA),CA,421.6,9,False
62085,Mesquite Star Special LLC,TX,418.9,1,False
17828,City of Springfield - (IL),IL,418.2,7,False
5761,Ennis Power Company LLC,TX,418.0,2,False
59364,Safe Harbor,PA,417.5,14,False
64383,"Bayou Cove Peaking Power, LLC",LA,416.0,4,False
64287,Terra-Gen Operating Co-BESS,CA,416.0,4,True
4194,Commonwealth Chesapeake Co LLC,VA,414.5,7,False
6616,Fort Pierce Utilities Authority,FL,411.4,2,False
16624,"San Miguel Electric Coop, Inc",TX,410.0,1,False
65759,Ash Creek,TX,408.9,1,False
867,ARCO Products Co-Watson,CA,405.0,6,False
7353,Golden Valley Elec Assn Inc,AK,403.7,14,False
327,Air Liquide Large Industries U S LP,LA TX,402.3,5,False
66634,Sequoia 1 Solar Project,TX,401.4,1,False
54759,Mesquite Wind LLC,TX,400.0,2,False
65014,"Waco Solar, LLC",TX,400.0,1,False
65131,"Mammoth North, LLC",IN,400.0,1,False
66317,"Kola Energy Storage, LLC",CA,400.0,2,False
64996,"Arica Solar, LLC",CA,399.0,2,False
63128,"Jordan Creek Wind Farm, LLC",IN,398.6,1,False
56895,Pio Pico Energy Center LLC,CA,395.4,3,False
57499,NRG Energy Services,CA,392.8,3,True
306,Brookfield Smoky Mountain Hydropower LP,NC TN,391.4,13,False
66129,"Cedar Springs Wind IV, LLC",WY,390.4,1,False
66337,Exus New Mexico,NM,387.9,11,False
8245,City of Hastings - (NE),NE,386.8,6,False
59960,"MPC Generating, LLC",GA,386.1,2,False
21970,Northeast Energy Associates LP,MA,386.1,3,False
66226,"Serrano Solar, LLC",AZ,383.8,2,False
61194,Generate Capital,IL MN NY,383.6,115,False
55749,Pleasants Energy LLC,WV,382.8,2,False
19558,Homer Electric Assn Inc,AK,382.0,11,False
14254,Oxy Vinyls LP,TX,380.7,4,False
60662,WCAC Operating Company,CA,379.4,11,False
10005,"Evergy Kansas South, Inc",KS,378.0,4,True
49899,CalEnergy Operating Corporation,CA,377.3,13,False
60638,"Victoria WLE, LP",TX,376.9,2,False
57355,Stephens Ranch Wind Energy LLC,TX,376.0,2,False
56990,NJR Clean Energy Ventures Corporation,CT IN MI NJ NY PA RI,372.6,68,False
21140,Yuba County Water Agency - (CA),CA,371.9,4,False
63773,Orsted Onshore North America,TX,366.6,1,True
64896,Clearwater Energy Resources LLC,MT,365.5,1,False
63032,"Brunot Island Power, LLC",PA,365.4,5,False
64144,Arlington Energy Center II,CA,365.0,3,False
3702,Clarksdale Public Utilities,MS,361.6,8,False
56155,Lansing Board of Water and Light,MI,361.2,7,False
56691,Garrison Energy Center LLC,DE,361.0,2,False
65431,"Ector County Generation, LLC",TX,358.8,2,False
61950,Terra-Gen Operating Co-Solar,CA,358.5,5,True
50166,Crete Energy Venture LLC,IL,356.0,4,False
63031,"New Castle Power, LLC",PA,354.4,5,False
57043,University Park Energy LLC,IL,353.4,6,False
61037,"Foard City Wind, LLC",TX,352.8,1,False
65394,"Proxima Solar, LLC",CA,352.0,2,False
61227,Nautilus Solar Solutions,CA CO DE MA MD ME MN NY RI,350.5,125,False
56927,Wallingford Energy LLC,CT,350.0,7,False
62916,Mohave County Wind Farm,AZ,350.0,1,False
64513,RE Crimson LLC,CA,350.0,2,False
65859,EDPR Scarlet II LLC,CA,350.0,2,False
65875,"Washington County Solar, LLC",GA,350.0,2,False
56598,"Major Oak Power, LLC",TX,349.2,2,False
49950,"Caithness Long Island, LLC",NY,348.9,2,False
63454,"Thunder Wolf Energy Center, LLC",CO,348.0,2,False
59396,Agua Caliente Solar,AZ,347.7,3,False
56606,Calpine New Jersey Generation LLC,NJ,344.0,3,False
62659,BMP Wind LLC,TX,340.0,1,False
63545,"Golden Fields Solar III, LLC",CA,339.0,2,False
62113,"Sage Draw Wind, LLC",TX,338.4,1,False
64251,TG East Wind Project LLC,TX,336.0,1,False
66018,"Excel Advantage Services, LLC",TX,331.6,1,False
12208,City of McPherson - (KS),KS,330.4,4,False
64744,"Boswell Wind, LLC",WY,329.8,1,False
66361,Stampede Solar Project LLC,TX,328.1,2,False
64575,"Dickerson Power, LLC",MD,326.0,2,False
65168,"Desert Peak Energy Storage I, LLC",CA,325.0,1,False
56605,Delaware City Refining Company LLC,DE,324.0,6,False
65578,Shamrock Wind LLC,TX,323.9,2,False
5352,Dow Chemical Co - St Charles,LA,323.6,4,False
12564,"SEPG MGA, LLC",GA,323.0,3,False
2313,Brooklyn Navy Yard Cogen PLP,NY,322.0,4,False
39006,Brookfield White Pine Hydro LLC,ME,321.6,57,False
54684,"Flat Rock Windpower, LLC",NY,321.2,4,False
56613,Frederickson Power LP,WA,318.3,2,False
61414,"Rattlesnake Creek Wind Project, LLC",NE,318.1,1,False
59873,"Solar Star California XIX, LLC",CA,318.0,7,False
63571,"Azure Sky Solar Project, LLC",TX,316.2,2,False
58289,"NextEra Energy Desert Sunlight 300, LLC",CA,313.7,11,True
64364,Daggett Solar Power 2 LLC,CA,313.0,2,False
56213,IPA Operations Inc - Calumet,IL,312.8,2,False
6235,Fayetteville Public Works Commission,NC,311.7,13,False
8723,City of Holland - (MI),MI,311.1,6,False
18574,USCE-Wilmington District,VA,310.8,12,False
65824,"BT Hickerson Solar, LLC",TX,310.0,1,False
58798,Shell Chemical Appalachia LLC,PA,309.8,5,False
65489,"Canyon Wind Project, LLC",TX,308.8,1,False
65774,"Fence Post Solar Project, LLC",TX,308.0,2,False
7601,Green Mountain Power Corp,ME NH NY VT,307.4,89,True
66336,"Wild Plains Wind Project, LLC",KS,307.2,1,False
66972,Exus Pennsylvania Wind Holdings,PA,306.9,4,False
27770,Ocean State Power II,RI,306.6,3,False
2860,Los Esteros Critical Energy Facility LLC,CA,306.1,5,False
65195,Westlake Chemicals & Vinyls LLC,LA,306.0,3,False
65932,Greasewood II LLC,TX,306.0,1,False
63100,"SE Juno, LLC",TX,305.6,2,False
65799,"Enel Green Power Estonian Solar Project, LLC",TX,304.5,2,False
66352,SMT Ironman BESS LLC,TX,304.0,1,False
67080,TC Energy,TX,303.8,2,False
63835,Indiana Crossroads Wind Farms LLC,IN,302.4,1,False
60569,"Lincoln Land Wind, LLC",IL,302.0,1,False
65148,"Seven Cowboy Wind Project, LLC",OK,301.7,1,False
15708,Rathdrum Power LLC,ID,301.5,2,False
64533,"Lacy Creek Wind, LLC",TX,301.3,1,False
64847,"Inertia Wind Project, LLC",TX,301.0,1,False
65011,"El Sauz Ranch Wind, LLC",TX,301.0,1,False
56925,"FPLE Wind, LLC",OK,300.8,3,False
63765,"Irish Creek Wind, LLC",KS,300.6,1,False
10203,Kern River Cogeneration Co,CA,300.0,4,False
18390,Sycamore Cogeneration Co,CA,300.0,4,False
55992,"Pioneer Prairie Wind Farm I, LLC",IA,300.0,1,False
64634,"Cedro Hill Wind, LLC",TX,300.0,2,False
57412,Chisholm View Wind Project,OK,300.0,2,False
61477,325MK 8me LLC,NV,300.0,1,False
61527,"Tahoka Wind, LLC",TX,300.0,1,False
61562,"Torrecillas Wind Energy, LLC",TX,300.0,1,False
61771,Ranchero Wind Farm LLC,TX,300.0,1,False
62153,Hecate Energy Highland LLC,OH,300.0,1,True
65890,"Prospero Energy Project, LLC (Longroad)",TX,300.0,1,False
63487,"Bronco Plains Wind, LLC",CO,300.0,1,False
63887,Soldier Creek Wind LLC,KS,300.0,1,False
63993,"Milligan 1 Wind, LLC",NE,300.0,3,False
64468,Hubbard Wind LLC,TX,300.0,1,False
65626,"San Juan Solar I, LLC",NM,300.0,2,False
65700,Atrisco Energy Storage LLC,NM,300.0,1,False
65751,RE Papago LLC,AZ,300.0,1,False
65805,"GulfStar Power, LLC",TX,300.0,1,False
65928,Atrisco Solar LLC,NM,300.0,1,False
66057,"Rodeo Ranch Energy Storage, LLC",TX,300.0,1,False
66647,"Prosperity Wind, LLC",IL,300.0,1,False
66700,"BOCA bn, LLC",AZ,300.0,1,False
66717,Atlas VII LLC,AZ,300.0,2,False
67387,PP Jaguar BESS LLC,TX,300.0,2,False
6607,FPL Energy Vansycle LLC,OR WA,299.7,2,False
58770,Balko Wind LLC,OK,299.7,1,False
59871,"TX Jumbo Road Wind, LLC",TX,299.7,1,False
9989,Kalaeloa Partners LP,HI,299.4,3,False
60882,"Red Dirt Wind Project, LLC",OK,299.3,1,False
61413,"Enel Green Power Diamond Vista Wind Project, LLC",KS,299.3,1,False
64611,"Limestone Wind Project, LLC",TX,299.2,1,False
63021,"Aurora Wind Project, LLC",ND,298.8,1,False
58773,Kingfisher Wind LLC,OK,298.0,1,False
63764,"Haystack Wind Project, LLC",NE,298.0,1,False
60881,"Thunder Ranch Wind Project, LLC",OK,297.8,1,False
59115,NextEra Energy Seiling Wind,OK,297.6,2,True
65076,"HEN Infrastructure, L.L.C.",TX,297.5,30,False
60531,Standard Solar,CA CO DC ID IL MA MD ME MN NM NY OR PA RI VA VT WI,297.1,115,False
8027,Handsome Lake Energy LLC,PA,294.5,5,False
54842,WM Renewable Energy LLC,AR AZ CA CO CT FL GA IA IL KS MA ME MI MN MS NC NH NV NY OH OR PA TN TX VA WI,294.4,255,False
11843,Maui Electric Co Ltd,HI,294.3,47,False
57363,Canadian Hills Wind LLC,OK,293.7,1,False
14077,Oklahoma Municipal Power Authority,OK,293.3,5,False
64260,Nextera Energy Resources,CA,291.6,7,True
16295,City of Roseville - (CA),CA,291.0,7,False
1616,Berkshire Power Co LLC,MA,289.0,1,False
14410,"Alpha Generation Brandywine, LLC",MD,288.8,3,False
65043,Madison Energy Investments LLC,CA CO CT GA MA MD ME MN NE NJ NY OH PA VA,287.0,102,False
64966,"Vikings Energy Farm, LLC",CA,286.8,2,False
16729,Saranac Power Partners LP,NY,285.6,3,False
67267,Chestnut Westside LLC,CA,285.6,2,False
16088,City of Riverside - (CA),CA,285.0,10,False
66467,Escape Solar LLC,NV,285.0,3,False
17058,Shell Wind Energy Inc.,CA TX,284.9,3,False
55912,Cottage Grove Operating Services LLC,MN,283.5,2,False
67227,Tanzanite Energy Storage LLC,TX,283.2,1,False
66083,Johnson County Power LLC,TX,282.6,2,False
59238,Palo Duro Wind,TX,282.3,1,False
55931,Orion Energy Group LLC,IL IN,280.5,2,False
12739,Mobile Energy LLC,AL,280.0,2,False
56023,Arizona Solar One LLC,AZ,280.0,2,False
56660,Mojave Solar LLC,CA,280.0,2,False
62668,"Wheatridge Wind Holdings, LLC",OR,280.0,3,False
59872,"Solar Star California XX, LLC",CA,279.0,6,False
66346,"Silver Peak Solar, LLC",NV,279.0,3,False
13809,NorthWestern Energy - (SD),SD,278.8,15,True
6354,FPL Energy Upton Wind LP,TX,278.0,1,False
12981,Motiva Enterprises LLC,TX,276.8,9,False
13143,Board of Water Electric & Communications,IA,275.5,3,False
61768,Arrow Canyon Solar LLC,NV,275.0,2,False
55510,Tiverton Power LLC,RI,274.5,2,False
54821,Rumford Power,ME,274.5,2,False
54692,Santa Rosa Energy Center LLC,FL,274.5,2,False
3028,Calpine Gilroy Cogen LP,CA,274.0,5,False
64497,Deer Park Refinery Limited Partnership (DPRLP),TX,274.0,4,False
66084,Brush Power LLC,CO,273.4,7,False
63431,"Las Majadas Wind Farm, LLC",TX,272.6,1,False
4397,Coso Operating Co LLC,CA,272.2,9,False
64670,Gibson City Energy Center LLC,IL,270.0,2,False
60387,"Townsite Solar, LLC",NV,270.0,2,False
14534,City of Pasadena - (CA),CA,268.6,7,False
63437,"Helena Wind, LLC",TX,268.2,1,False
54700,Paris Generation LP,TX,265.6,3,False
65226,"FGE Goodnight I, LLC",TX,265.5,1,False
65653,Dunns Bridge Solar Center LLC,IN,265.0,1,False
40606,City of Grand Island - (NE),NE,262.5,5,False
56514,Windy Flats Partners LLC,WA,262.2,1,False
17177,City of Sikeston - (MO),MO,261.0,1,False
11741,Masspower,MA,260.9,3,False
66331,"Birch Creek Power, LLC",IL MO,260.8,7,False
59363,"Silver State Solar Power South, LLC",NV,260.1,8,False
12653,"Lanyard Power Holdings, LLC",MD,260.0,4,False
5338,Dow Hydrocarbons and Resources LLC,TX,260.0,2,False
63092,"SE Titan, LLC",TX,260.0,1,False
65645,"Wadley Solar, LLC",GA,260.0,1,False
66365,"Golden Fields Solar IV, LLC",CA,257.0,2,False
65826,"Roadrunner Crossing Wind Farm, LLC",TX,256.0,1,False
65925,Taygete Energy Project LLC,TX,255.0,1,False
62705,Concho Bluff LLC,TX,255.0,1,False
67092,"Scatter Wash Energy Storage, LLC",AZ,255.0,2,False
213,Alaska Electric Light & Power Co.,AK,254.3,30,False
27769,Ocean State Power Co,RI,254.2,3,False
56722,AV Solar Ranch 1 LLC,CA,253.0,1,False
60543,"Dermott Wind, LLC",TX,253.0,1,False
63414,"Cool Springs Solar, LLC",GA,253.0,2,False
20421,Western Minnesota Mun Pwr Agny,IA MN SD,252.7,8,False
63447,"Imperial Valley Solar 3, LLC",CA,252.3,1,False
11181,Long Beach Generation LLC,CA,252.0,4,False
56662,Cedar Point LLC,CO,252.0,1,False
64931,"Texas Solar Nova 1, LLC",TX,252.0,1,False
49942,Eagle Point Power Generation LLC,NJ,251.8,4,False
59844,"Blythe Solar III, LLC",CA,251.8,2,False
16655,City of Santa Clara - (CA),CA,251.7,9,False
63956,"Little Blue Wind Project, LLC",NE,250.7,1,False
6567,Florida Municipal Power Agency (FL),FL,250.1,3,False
56723,Genesis Solar LLC,CA,250.0,2,False
56946,Hidalgo Wind Farm LLC,TX,250.0,1,False
59729,"Golden West Power Partners, LLC",CO,250.0,1,False
60542,"Willow Springs Windfarm, LLC",TX,250.0,1,False
61515,"Phoebe Energy Project, LLC",TX,250.0,1,False
61523,225DD 8me LLC,TX,250.0,1,False
61683,Amadeus Wind LLC,TX,250.0,1,False
61890,"Nobles 2 Power Partners, LLC",MN,250.0,1,False
67268,Aqua,CA,250.0,1,False
62983,"SE Athos I, LLC",CA,250.0,1,False
63512,"Gateway Energy Storage, LLC",CA,250.0,1,False
63515,"Sparta Solar, LLC",TX,250.0,1,False
63578,"Dodge Flat Solar, LLC",NV,250.0,2,False
65896,"Prospero Solar II, LLC (Longroad)",TX,250.0,1,False
64608,Sun Valley Solar LLC,TX,250.0,1,False
64995,"Victory Pass I, LLC",CA,250.0,2,False
65418,"Sierra Estrella Energy Storage, LLC",AZ,250.0,1,False
65782,Ben Milam Solar 3 LLC,TX,250.0,1,False
65852,Ben Milam Solar 2 LLC,TX,250.0,1,False
66024,"SR Toombs I, LLC",GA,250.0,1,False
66199,Hopkins Energy LLC,TX,250.0,1,False
66345,"Sebree Solar, LLC",KY,250.0,1,False
66785,Fairbanks Solar Energy Center LLC,IN,250.0,1,False
66823,"Roaring Springs, LLC",TX,250.0,1,False
66960,Hardin Solar Energy III,OH,250.0,1,False
60819,Rush Springs Wind Project,OK,249.9,1,False
58461,Buffalo Dunes Wind Project LLC,KS,249.8,1,False
58290,"NextEra Energy Desert Sunlight 250, LLC",CA,249.7,9,True
59882,"Javelina Wind Energy, LLC",TX,249.7,1,False
12469,Milford Power LLC,MA,249.3,2,False
17632,Southern Illinois Power Coop,IL,249.0,5,False
3660,PUD No 1 of Clark County - (WA),WA,248.0,1,False
3838,CMS Generation MI Power LLC,MI,247.5,5,True
60416,BIF III Holtwood LLC,PA,247.3,14,False
61530,"Armadillo Flats Wind Project, LLC",OK,247.3,1,False
4464,Crockett Cogeneration,CA,247.0,1,False
39347,"East Texas Electric Coop, Inc",TX,246.6,6,False
59843,"Blythe Solar II, LLC",CA,246.2,5,False
65099,"Porter Solar, LLC",TX,245.0,1,False
66219,Cavalry Energy Center LLC,IN,245.0,2,False
40211,"Wabash Valley Power Assn, Inc",IL IN,244.8,59,False
23913,Borger Energy Associates LP,TX,243.9,2,False
61537,"Pratt Wind, LLC",KS,243.5,1,False
67082,"Headwater Energy, LLC",CA CO NC SC TX,243.2,31,False
65905,"El Campo Wind, LLC (Longroad)",TX,242.8,1,False
56354,GenConn Middletown LLC,CT,242.0,4,False
56352,GenConn Devon LLC,CT,242.0,4,False
61199,"Peaker Power, LLC",TX,242.0,4,False
62855,"Clear Creek Wind, LLC",MO,242.0,2,False
64199,Arlington Energy Center III,CA,241.0,2,False
19728,"UNS Electric, Inc",AZ,240.4,9,False
63048,Misae Lessee LLC,TX,240.0,1,False
63830,"7V Solar Ranch, LLC",TX,240.0,1,False
65517,"Paris Farm Solar, LLC",TX,240.0,1,False
65781,Sky Ranch Solar and Storage,NM,240.0,2,False
66354,"Anole Energy Storage, LLC",TX,240.0,1,False
24457,Calpine Eastern Corp,NY,239.6,6,False
64499,Big Sky Wind LLC,IL,239.4,1,False
61485,"Rio Bravo Windpower, LLC",TX,237.6,1,False
56678,FPL Energy Illinois Wind LLC,IL,237.5,2,False
62079,"White Cloud Wind Project, LLC",MO,236.5,1,False
67139,Libra Storage LLC,TX,236.3,1,False
62027,"LaPorte Power, LLC",TX,236.0,4,False
58998,Chapman Ranch Wind LLC,TX,236.0,1,False
61694,John Laing US Solar Corp.,NC,235.8,5,False
60232,Clenera LLC,AZ,235.0,1,False
59528,"Kendall Green Energy, LLC",MA,234.7,3,False
9879,City Water and Light Plant - (AR),AR,234.3,6,False
12687,Midway-Sunset Cogeneration Co,CA,234.0,3,False
24431,Utah Municipal Power Agency,UT,233.0,11,False
15142,Plains End Operating Services LLC,CO,231.6,34,False
28764,Pine Bluff Energy LLC,AR,230.4,2,False
60128,"Electra Wind, LLC",TX,230.0,1,False
60129,"Horse Creek Wind, LLC",TX,230.0,1,False
62633,"Plum Creek Wind, LLC",NE,230.0,1,False
64455,"Bernard Creek Solar, LLC",TX,230.0,1,False
65059,"Sunlight Storage, LLC",CA,230.0,1,False
65625,Sunlight Storage II,CA,230.0,1,False
66994,"Guajillo Energy Storage, LLC",TX,228.7,1,False
6632,Fountain Valley Power LLC,CO,228.0,6,False
60973,Energy Keepers Inc,MT,227.8,3,False
62794,"AP Solar 2, LLC",TX,227.5,1,False
63647,"Muscle Shoals Solar, LLC",AL,227.0,1,False
60768,Mammoth Plains Wind Project,OK,226.1,1,False
62913,"Roundhouse Renewable Energy, LLC",WY,226.0,3,False
5063,City of Denton - (TX),TX,225.6,12,False
61942,"Griffin Trail Wind, LLC",TX,225.6,1,False
2442,City of Bryan - (TX),TX,225.2,4,False
66250,"Milagro Solar I, LLC",NM,225.0,2,False
66835,"Diver Solar, LLC",TX,225.0,1,False
64989,Great Pathfinder Wind,IA,224.4,1,False
4045,City of Columbia - (MO),MO,223.9,16,False
65428,Callisto I Energy Center,TX,223.4,1,False
15127,Placer County Water Agency - (CA),CA,223.0,5,False
22350,Devon Power LLC,CT,222.6,5,False
11127,Lockport Energy Associates LP,NY,221.3,4,False
66506,Willow Creek Wind LLC,OK,220.0,1,False
67079,Evelyn Energy Storage LLC,TX,220.0,1,False
54755,Morris Cogeneration LLC,IL,218.8,4,False
23693,AES Huntington Beach LLC,CA,218.0,1,False
56072,"Marble River, LLC",NY,215.3,1,False
60371,"Kingman Wind Energy, LLC",KS,214.8,2,False
59883,NRG Energy Gas & Wind Holdings Inc,NM OK,214.5,2,True
55866,Old Trail Wind Farm LLC,IL,213.8,1,False
25477,USCE-Kansas City District,MO,213.4,7,False
59817,"Cedar Bluff Wind, LLC",KS,212.8,1,False
63034,"Sayreville Power, LLC",NJ,212.0,4,False
54709,High Trail Wind Farm LLC,IL,210.9,1,False
64495,Canadian Breaks LLC,TX,210.1,1,False
66095,Stillhouse Solar LLC,TX,210.0,1,False
64801,"Storey Energy Center, LLC",AZ,210.0,2,False
65968,"Yellow Pine Solar II, LLC",NV,210.0,4,False
61727,Reloj del Sol Wind Farm LLC,TX,209.4,1,False
65409,"King Creek Wind Farm 2, LLC",TX,209.0,1,False
60364,Ninnescah Wind Energy LLC,KS,208.3,1,False
66111,"Ebony Energy Storage, LLC",TX,207.9,1,False
65677,Dimension Energy LLC,CA DE IL ME NJ NY PA VA,207.4,52,False
40575,Utah Associated Mun Power Sys,ID UT,207.1,4,False
64461,"Niyol Wind, LLC",CO,205.6,1,False
56940,Lexington Chenoa Wind Farm LLC,IL,205.2,1,False
60520,SoCore Energy LLC,AZ CA IA IL KS MA MD ME MN NE NJ NM NV TX VT WI,204.7,97,False
34717,FPL Energy New Mexico Wind LLC,NM,204.0,1,False
55907,White Creek Wind 1 LLC,WA,204.0,1,False
58872,1370 Shannon LLC,TX,204.0,1,False
66351,Citadel BESS LLC,TX,204.0,1,False
64569,West Texas Solar Project II LLC,TX,203.8,1,False
65908,"Milford Wind Corridor Phase I, LLC (Longroad)",UT,203.5,1,False
65600,AP Sunray LLC,TX,203.5,1,False
65184,Crossett Power Management LLC,TX,203.0,1,False
65361,Cutlass II Solar LLC,TX,202.8,1,False
65240,"Sequitur Renewables, LLC",CA PA WV,202.5,6,False
7595,Great Lakes Hydro America LLC,ME NH,202.3,55,False
60568,Sugar Creek Wind One LLC,IL,202.0,1,False
60719,Harvest Ridge Wind Farm,IL,202.0,1,False
63549,"Lily Solar, LLC",TX,201.9,2,False
50111,Lafayette Utilities System,LA,201.6,4,False
65794,Indiana Crossroads Wind Farm II LLC,IN,201.6,1,False
63959,"Horizon Hill Wind, LLC",OK,201.5,1,False
63961,"White Rock Wind East, LLC",OK,201.5,1,False
57313,Tesla Inc.,AZ CA CT HI MA MD NE NJ NV NY OR TX UT,201.2,106,False
55862,Logan Wind Energy LLC,CO,201.0,1,False
55990,"Cloud County Windfarm, LLC",KS,201.0,2,False
60397,Osborn Wind Energy LLC,MO,200.9,1,False
64992,"Sunflower Energy Center, LLC",KS,200.6,1,False
63722,"Alta Farms II Wind Project, LLC",IL,200.5,1,False
61381,Meadow Lake Wind Farm VI LLC,IN,200.4,1,False
62063,"Blue Summit III Wind, LLC",TX,200.2,1,True
61416,"Crowned Ridge Wind, LLC",SD,200.1,1,False
67292,Carpenter Wind Farm LLC,IN,200.1,1,False
55773,"Dighton Power, LLC",MA,200.0,1,False
66974,MPH Cross Island Power,NY,200.0,4,False
56124,FPL Energy Crystal Lake Wind II LLC,IA,200.0,1,False
590,City of Anaheim - (CA),CA,200.0,4,False
56421,Blackstone Wind Farm II LLC,IL,200.0,1,False
67478,Prairie Rose Wind Farm,MN,200.0,1,False
57191,Caney River Wind Project,KS,200.0,1,False
58412,Headwaters Wind Farm LLC,IN,200.0,1,False
67480,Goodwell Wind Project LLC,OK,200.0,1,False
59260,Wright Solar Park LLC,CA,200.0,1,False
60384,"Javelina Wind Energy II, LLC",TX,200.0,1,False
60406,"Cimarron Bend Wind Project I, LLC",KS,200.0,1,False
60407,"Cimarron Bend Wind Project II, LLC",KS,200.0,1,False
64835,Tres Power Victoria LLC,TX,200.0,4,False
61533,Techren Solar II LLC,NV,200.0,1,False
67497,"Holstein Solar Farm 1, LLC",TX,200.0,1,False
61684,"Diablo Energy Storage, LLC",CA,200.0,1,False
61697,"Hillcrest Solar I, LLC",OH,200.0,1,False
61915,"Emmons-Logan Wind, LLC",ND,200.0,1,False
63299,"Ponderosa Wind, LLC",OK,200.0,1,False
63580,"Cedar Springs Wind, LLC",WY,200.0,1,False
63869,"SE Athos II, LLC",CA,200.0,1,False
64108,"Brazoria West Solar Project, LLC",TX,200.0,1,False
64167,Corazon Energy LLC,TX,200.0,1,False
64181,Riverstart Solar Park LLC,IN,200.0,1,False
64244,"Big Rock ESS Assets, LLC",CA,200.0,1,False
64259,Heartland Divide II,IA,200.0,1,False
64932,"Texas Solar Nova 2, LLC",TX,200.0,1,False
64946,EDPR CA Solar Park LLC,CA,200.0,1,False
64969,Meadow Lake Solar Park,IN,200.0,1,False
65166,"Bronco Plains Wind II, LLC",CO,200.0,1,False
65221,"Brazoria County Solar Project, LLC",TX,200.0,1,False
65397,Condor Energy Storage LLC,CA,200.0,1,False
65398,"Peregrine Energy Storage, LLC",CA,200.0,1,False
65427,Tidwell Prairie,TX,200.0,1,False
65553,"Sweetland Wind Farm, LLC",SD,200.0,1,False
65601,Wheatridge East Wind LLC,OR,200.0,1,False
65676,"Long Lake Solar, LLC",AR,200.0,1,False
65788,Ben Milam Solar 1 LLC,TX,200.0,1,False
67575,AES Pike County Energy Storage,IN,200.0,1,False
65929,"North Bend Wind Project, LLC",SD,200.0,1,False
65981,"Forgeview Solar, LLC",AR,200.0,1,False
65982,"Flat Fork Solar, LLC",AR,200.0,1,False
66094,"Pleasant Valley Solar, LLC",ID,200.0,1,False
66110,"Anemoi Energy Storage, LLC",TX,200.0,1,False
66070,"Hornshadow Solar II, LLC",UT,200.0,1,False
66348,"Silver State South Storage, LLC",NV,200.0,1,False
66394,Randolph Solar Park LLC,AZ,200.0,1,False
66420,"Luna Valley Solar I, LLC",CA,200.0,1,False
66444,"Troutdale Grid, LLC",OR,200.0,1,False
66479,"Crossroads Solar, LLC - (IN)",IN,200.0,1,False
66615,"Big Elm Solar, LLC",TX,200.0,1,False
66618,"Bowman Wind, LLC",ND,200.0,1,False
66703,"Green River Solar, LLC",KY,200.0,1,False
66826,"Gibson Solar, LLC",IN,200.0,1,False
66908,Flatland Storage LLC,AZ,200.0,1,False
66963,"Dominguez Grid, LLC",UT,200.0,1,False
67210,"Sealy Power, LLC",TX,200.0,1,False
67237,"Appleseed Solar, LLC",IN,200.0,1,False
67295,"New Madrid Solar, LLC",MO,200.0,1,False
67436,"Kelso Solar, LLC",MO,200.0,1,False
56167,"Imperial Valley Solar, LLC",CA,199.9,3,False
56417,Meadow Lake Wind Farm LLC,IN,199.7,1,False
55785,FPL Peetz Table Wind Energy,CO,199.5,1,False
60714,Burke Wind LLC,ND,199.4,1,False
62010,Prairie Queen Wind Farm LLC,KS,199.3,1,False
61330,Turtle Creek Wind Farm LLC,IA,199.2,1,False
56948,Waverly Wind Farm LLC,KS,199.0,1,False
65366,"Speedway Solar, LLC",IN,199.0,1,False
57075,Ridgeline Energy LLC,ID,198.9,2,False
61372,"Enel Kansas, LLC",KS,198.8,1,False
66233,"Oliver Wind IV, LLC",ND,198.8,1,False
56683,Elk City LLC,OK,198.1,2,False
62075,Trinity Hills Wind Farm LLC,TX,198.0,1,False
60044,"Bluestem Wind Energy, LLC",OK,198.0,1,False
8287,Hawaii Electric Light Co Inc,HI,197.9,23,False
60496,"Adapture Renewables, Inc.",CA CT MN MT NC NE OR RI TN TX UT,197.8,32,False
40307,"Prairie Power, Inc",IL,197.0,7,False
65044,"Castle Gap Wind Power, LLC",TX,196.8,1,False
63428,"Bearkat Wind Energy 1, LLC",TX,196.7,1,False
65123,"Tres Bahias Solar Power, LLC",TX,196.3,1,False
64947,EDPR CA Solar Park II LLC,CA,195.4,2,False
66424,Hardy Hills Solar LLC,IN,195.0,1,False
65800,"Angelo Solar, LLC",TX,195.0,1,False
5610,Eastman Chemical Co-TN Ops,TN,194.3,19,False
63039,"Portland Power, LLC",PA,194.0,3,False
58517,"SWG Arapahoe, LLC",CO,194.0,3,False
7977,City of Hamilton - (OH),KY OH,193.7,9,False
61813,"ND Paper, Inc.",ME WI,192.7,7,False
7564,Grays Ferry Cogen Partnership,PA,192.6,2,False
67596,"BHER Ravenswood Solar 1, LLC",WV,192.1,2,False
6371,First National Bank-Commerce,LA,192.0,8,False
65453,"Yellow Pine Solar, LLC",NV,190.0,2,False
67115,"Shallow Basket Energy, LLC",NM,190.0,2,False
61319,"Hunlock Energy, LLC",PA,189.9,4,False
61123,Upton County Solar 2 LLC,TX,189.9,2,False
57370,NaturEner Rim Rock Energy LLC,MT,189.0,1,False
66473,Timbermill Wind,NC,189.0,1,False
56491,Tilton Energy LLC,IL,188.0,4,False
61029,Upper Michigan Energy Resources Company,MI,188.0,10,False
554,City of Ames - (IA),IA,187.5,4,False
63101,"SE Aragorn, LLC",TX,187.2,1,False
62031,"Walleye Power, LLC",OH,187.0,2,False
9303,Bucksport Generation LLC,ME,186.8,1,False
15783,City of Redding - (CA),CA,186.6,7,False
65983,UPC Power Solutions,PA TX,186.6,9,False
61365,"Hilltopper Wind Project, LLC",IL,185.0,1,False
63995,"Glacier Sands Wind Power, LLC",IL,185.0,1,False
65234,"Kapolei Energy Storage I, LLC",HI,185.0,1,False
56592,Idaho Wind Partners 1 LLC,ID,184.8,11,False
59845,"Blythe Solar IV, LLC",CA,184.4,3,False
65408,"King Creek Wind Farm 1, LLC",TX,184.0,1,False
61886,"Lockett Windfarm, LLC",TX,183.8,1,False
61801,Midway Solar,TX,182.0,1,False
58939,Cameron Wind 1 LLC,TX,181.4,2,False
19830,NRG Vienna Operations Inc,MD,180.6,2,True
22379,Connecticut Jet Power LLC,CT,180.4,8,False
3452,Chevron USA Inc-El Segundo,CA,180.1,6,False
56222,Bull Creek Wind LLC,TX,180.0,1,False
63074,Scout Clean Energy LLC,TX,180.0,1,False
64788,"Big Cypress Solar, LLC",AR,180.0,1,False
64917,"Rayos del Sol Solar Project, LLC",TX,180.0,2,False
65081,Oriana Solar LLC,TX,180.0,1,False
65276,"Newport Solar, LLC",AR,180.0,1,False
65860,"Madison Fields Solar Project, LLC",OH,180.0,1,False
66842,Azalea Springs Solar Park LLC,TX,180.0,1,False
64781,CP Bloom Wind LLC,KS,178.2,1,False
61521,"Pegasus Wind, LLC",MI,178.0,2,False
66690,"Morris Ridge Solar Energy Center, LLC",NY,177.0,1,False
1182,BASF Corporation,LA TX,176.8,5,False
56147,Cleveland-Cliffs Burns Harbor LLC,IN,176.2,3,False
15114,"Pittsfield Generating Company, LP",MA,175.5,4,False
62635,Wildcat Creek Wind Farm LLC,TX,175.3,1,False
62719,Green Street Power Partners,CA CO CT FL IA MA MN NJ NY VT WI,175.1,63,False
65315,"Crooked Lake Solar, LLC",AR,175.0,1,False
65347,"Pearl River Solar Park, LLC",MS,175.0,1,False
65639,Cross Town Energy Storage LLC,ME,175.0,1,False
65936,"CPV Backbone Solar, LLC",MD,175.0,1,False
58427,Centinela Solar Energy LLC,CA,174.8,6,False
56653,Northern Colorado Wind LLC,CO,174.3,2,False
65984,"Longbow BESS, LLC",TX,174.0,1,False
9383,Mosaic Fertilizer LLC,FL,173.5,5,False
49732,Chevron Products Company-Richmond,CA,173.5,4,False
65743,"SR Russellville, LLC",KY,173.0,1,False
67644,Camden Energy Center,NJ,172.9,2,False
59842,"Blythe Solar 110, LLC",CA,172.8,4,False
65055,"Concho Valley Solar, LLC",TX,172.8,1,False
67467,"Novis Renewables, LLC",IA MA MD NC NY VA,172.7,24,False
6779,City of Fremont - (NE),NE,172.3,6,False
9312,IPC-Mansfield Mill,LA,172.0,4,False
19798,City of Vernon - (CA),CA,171.8,10,False
64655,"Appaloosa Run Wind, LLC",TX,171.8,1,False
56214,Hazleton Generation LLC,PA,171.5,4,False
11824,Matanuska Electric Assn Inc,AK,171.0,10,False
65268,"Moraine Sands Wind Power, LLC",IL,171.0,1,False
65164,CleanCapital Holdings,CA CO FL IN MA MD ME MN NC NJ NM NY RI,170.6,78,False
19406,USCE -Vickburg District,AR,170.5,7,False
17164,Sierra Pacific Industries,CA WA,170.1,9,False
65486,"Buena Vista Energy Center, LLC",NM,170.0,2,False
15300,"BHER Power Resources, Inc",TX,169.8,2,False
67444,"Salt Creek Wind, LLC",IA,169.4,1,False
56304,Air Products LLC,TX,169.1,4,False
19450,Union Carbide Corp-Seadrift,TX,168.0,8,False
64623,"Alta Wind V, LLC",CA,168.0,1,False
59868,"Pinyon Pines Wind I, LLC",CA,168.0,1,False
64424,"Big Beau Solar, LLC",CA,168.0,4,False
49796,Desert Sky Wind Farm LP,TX,167.7,1,False
66364,"Hart Wind Project, LLC",TX,166.4,1,False
49748,"ORCAL Geothermal, Inc",CA,166.0,9,False
56033,Hackberry Wind LLC,TX,165.6,1,False
58143,Cimarron Wind Energy LLC,KS,165.6,1,False
65772,"River Ferry Solar 1, LLC",IL,165.3,1,False
10325,Kings River Conservation Dist,CA,165.0,3,False
64135,Resurgence Solar,CA,165.0,2,False
64362,"SR DeSoto I, LLC",GA,165.0,1,False
67132,Longhorn Storage LLC,TX,165.0,1,False
65282,Prairie Switch Wind LLC,TX,163.2,1,False
60515,Astra Wind LLC,TX,163.0,1,False
65280,"Babbitt Ranch Energy Center, LLC",AZ,163.0,1,False
61396,"Midway Wind, LLC",TX,162.9,1,False
5624,"RED-Rochester, LLC",NY,162.8,8,False
67224,"Mountain Peak Power, LLC",CO,162.6,6,False
8565,"FPLE High Winds, LLC",CA,162.0,2,False
58121,North Sky River Energy LLC,CA,162.0,1,False
19526,United States Steel-Gary,IN,161.0,1,True
64668,"Wildorado Wind, LLC",TX,161.0,1,False
66280,"Markum Solar Farm, LLC",TX,161.0,1,False
54713,Chevron USA Inc,CA,160.9,28,False
20508,WestRock Corp,VA,160.9,4,False
64812,"Power Depot Group A, LLC",TX,160.2,267,False
60443,"Rattlesnake Power, LLC",TX,160.0,1,False
61502,"Sholes Wind Energy Center, LLC",NE,160.0,1,False
63141,"Rancho Seco Solar II, LLC",CA,160.0,1,False
64002,Wilmot Energy Center LLC,AZ,160.0,2,False
64624,"Cedar Creek Wind, LLC",ID,160.0,1,False
55972,Valencia Power LLC,NM,159.5,1,False
59917,Luminant Dick's Creek,OH,159.1,4,False
58353,NextEra Energy Majestic Wind,TX,159.1,2,True
55799,FPL Energy Langdon Wind LLC,ND,159.0,2,False
17445,Solid Waste Authority of Palm Beach Co,FL,158.3,2,False
61054,Fluvanna Wind Energy LLC,TX,158.0,1,False
65412,BPL Files Solar LLC,TX,157.5,1,False
49901,Northern Star Generation Services Co LLC,FL,157.2,3,False
59300,PNM Resources,NM,157.2,21,True
5262,Domtar Industries Inc,AR,156.5,4,False
13478,"Entergy New Orleans, LLC",LA,156.1,11,True
59616,"63SU 8me, LLC",CA,155.0,1,False
65384,"Cartier Energy, LLC",CT DE NJ,154.6,12,False
3102,Mosaic Company,FL,154.3,4,False
59777,"Buckthorn Westex, LLC",TX,154.0,1,False
63897,Tatanka Ridge LLC,SD,154.0,1,False
49949,Kinder Morgan Production Company LP,TX,153.9,3,False
66174,"Carvers Creek, LLC",VA,153.9,2,False
10071,Kauai Island Utility Cooperative,HI,152.6,14,False
19537,University of Texas at Austin,TX,152.5,6,False
56699,CPV Keenan II Renewable Energy Co LLC,OK,151.8,1,False
66200,"Century Oak Wind Project, LLC",TX,151.5,1,False
54707,Blue Canyon Windpower II LLC,OK,151.4,1,True
60155,"Old Settler Wind, LLC",TX,151.2,1,False
61943,"North Rosamond Solar, LLC",CA,151.1,1,False
56123,FPL Energy Crystal Lake Wind LLC,IA,150.0,1,False
56119,FPL Energy Story Wind LLC,IA,150.0,1,False
56506,Langford Wind Power LLC,TX,150.0,1,False
64618,"Alta Wind I, LLC",CA,150.0,1,False
64620,"Alta Wind II, LLC",CA,150.0,1,False
64621,"Alta Wind III, LLC",CA,150.0,1,False
56667,Loraine Windpower Project,TX,150.0,2,False
56684,White Oak Energy LLC,IL,150.0,1,False
56787,Garden Wind LLC,IA,150.0,1,False
65911,"Mustang Hills, LLC (Longroad)",CA,150.0,1,False
67761,Origin Wind Energy LLC,OK,150.0,1,False
67479,Lindahl Wind Project LLC,ND,150.0,1,False
59501,"Green Pastures Wind I, LLC",TX,150.0,1,False
59502,"Green Pastures Wind II, LLC",TX,150.0,1,False
65757,"Briscoe Wind Farm, LLC",TX,150.0,1,False
64782,Cardinal Point LLC,IL,150.0,1,False
59730,"Carousel Wind Farm, LLC",CO,150.0,1,False
60149,"Brady Wind II, LLC",ND,150.0,1,False
60148,"Brady Wind, LLC",ND,150.0,1,False
61291,"Wildcat Ranch Wind Project, LLC",TX,150.0,1,False
61374,"Foxtail Wind, LLC",ND,150.0,1,False
61589,RE Mustang Two LLC,CA,150.0,2,False
61910,"Quitman Solar, LLC",GA,150.0,1,False
62733,Cranberry Point Energy Storage LLC,MA,150.0,1,False
62788,Oberon Solar IA,TX,150.0,1,False
64851,"Sun Streams 2, LLC",AZ,150.0,1,False
64403,"Crane Solar Project, LLC",TX,150.0,1,False
63418,Elora Solar,TN,150.0,1,False
63733,"Maverick Solar 6, LLC",CA,150.0,2,False
63957,"Quitman II Solar, LLC",GA,150.0,1,False
64967,Contour Global,CO,150.0,1,False
65313,"Crane 2 BESS, LLC",TX,150.0,1,False
65642,Wolf Tank Storage LLC,TX,150.0,1,False
65703,"Winfield Solar I, LLC",MO,150.0,1,False
65765,Borden County Battery Energy Storage System LLC,TX,150.0,1,False
65808,"La Casa Wind, LLC",TX,150.0,1,False
65865,"Umbriel Solar, LLC",TX,150.0,1,False
66265,"Kuna BESS, LLC",ID,150.0,1,False
66292,Desert Willow Energy Storage,TX,150.0,1,False
66334,Twin Lakes Solar LLC,IN,150.0,1,False
66441,Ratts 1 Solar LLC,IN,150.0,1,False
66619,"Coldwater River Solar, LLC",MI,150.0,1,False
66719,Atlas IX LLC,AZ,150.0,1,False
66821,Roadrunner Crossing Energy Storage LLC,TX,150.0,1,False
67086,Chillingham Storage LLC,TX,150.0,1,False
67130,Bocanova Power LLC,TX,150.0,1,False
67117,Pleasantville Solar Park LLC,IL,150.0,1,False
67135,Riverstart Solar Park IV LLC,IN,150.0,1,False
64644,Goat Wind LLC,TX,149.6,2,False
59999,"Rocksprings Val Verde Wind, LLC",TX,149.3,1,False
54803,"Dynegy Oakland, LLC",CA,149.0,2,False
60537,"Deerfield Wind Energy, LLC",MI,149.0,3,False
64249,"Big River Solar, LLC",IL,149.0,1,False
65934,"River Fork Solar, LLC",MI,149.0,1,False
67763,Rocky Ridge Wind Project LLC,OK,148.8,1,False
57260,CSOLAR IV West LLC,CA,148.7,1,False
56122,FPL Energy Ashtabula Wind LLC,ND,148.5,1,False
56285,Smoky Hills Wind Project II LLC,KS,148.5,1,False
64178,"Ranchland Wind Project II, LLC",TX,148.0,1,False
61119,"SRE Utility Solar 1, LLC",NC,147.3,53,False
56165,Cleveland Cliffs,IN,147.0,4,False
9263,Indeck-Corinth Ltd Partnership,NY,147.0,2,False
50014,"FPL Energy Weatherford, LLC",OK,147.0,2,False
63373,"Bitter Ridge Wind Farm, LLC",IN,146.6,1,False
58608,TransAlta Wyoming Wind LLC,WY,144.0,1,False
6529,Exxon Mobil Production Co,WY,144.0,3,False
62778,"Rattlesnake Flat, LLC",WA,144.0,1,False
66486,"Clearview Solar I, LLC",OH,144.0,1,True
66515,"Crossover Wind, LLC",AR,144.0,1,False
65281,"Horus Louisiana 1, LLC",LA,142.8,1,False
65660,Enchanted Rock,CA,142.8,6,False
2409,Brownsville Public Utilities Board,TX,142.5,8,False
11571,Manitowoc Public Utilities,WI,141.9,4,False
56225,Clearwater Paper Corporation,AR ID,141.8,5,False
19856,City of Vineland - (NJ),NJ,141.2,2,False
54769,INEOS USA LLC,TX,141.0,3,False
7127,Georgia-Pacific Consr Prods LP-Savannah,GA,140.4,4,False
19528,University of Illinois,IL,140.2,21,False
64783,Spanish Peaks Solar LLC,CO,140.0,1,False
63783,"Rockhaven Wind Project, LLC",OK,140.0,1,False
65580,"Pioneer Hutt Wind Energy, LLC",TX,140.0,1,False
66320,"White Tail Solar, LLC",MI,140.0,1,False
66566,Wolf Run Solar LLC,IL,140.0,1,False
64469,HF Sinclair Corporation,WA,139.8,3,False
54895,FirstLight Power Resources Services LLC,CT,139.0,26,False
65742,"Blue Bird Solar, LLC",MO,139.0,1,True
12455,Michigan Power Limited Partnership,MI,138.1,2,False
64742,"Mountain Air Projects, LLC",ID,138.0,6,False
58379,"Alta Wind X, LLC",CA,138.0,1,False
16181,Rochester Public Utilities,MN,137.6,11,False
67758,Washington Wind LLC,WA,136.3,1,False
58360,Blue Summit Wind LLC,TX,135.4,1,True
62627,Cardinal Renewables,FL GA IN NC OR PA SC TX VA VT,135.3,23,False
64078,"Central Rivers Power US, LLC",CA MA NC NY PA SC VA VT WA,135.1,50,False
6013,Eugene Water & Electric Board,OR,134.3,5,False
23013,"EIF Northampton GP, LLC",PA,134.1,1,False
56069,"SunCoke Energy, Inc.",OH,134.0,2,False
2938,Calpine King City Cogen LLC,CA,133.2,2,False
63582,"Cedar Springs Wind III, LLC",WY,133.0,1,False
12397,Metropolitan Water District of S CA,CA,132.8,26,False
17470,PUD No 1 of Snohomish County - (WA),WA,132.8,9,False
58871,Citizens Enterprises Corporation,CA GA MA MD NC NY PA,132.7,26,True
67624,"Elara Energy Holdings, LLC",TX,132.4,1,False
61191,"Helix Maine Wind Development, LLC",ME,132.0,2,False
62077,Sherbino II Wind Farm LLC,TX,132.0,1,False
59869,"Pinyon Pines Wind II, LLC",CA,132.0,1,False
61752,Lone Star Solar,SC,132.0,2,False
63734,"Maverick Solar 7, LLC",CA,132.0,1,False
65339,"North Central Valley Energy Storage, LLC",CA,132.0,1,False
65507,"Chesapeake Solar Project, LLC",VA,132.0,1,False
3807,Cleveland Cliffs Inc,MN,131.6,2,False
65680,Hanford BESS LLC,CA,131.4,2,False
14191,South Feather Water and Power Agency,CA,131.2,4,False
18488,City of Taunton - (MA),MA,131.0,7,False
65082,Orange Grove,TX,131.0,1,False
61514,"Agilitas Energy, Inc.",CA MA ME MO NY OH RI TX,130.7,31,False
63794,"Albemarle Beach Solar, LLC",NC,130.2,1,False
65539,Pivot Energy,CA CO DE IL MD MN NY,130.2,45,True
59462,"Heelstone Energy Holdings, LLC",CA NC OR,130.1,22,False
64663,Taloga Wind LLC,OK,130.0,1,False
61423,"California Flats Solar 130, LLC",CA,130.0,1,False
61458,"Minco Wind IV, LLC",OK,130.0,1,False
66027,Orsted Wind Power North America LLC,NY,130.0,1,True
65293,"Bartonsville Energy Facility, LLC",VA,130.0,1,False
57249,"NextEra Renewable Fuels, LLC",CA FL MD MI NC NH NJ PA UT VA,129.6,100,True
55939,Columbia Basin Hydropower,WA,129.4,6,False
57004,Arlington Valley Solar Energy II LLC,AZ,129.0,5,False
13492,New Hope Power Company,FL,128.9,2,False
56819,CSOLAR IV South LLC,CA,128.9,1,False
20492,GCF - Columbus Mill,MS,128.6,4,False
60571,"Onsite Partners, LLC",CO CT FL IA IL MN NE NJ NY OH PA RI VA VT WI,127.8,41,False
12436,Michigan State University,MI,127.5,9,False
16553,Saguaro Power Co,NV,127.2,3,False
50079,Utility Board of Key West City (FL),FL,126.5,7,False
66621,"Downeast Wind, LLC",ME,126.0,1,False
62796,Paulding Wind Farm IV LLC,OH,125.1,1,False
56641,Tonopah Energy Center LLC,NV,125.0,1,False
61069,RE Gaskell West LLC,CA,125.0,5,False
61525,TAI Norton Solar LLC,TX,125.0,1,False
61710,"Maverick Solar, LLC",CA,125.0,1,False
63772,"Fish Springs Ranch Solar, LLC",NV,125.0,2,False
64282,"LeConte Energy Storage, LLC",CA,125.0,1,False
65685,"Tumbleweed Energy Storage, LLC",CA,125.0,2,False
66433,Giga Texas Energy LLC,TX,125.0,1,True
66432,"BT Connolly Storage, LLC",TX,125.0,1,False
66633,"Wheatsborough Solar, LLC",OH,125.0,1,False
12524,Midwest Energy Inc - (KS),KS,124.5,16,False
66072,"Anticline Wind, LLC",WY,124.3,1,False
4425,Covanta Fairfax Inc,VA,124.0,2,False
62680,BT Coniglio Solar LLC,TX,123.6,1,False
67142,Sun Valley Storage LLC,TX,123.3,1,False
24202,Carr Street Generating Sta LP,NY,122.6,3,False
55867,Billerud Escanaba LLC,MI,122.4,3,False
62803,Cove Mountain Solar 2 LLC,UT,122.0,1,False
55981,Elbow Creek Wind Project LLC,TX,121.9,1,False
34623,Tejas Power Generation LLC,TX,121.5,1,False
50006,Invista,SC TX,121.4,2,False
64683,Ford Ridge,IL,121.3,1,False
10349,KIAC Partners,NY,121.2,3,False
2671,Baconton Power LLC,GA,121.0,2,False
4363,Corn Belt Power Coop,IA,120.9,3,False
64872,"Distributed Solar Development, LLC",CA CO MD NJ NY PA VA,120.8,58,False
3258,Central Iowa Power Cooperative,IA,120.5,6,True
12222,Mead Coated Board Inc,AL,120.5,3,False
15394,Procter & Gamble Ppr Prdts Co,PA,120.2,3,False
49845,"Equus Power I, L.P.",NY,120.0,2,False
55772,Paducah Power System,KY,120.0,2,False
56414,Ashtabula Wind II LLC,ND,120.0,1,False
58340,Tuscola Bay Wind LLC,MI,120.0,1,False
61911,"Dougherty County Solar, LLC",GA,120.0,1,False
65381,"Gravel Pit Solar, LLC",CT,120.0,2,False
65796,"North Fork Solar Project, LLC",OK,120.0,1,False
66043,Oak Solar LLC,NC,120.0,1,False
66350,Wigeon Whistle BESS LLC,TX,120.0,1,False
60944,"Bluff Point Wind, LLC",IN,119.7,1,False
9130,Hutchinson Utilities Comm,MN,118.9,6,False
55710,Nevada Gold Mines,NV,118.6,15,False
64730,"Flint Hills Resources Pine Bend, LLC",MN,118.4,3,False
2144,Town of Braintree - (MA),MA,118.0,3,False
9379,"Inter-Power/AhlCon Partners, L.P.",PA,118.0,1,False
56127,Orange Grove Energy LP,CA,118.0,2,False
59633,Great Bay Solar I LLC,MD,118.0,2,False
64547,"Waverly Solar, LLC",VA,118.0,1,False
6833,Cherokee County Cogen Partners LLC,SC,117.7,2,False
61204,"Today's Power, Inc.",AR KS NE OK,117.6,59,False
63416,Ho'Ohana Solar 1 LLC,HI,117.3,2,False
9231,City of Independence - (MO),MO,117.0,6,False
57356,Alabama River Cellulose LLC,AL,117.0,2,False
5504,Vistra Corp,IL,116.6,4,True
1932,Boise-Kuna Irrigation District,ID,116.2,5,False
6204,City of Farmington - (NM),NM,115.8,6,False
3271,Central Nebraska Pub P&I Dist,NE,115.7,6,False
16233,Heorot Power Management,MT,115.7,1,False
60586,Westlake Chemical Natrium Plant,WV,115.5,3,False
63116,"Bluebell Solar II, LLC",TX,115.0,1,False
64068,"Black Rock Wind Force, LLC",WV,115.0,1,False
64177,"Ranchland Wind Project I, LLC",TX,114.9,1,False
61854,Veolia Energy Operating Service,VA,114.8,2,False
6589,Georgia-Pacific Muskogee LLC,OK,114.0,3,False
55903,Domtar Paper Company LLC,NC,114.0,2,False
50012,"FPL Energy Callahan Wind, LLC",TX,114.0,1,False
61671,Great Plains Windpark Legacy LLC,TX,114.0,1,False
65130,Tesoro Marketing & Refining Co. LLC (Martinez),CA,113.5,3,False
66480,Daggett Solar Power 1 LLC,CA,113.5,1,False
57460,NextEra Wolf Ridge LLC,TX,112.5,1,True
7634,City of Greenville - (TX),TX,112.2,6,False
7531,Gray County Wind Energy LLC,KS,112.2,1,False
64998,"Deerfield Wind Energy 2, LLC",MI,112.1,1,False
25,Greenidge Generation Holdings LLC,NY,112.0,1,False
13935,Oakdale&South San Joaquin Irrigation D.,CA,111.9,5,False
63249,Terraform Arcadia,AZ CA CO DC DE GA IN MA MD MN NC NM NY PA RI VA,111.9,56,False
64805,"Bluestone Wind, LLC",NY,111.8,1,False
15726,Rayonier Advanced Materials,FL GA,111.5,6,False
65671,"Martin County Solar Project, LLC",KY,111.0,1,False
65370,"Cutlass Solar 1, LLC",TX,110.9,1,False
64994,SolRiver Capital LLC,GA IN NC NY OR PA SC,110.4,25,False
64331,DTE Sustainable Generation,MI,110.3,5,True
62969,"Keechi Wind, LLC",TX,110.0,1,False
62109,"Searcy Solar, LLC",AR,110.0,2,False
63118,224WB 8me LLC,TX,110.0,1,False
63253,Assembly Solar II LLC,MI,110.0,1,False
65015,"Walleye Wind, LLC",MN,110.0,1,False
65863,"Three Corners Solar, LLC",ME,110.0,1,False
66402,Hickory Solar LLC,IL,110.0,1,False
65874,"Liberty County Solar Project, LLC",TX,109.9,1,True
67449,"East Point Energy, LLC",TX,109.9,2,False
56146,"Black Hills Colorado Electric, LLC",CO,109.8,11,True
59098,"Northwest Ohio Wind, LLC",OH,109.8,3,True
12312,Merced Irrigation District,CA,109.6,4,False
9424,Sylvamo Corporation - Eastover,SC,109.6,2,False
65648,"Prairie Mist Solar Project, LLC",AR,109.2,1,False
65614,"Shady Oaks Wind 2, LLC",IL,108.3,1,False
55698,Hawks Nest Hydro LLC,WV,108.2,12,False
57440,"SABIC IP Mt. Vernon, LLC",IN,108.0,1,False
61672,Willow Spring Solar LLC,CA,107.9,1,False
58338,Lakeside Beaver Falls LLC,NY,107.8,2,False
64315,"Walmart Stores Texas, LLC",TX,107.8,247,False
64804,"Ball Hill Wind Energy, LLC",NY,107.5,1,False
8303,Harbor Cogeneration Co.,CA,107.4,3,True
16190,Sappi Fine Paper North America-Somerset,ME,107.1,2,False
64703,"SR Snipesville II, LLC",GA,107.0,1,False
65307,"SR Snipesville III, LLC",GA,107.0,1,False
56365,NaturEner Glacier Wind Energy 1 LLC,MT,106.5,1,False
62915,Madison Energy Holdings LLC,CA DE GA IL MA MD ME MN MS NE NJ OH,106.5,52,False
63359,"REA Investments, LLC",IL MA ME MN,106.3,56,False
56418,Blackstone Wind Farm LLC,IL,106.0,1,False
64360,"SR Clay, LLC",GA,106.0,1,False
65012,"Buffalo Ridge Wind, LLC",MN,106.0,1,False
56520,Meadow Lake Wind Farm IV LLC,IN,105.7,1,False
65948,"Roundhouse Renewable Energy II, LLC",WY,105.7,1,False
59273,"62SK 8me, LLC",CA,105.0,1,False
61981,Willow Creek Wind Power LLC,SD,105.0,1,False
63731,Desert Harvest II LLC,CA,105.0,2,False
66814,Tibbits Energy Storage LLC,MI,104.9,1,False
17874,City of St George - (UT),UT,104.2,10,False
9393,International Paper Co-Riverdl,AL,104.2,4,False
15253,Power City Partners LP,NY,104.1,3,False
57395,"Shooting Star Power Partners, LLC",KS,104.0,1,False
61988,Pixelle Specialty Solutions LLC - (PA),PA,103.6,5,False
56366,NaturEner Glacier Wind Energy 2 LLC,MT,103.5,1,False
56423,Meadow Lake Wind Farm III LLC,IN,103.5,1,False
58649,"SunStrong Management, LLC",AZ CA IL MA MN NY,103.5,30,False
61214,"Heartland Divide Wind Project, LLC",IA,103.5,1,False
55932,Georgia-Pacific Brewton LLC,AL,103.4,3,False
60492,Walton Discover LLC,AL,103.0,2,False
62967,"New Creek Wind, LLC",WV,103.0,1,False
56073,Wheat Field Wind Power Project LLC,OR,102.9,1,False
56074,Arlington Wind Power Project LLC,OR,102.9,1,False
65312,"Clearwater Wind II, LLC",MT,102.8,1,False
58337,Lakeside Syracuse LLC,NY,102.7,2,False
65426,St. Gall Energy Storage I,TX,102.6,1,False
66359,"Fort Duncan BESS,  LLC",TX,102.6,1,False
61899,"SR Arlington II MT, LLC",GA,102.5,1,False
56688,Baldwin Wind LLC,ND,102.4,1,False
56698,Red Mesa Wind LLC,NM,102.4,1,False
57128,Bloom Energy,CA CT MA NJ NY,102.4,58,True
56420,Meadow Lake Wind Farm II LLC,IN,102.3,1,False
58298,FPL Energy Stateline II Inc,OR,102.3,1,False
9454,Cleveland Cliffs,OH,102.0,3,False
56600,Ascend Performance Materials LLC,FL,102.0,4,False
34719,FPL Energy Oklahoma Wind LLC,OK,102.0,2,False
56409,Milford Wind Corridor Stage II LLC,UT,102.0,1,False
64622,"Alta Wind IV, LLC",CA,102.0,1,False
60081,"Coram California Development, L.P.",CA,102.0,1,False
62761,Rosewater Wind Farm LLC,IN,102.0,1,False
65401,Wharton County Generation LLC,TX,101.9,1,False
19449,USACE-Fort Worth District,TX,101.8,6,False
164,AERA Energy LLC,CA,101.2,5,False
55397,NRG Energy Inc,TX,101.2,1,True
59803,"White Pine Solar, LLC",GA,101.2,1,False
65225,"Eight Point Wind, LLC",NY,101.2,1,False
17465,WestRock-West Point Mill,VA,101.0,5,False
65182,Flower Valley II,TX,101.0,1,False
65183,Swoose II,TX,101.0,1,False
6564,Formosa Plastics Corp,LA,100.8,4,False
55886,Smoky Hills Wind Farm I LLC,KS,100.8,1,False
60258,Paulding Wind Farm III LLC,OH,100.8,1,False
54904,High Prairie Wind Farm II LLC,MN,100.7,1,False
55880,Telocaset Wind Power Partners,OR,100.7,1,False
56071,"Sagebrush Power Partners, LLC",WA,100.7,1,False
56075,Rail Splitter Wind Farm LLC,IL,100.5,1,False
60617,"Buckthorn Wind Project, LLC",TX,100.5,1,False
58545,Tuscola Wind II LLC,MI,100.3,1,False
66338,Al Pastor BESS LLC,TX,100.3,1,False
49846,Covanta Honolulu Resource Recovery,HI,100.2,3,False
3892,City of Coffeyville - (KS),KS,100.1,6,False
20160,Energy Northwest,WA,100.1,3,True
11651,Martinez Refining Co,CA,100.0,3,False
64648,"High Lonesome Mesa, LLC",NM,100.0,1,False
56419,Lost Lakes Wind Farm LLC,IA,100.0,1,False
56941,Meadow Lake Wind Farm V LLC,IN,100.0,1,False
60456,"Apple Blossom Wind, LLC",MI,100.0,1,False
59039,Arbuckle Mountain Wind Farm LLC,OK,100.0,1,False
59634,North Star Solar PV LLC,MN,100.0,1,False
64799,Meadowlark Wind I LLC,ND,100.0,1,False
59727,RE Astoria LLC,CA,100.0,1,False
62160,"AES ES Alamitos, LLC",CA,100.0,1,False
61532,Techren Solar I LLC,NV,100.0,1,False
64719,Victoria Port Power II,TX,100.0,2,False
64758,SJRR Power LLC,TX,100.0,2,False
62134,Hunter Solar LLC,UT,100.0,1,False
59613,Fern Solar LLC,NC,100.0,1,False
62911,Drew Solar LLC,CA,100.0,1,False
63073,"Chicot Solar, LLC",AR,100.0,1,False
63129,Wapello Solar LLC,IA,100.0,1,False
63210,Saint Solar LLC,AZ,100.0,1,False
63430,"Chisholm Grid, LLC",TX,100.0,1,False
63451,"Madero Grid, LLC",TX,100.0,1,False
63550,"Ventura Energy Storage, LLC",CA,100.0,1,False
63718,"Sunflower County Solar Project, LLC",MS,100.0,1,False
63723,"Ignacio Grid, LLC",TX,100.0,1,False
63732,"Maverick Solar 4, LLC",CA,100.0,1,False
63798,"SR Lumpkin, LLC",GA,100.0,1,False
65060,BPL Crown Solar LLC,TX,100.0,1,False
65061,BPL Sol Solar LLC,TX,100.0,1,False
64081,Point Beach Solar,WI,100.0,1,False
64084,OE_TN1,TN,100.0,1,False
67098,Gambit Energy Storage LLC,TX,100.0,1,False
64250,"Borderlands Wind, LLC",NM,100.0,1,False
64358,New Market Solar,OH,100.0,2,False
64669,"CPV Maple Hill Solar, LLC",PA,100.0,1,False
63466,Conductive Power,CA,100.0,2,False
67320,Foster Clean Power A LLC,AZ,100.0,1,False
65302,"Ponderosa Wind II, LLC",OK,100.0,1,False
65348,"Ragsdale Solar, LLC",MS,100.0,1,False
65392,Riverstart Solar Park III LLC,IN,100.0,1,False
65458,"Cereal City Solar, LLC",MI,100.0,1,False
65451,Grizzly Ridge Solar LLC,TX,100.0,1,False
65643,Cald BESS LLC,CA,100.0,1,False
65656,"Kiowa County Solar Project, LLC",OK,100.0,1,False
65727,Saint Energy Storage II LLC,AZ,100.0,1,False
65780,"Clearwater Wind III, LLC",MT,100.0,1,False
65819,"Ables Springs Solar, LLC",TX,100.0,1,False
65997,"Amite Solar, LLC",LA,100.0,1,False
66022,"SR Lambert I, LLC",SC,100.0,1,False
66071,Franklin Solar Idaho,ID,100.0,1,False
66087,Quail Ranch Solar and Battery Energy Storage System,NM,100.0,1,False
66059,"Hornshadow Solar, LLC",UT,100.0,1,False
66526,"Burksol, LLC",TX,100.0,1,False
66604,"SR Lambert II, LLC",SC,100.0,1,False
65801,"Angelo Storage, LLC",TX,100.0,1,False
66623,"Great Kiskadee Storage, LLC",TX,100.0,1,False
66813,St Gall Energy Storage II LLC,TX,100.0,1,False
66902,"Wildwood Solar, LLC",MS,100.0,1,False
66988,Sky Ranch Bess II,NM,100.0,1,False
67252,"Jackson Fuller Energy Storage, LLC",CO,100.0,1,False
56945,Blue Canyon Windpower VI LLC,OK,99.8,1,True
66549,Caballero CA Storage LLC,CA,99.7,1,False
17690,SOWEGA Power LLC,GA,99.6,2,False
58893,Xeres Ventures LLC,CA,99.6,44,False
7043,Temple-Inland Corp,LA,99.5,3,False
63960,"White Rock Wind West, LLC",OK,99.5,1,False
61563,"Blue Summit II Wind, LLC",TX,99.4,1,True
65681,Henrietta BESS LLC,CA,99.4,1,False
60562,"Oliver Wind III, LLC",ND,99.3,1,False
16793,Schuylkill Energy Resource Inc,PA,99.2,1,False
58132,Perrin Ranch Wind LLC,AZ,99.2,1,False
60859,Redbed Plains Wind Farm LLC,OK,99.1,1,False
56416,Blue Canyon Windpower V LLC,OK,99.0,1,True
56561,Day County Wind LLC,SD,99.0,1,False
56936,Paulding Wind Farm II LLC,OH,99.0,1,False
64421,NexteraEnergy,NH,99.0,1,False
59042,Rising Tree Wind Farm III LLC,CA,99.0,1,False
61838,"Aulander Holloman Solar, LLC",NC,99.0,1,False
61946,"Prairie State Solar, LLC",IL,99.0,1,False
66040,"Milford Solar 1, LLC",UT,99.0,1,False
63815,"Dressor Plains Solar, LLC",IL,99.0,1,False
65650,"Harvest Gold Solar Power, LLC",MS,99.0,1,False
56499,Harvest Wind Project TIC,WA,98.9,1,False
58090,NextEra Energy Resources Ensign Wind,KS,98.9,1,True
3355,City of Chanute (KS),KS,98.8,8,False
59394,NextEra Energy Resources Breckinridge,OK,98.8,1,True
10620,City of Lake Worth Beach - (FL),FL,98.7,9,False
55938,Industrial Power Generating Company LLC,MD NC PA VA,98.7,329,False
40614,Alabama Municipal Elec Authority - (AL),AL,98.6,2,False
16929,SEMASS Partnership,MA,98.5,2,False
55901,Osceola Windpower LLC,IA,98.2,1,False
66001,"Bayou Galion Solar Project, LLC",LA,98.1,1,False
6850,"FPL Energy Hancock County Wind, LLC",IA,98.0,1,False
56424,Quilt Block Wind Farm LLC,WI,98.0,1,False
56826,Texas Medical Center Central,TX,98.0,2,False
58865,Hoopeston Wind LLC,IL,98.0,1,False
63137,Idemitsu Renewables,CA,98.0,2,False
11217,Los Angeles County Sanitation,CA,97.6,7,False
9339,International Bound & Wtr Comm,TX,97.5,5,False
67645,Dartmouth Energy Center,MA,97.4,3,False
63083,Coyote Ridge LLC,SD,97.4,1,False
991,Air Products & Chemicals Inc,CA TX,97.1,2,False
60584,Onyx Asset Services Group,AZ CA CT DE HI IL KS LA MA MD NJ NM NY,97.0,41,False
65678,Malaga BESS LLC,CA,97.0,1,False
9686,"WestRock, Fernandina Beach",FL,96.9,2,False
9645,Jamestown Board of Public Util,NY,96.3,3,False
13365,Nevada Cogeneration Assoc # 2,NV,96.3,4,False
56523,Colorado Highlands Wind LLC,CO,96.1,2,False
5084,Delaware Municipal Electric Corp,DE,96.0,2,False
55784,California Power Holdings LLC,CA,96.0,32,False
65400,"Horus West Virginia 1, LLC",WV,96.0,1,False
563,American Bituminous Power LP,WV,95.7,1,True
9390,International Paper Co-GT Mill,SC,95.6,3,False
13630,North Carolina Mun Power Agny #1,NC,95.6,37,False
61668,Strauss Wind LLC,CA,95.3,1,False
13402,Nevada Irrigation District,CA,95.0,9,False
49972,Gilroy Energy Center LLC,CA,95.0,2,False
3203,Cedar Falls Utilities,IA,94.9,4,False
12258,MATEP LLC,MA,94.8,10,False
13399,Nevada Cogeneration Assoc # 1,NV,94.8,4,False
16814,Scrubgrass Reclamation CO. LP.,PA,94.7,1,False
4174,Cokenergy Inc,IN,94.6,1,False
16653,Sappi Cloquet LLC,MN,94.5,7,False
2867,Calpine Corp-Yuba City,CA,94.3,2,False
14432,"Panther Creek Power Operating, LLC",PA,94.0,1,False
61505,NRG Chalk Point CT,MD,94.0,1,True
15989,City of Richmond - (IN),IN,93.9,2,False
63139,Minonk Stewardship Wind LLC,IL,93.0,1,False
22174,PEI Power Corp,PA,92.9,4,False
67484,US Paper Mill Company,OH,92.8,4,False
2548,City of Burlington Electric - (VT),VT,92.5,5,False
57398,"Whitetail Wind Energy, LLC",TX,92.0,1,False
65730,"Eastover Solar, LLC",SC,91.6,2,False
18162,WestRock-Florence,SC,91.5,2,False
60278,64KT 8me LLC,CA,91.5,2,False
62836,Navisun LLC,IL MA ME NJ RI TX VA,91.1,30,False
12303,Merck & Co Inc-West Point,PA,90.6,15,False
9261,Indeck-Olean Ltd Partnership,NY,90.6,2,False
67109,"Tyson Nick Solar Project, LLC",TX,90.5,1,False
3486,Chillicothe Municipal Utils (MO),MO,90.0,7,False
14653,PUD No 1 of Pend Oreille County - (WA),WA,90.0,4,False
178,CES Placerita Inc,CA,90.0,2,False
570,Covanta Delaware Valley LP,PA,90.0,1,False
13765,Northlake Energy,IN,90.0,1,False
56951,"Michigan Wind 2, LLC",MI,90.0,1,False
58380,"Alta Wind XI, LLC",CA,90.0,1,False
60328,Big Level Wind LLC,PA,90.0,1,False
65016,"High River Energy Center, LLC",NY,90.0,1,False
65419,"Superstition Energy Storage, LLC",AZ,90.0,1,False
8009,International Paper Co,AL,89.8,2,False
61042,Cottonwood Wind Project,NE,89.7,1,False
4382,Colton Power LP,CA,89.6,8,False
66098,Relevate Power Management LLC,CT MA ME NY RI,88.7,37,False
56142,"Alliance NYGT, LLC",NY,88.4,2,False
7199,Gilberton Power Co,PA,88.4,1,False
40580,Southern Minnesota Mun P Agny,MN,88.2,17,False
6838,Rensselaer Generating LLC,NY,88.2,2,False
55839,Domtar Paper Company LLC,KY,88.0,1,False
61318,"Buchanan Generation, LLC",VA,88.0,2,False
65647,Resurgence Solar II,CA,88.0,2,False
61317,Gans Energy LLC,PA,87.6,2,False
61320,"Chambersburg Energy, LLC",PA,87.6,2,False
7136,Georgia-Pacific Consr Prods LP-Naheola,AL,87.5,2,False
61978,Convergent Energy and Power LP,CA MD NY PA,87.0,11,False
58959,Freeport LNG Development L.P,TX,87.0,1,False
62856,"Forefront Power, LLC",CA IA IL MD NY,86.9,39,False
61624,"SR Snipesville, LLC",GA,86.0,1,False
59780,"Golden Hills Wind, LLC",CA,85.9,1,False
6088,Exxon Mobil Corp,LA,85.3,1,False
56097,Atalco Gramercy LLC,LA,85.3,5,False
63287,"Axium Arizona Renewables, LLC",AZ,85.1,2,False
55863,Suzano Packaging LLC,AR,85.0,3,False
10433,Kodiak Electric Assn Inc,AK,84.8,17,False
34359,Curators of the University of Missouri,MO,84.7,8,False
61880,Clearwater Paper Corporation - Augusta,GA,84.7,3,False
6775,Village of Freeport - (NY),NY,84.6,4,False
14194,City of Orrville - (OH),OH,84.5,5,False
57332,Roquette America,IA,84.4,3,False
16064,Graphic Packaging International,LA,84.2,3,False
66605,"MPH AL Pierce, LLC",CT,84.0,1,False
50118,US Army Corps of Engineers,SC,84.0,3,False
9210,GCF - Riegelwood Mill,NC,84.0,2,False
54870,FPL Energy Red Canyon LLC,TX,84.0,1,False
44466,BP PLC,IN,83.8,5,False
61298,Pine Gate Renewables,GA NC,83.4,3,True
1357,BASF Corp,TX,83.2,2,False
64418,GSEone,TX,83.0,1,False
66049,"Foxhound Solar, LLC",VA,83.0,1,False
9401,International Paper Co-Pensacola,FL,82.8,2,False
49968,Searles Valley Minerals Operations Inc.,CA,82.5,4,False
13866,NWP Indian Mesa Wind Farm LP,TX,82.5,1,False
26253,Louisiana Energy & Power Authority,LA,82.3,4,False
58365,Petra Nova Power I LLC,TX,82.2,1,False
17610,"WestRock Southeast, LLC",GA,82.1,2,False
14628,Pecos Wind I LP,TX,82.0,1,False
49837,Pinelawn Power LLC,NY,82.0,2,False
63026,"Oppidum Renewables USA, LLC",NC VA,81.9,18,False
57397,"Beebe Renewable Energy, LLC",MI,81.6,1,False
7166,Georgia-Pacific Monticello LLC,MS,81.5,2,False
57369,"Apple, Inc",AZ CA NC,81.5,7,False
64631,"Elkhorn Ridge Wind, LLC",NE,81.0,1,False
59870,"Bishop Hill Energy II, LLC",IL,81.0,1,False
59146,Red Horse 2,AZ,81.0,2,False
60871,"Stuttgart Solar, LLC",AR,81.0,1,False
64449,"Texas Microgrid, LLC",TX,80.8,202,False
8776,City of Holyoke Gas and Elec Dept - (MA),MA,80.6,18,False
54777,Signal Hill Generating LLC,TX,80.0,4,False
62136,Llano Estacado Wind Ranch,TX,80.0,1,False
66075,"Old Gold Energy Center, LLC",IA,80.0,1,False
60493,Walton Bainbridge LLC,GA,80.0,2,False
63888,Shell Chemical LP - Geismar,LA,80.0,2,False
64079,"Central Rivers Power WV, LLC",WV,80.0,2,False
64652,Mountain Wind Power II LLC,WY,80.0,1,False
61133,"Lorenzo Wind, LLC",TX,80.0,1,False
59806,"Grand View PV Solar Two, LLC",ID,80.0,2,False
63810,"Pioneer Solar (CO), LLC",CO,80.0,1,False
61709,"Desert Harvest, LLC",CA,80.0,1,False
62146,Sigurd Solar LLC,UT,80.0,1,False
61222,174 Power Global Corp.,TX,80.0,1,False
63522,"Johanna Energy Center, LLC",CA,80.0,3,False
63639,"Rocket Solar, LLC",UT,80.0,1,False
63666,"Altavista Solar, LLC",VA,80.0,1,False
64775,"Harts Mills Solar, LLC",NC,80.0,1,False
63769,"Lancaster Solar GA, LLC",GA,80.0,1,False
63803,Apex Solar LLC,MT,80.0,1,False
64261,Sac County Wind,IA,80.0,1,False
64306,"Elektron Solar, LLC",UT,80.0,1,False
67222,Nestlewood Solar,OH,80.0,1,False
65211,"Blackwater Solar, LLC",GA,80.0,1,False
65304,"SR Ailey, LLC",GA,80.0,1,False
65380,"Steel Solar, LLC",UT,80.0,1,False
65589,Bulldog Solar LLC,GA,80.0,1,False
65657,Adams Solar LLC (PA),PA,80.0,1,False
65754,VESI 12 LLC,CA,80.0,1,False
65937,"CPV Stagecoach Solar, LLC",GA,80.0,1,False
66142,Goose Prairie Solar LLC,WA,80.0,1,False
66513,"East Atmore Solar, LLC",AL,80.0,1,False
66858,Garnet Mesa Solar LLC,CO,80.0,1,False
64649,Laredo Ridge Wind LLC,NE,79.9,1,False
64616,Broken Bow Wind LLC,NE,79.9,1,False
50128,Georgia-Pacific Consr Ops LLC-Palatka,FL,79.8,2,False
67035,Prologis Logistics Services Incorporated BESS,TX,79.7,8,False
15477,Public Service Elec & Gas Co,NJ,79.3,19,True
56937,Rising Tree Wind Farm LLC,CA,79.2,1,False
63813,"Assembly Solar III, LLC",MI,79.0,1,False
8884,Terrebonne Parish Consol Gov't,LA,78.9,3,False
57481,Red River Mill Intl Paper Company,LA,78.8,1,False
58551,Steele Flats Wind Project LLC,NE,78.8,1,False
64504,"Phobos Solar, LLC",NC,78.8,1,False
473,Covanta Hempstead Company,NY,78.6,1,False
11701,City of Marquette - (MI),MI,78.5,6,False
13488,New Ulm Public Utilities Comm,MN,78.5,5,False
19691,Paulsboro Refining Company - LLC,NJ,78.5,4,False
65591,"Cane Creek Solar, LLC",MS,78.5,1,False
65592,"Moonshot Solar, LLC",MS,78.5,1,False
58261,Arkwright Summit Wind Farm LLC,NY,78.4,1,False
57024,"Vasco Winds, LLC",CA,78.2,1,False
57026,"NextEra Energy Montezuma Wind II, LLC",CA,78.2,1,True
3836,NorthStar Clean Energy,MI,78.1,2,False
12670,Missouri Jnt Muni.Pwr Elec. Ut. Comm.,MO,78.1,15,False
14629,Pecos Wind II LP,TX,78.0,1,False
56364,United States Steel Granite City Works,IL,78.0,1,True
62893,Mililani I Solar LLC,HI,78.0,2,False
58625,"Black Oak Wind, LLC",MN,78.0,1,False
59428,"Sendero Wind Energy, LLC",TX,78.0,1,False
59362,Jericho Rise Wind Farm LLC,NY,77.7,1,False
55858,"Energy Developments, Inc d/b/a EDL",AL GA MI OH PA UT,77.4,63,False
56291,International Paper Co.,AL,77.4,2,False
55754,Boralex Hydro Operations Inc,NY,77.3,10,False
61982,GFC - Flint River Mill,GA,77.0,2,False
63955,"Farmington Solar, LLC",ME,77.0,1,False
66422,ORNI 30 LLC,CA,77.0,2,False
61358,"Forked River Power, LLC",NJ,76.8,2,False
55871,"Reworld Projects, LLC",FL,76.5,2,False
59831,"White Oak Solar, LLC",GA,76.5,1,False
55744,Acciona Solar Power,NV,75.7,1,False
57222,Liberty Utilities (CalPeco Electric) LLC,CA NV,75.0,8,True
7168,CITGO Petroleum Corp,LA,75.0,3,False
57430,"Berlin Station, LLC",NH,75.0,1,False
59728,RE Astoria 2 LLC,CA,75.0,1,False
59790,"River Bend Solar, LLC",AL,75.0,1,False
63494,"Allora Solar, LLC",SC,75.0,1,False
63499,"Gunsight Solar, LLC",SC,75.0,1,False
63638,"Horseshoe Solar, LLC",UT,75.0,1,False
64559,"Hunter Solar, LLC",CO,75.0,1,False
65169,"Desert Peak Energy Storage II, LLC",CA,75.0,1,False
66169,"Pluto Energy Storage, LLC",AZ,75.0,1,False
66570,"Catalina Solar, LLC",SC,75.0,1,False
66748,Peoples Electric Cooperative,OK,75.0,30,False
67471,"Dogfish ESS Assets, LLC",TX,75.0,1,False
56622,Shaw Creek Solar,SC,74.9,1,False
58539,Pheasant Run Wind LLC,MI,74.8,1,False
60472,Tungsten Mountain,NV,74.8,4,False
60495,"Sunpin Holdings, LLC",CA,74.8,1,False
61209,NC 102 Project LLC,NC,74.8,1,False
64897,"Generate ER-NG, LLC",TX,74.8,113,False
6426,Flint Hills Resources Corpus Christi LLC,TX,74.5,2,False
63292,Harmony Florida Solar LLC,FL,74.5,1,False
63290,Taylor Creek Solar LLC,FL,74.5,1,False
64844,"Bell Ridge Solar, LLC",FL,74.5,1,False
66063,"FRP Tupelo Solar, LLC",FL,74.5,1,False
66088,"FRP Gadsden County Solar, LLC",FL,74.5,1,False
66089,"FRP Columbia County Solar, LLC",FL,74.5,1,False
66090,"FRP Gilchrist County Solar, LLC",FL,74.5,1,False
66091,"Harmony Florida Solar II, LLC",FL,74.5,1,False
66092,"Storey Bend Solar, LLC",FL,74.5,1,False
66744,Bronson Solar LLC,FL,74.5,1,False
65344,Misenheimer Solar LLC,NC,74.4,1,False
1881,Blue Canyon Windpower LLC,OK,74.3,1,True
62150,"2016 ESA Project Company, LLC",CA CT DE NJ NY,74.1,46,False
61634,"SR Terrell, LLC",GA,74.0,1,False
62008,Hale Kuawehi Solar LLC,HI,74.0,2,False
30052,Indorama Ventures,TX,73.8,2,False
16024,Riverwood Intl USA Inc,GA,73.7,4,False
65181,House Mountain,TX,73.2,1,False
64179,"Ranchland Wind Storage, LLC",TX,73.0,1,False
11427,Massachusetts Wtr Rauth-Deer I,MA,72.8,8,False
14362,Packaging Corp of America,TN,72.5,2,False
65114,"Rocking R Solar, LLC",LA,72.5,1,False
20505,GFC - Wentworth Mill,GA,72.3,2,False
50003,Brunswick Cellulose LLC,GA,72.2,3,False
5065,Equistar Chemicals LP,LA TX,72.1,4,False
60741,Fortistar Castleton Power,NY,72.0,2,False
64474,Waiawa Solar Power LLC,HI,72.0,2,False
65488,"NTUA Generation - Utah, LLC",UT,72.0,1,False
62042,SRIV Partnership LLC,IA KS,71.4,2,False
65173,United States Solar Corporation,CO IL MN,71.4,62,True
65914,"Elawan Dileo Solar, LLC",TX,71.4,1,False
30002,International Paper Co,GA,71.2,1,False
291,Ahlstrom Power Windsor Locks LLC,CT,71.0,3,False
23632,Inland Paperboard - Rome Mill,GA,70.4,4,False
64505,"Cabin Creek Solar, LLC",NC,70.2,1,False
10944,PUD No 1 of Lewis County - (WA),WA,70.0,2,False
18414,TES Filer City Station LP,MI,70.0,1,False
56661,Criterion Power Partners LLC,MD,70.0,1,False
60208,Chaves Solar LLC,NM,70.0,1,False
60209,"Roswell Solar, LLC",NM,70.0,1,False
57354,X-Elio North America Inc,SC,70.0,1,True
63602,"Titan Solar 1, LLC",CA,70.0,1,False
64361,"SR Cedar Springs, LLC",GA,70.0,1,False
64610,"Powells Creek Farm Solar, LLC",VA,70.0,1,False
64684,Mulligan Solar,IL,70.0,1,False
64915,"SR McKellar, LLC",TN,70.0,1,False
64979,"Kossuth County Wind, LLC",IA,70.0,1,False
65212,"Hobnail Solar, LLC",GA,70.0,1,False
5625,Easton Utilities Comm,MD,69.9,17,False
59833,PCA-Valdosta Mill,GA,69.9,3,False
64430,"Calpine Greenleaf Holding, Inc.",CA,69.8,2,False
542,Covanta Essex Company,NJ,69.8,2,False
49840,"Waterside Power, LLC",CT,69.6,3,False
19685,Valero Refining Co,TX,69.2,3,False
10273,Kimberly-Clark Corp,PA,69.2,4,False
50131,Ormat Stillwater LLC,NV,69.2,5,False
11724,Massachusetts Bay Trans Auth,MA,69.0,1,False
54800,"Michigan Wind 1, LLC",MI,69.0,1,False
56868,Kawailoa Wind LLC,HI,69.0,1,False
12949,Morgantown Energy Associates,WV,68.9,1,False
15375,Procter&Gamble Paper Products Co-Oxnard,CA,68.7,2,False
5232,Woodland Pulp LLC,ME,68.3,12,False
49805,Kennecott Utah Copper,UT,68.2,4,False
1569,Berry Petroleum Co,CA,68.1,5,False
56164,International Paper - Valliant,OK,68.0,1,False
21773,Yellowstone Energy LP,MT,68.0,1,False
63770,"SR Perry, LLC",GA,68.0,1,False
49760,"Covanta Montgomery, Inc.",MD,67.8,1,False
12710,Missouri Basin Muni Power Agny,SD,67.5,1,False
221,"Alaska Village Elec Coop, Inc",AK,67.3,109,False
16839,Seneca Power Partners LP,NY,67.3,3,False
66431,Liberty 1 Solar LLC,TX,67.2,1,True
58651,"Allegany Generating Station, LLC",NY,67.0,2,False
1991,Boise White Paper LLC,MN,66.5,8,False
744,McKinley Paper,WI,66.5,2,False
18155,Westrock (LA),LA,66.4,3,False
62775,"Central Rivers Power NH, LLC",NH VT,66.3,20,False
6985,Justin McNeilus,MN,66.3,5,False
56483,Eurus Combine Hills II LLC,OR,66.1,1,False
67301,FCC Environmental,FL,66.0,1,False
61213,Hamakua Energy LP,HI,66.0,3,False
64617,Alpine BESS LLC,CA,66.0,1,False
56786,Crystal Lake 3 LLC,IA,66.0,1,False
60969,Hog Creek Wind Project LLC,OH,66.0,1,False
65658,Caden Energix Axton LLC,VA,66.0,1,False
50136,North American Energy Services,NY,65.7,2,False
59365,Capital Power Corporation,NC NM,65.4,2,True
14182,Sterling Power Partners LP,NY,65.3,3,False
298,City of Alexandria - (LA),LA,65.1,7,False
61963,Graphic Packaging International - Texarkana,TX,65.0,2,False
62103,Whitney Hill Wind Power LLC,IL,65.0,1,False
62807,"Hawtree Creek Farm Solar, LLC",NC,65.0,1,False
64936,"San Jacinto Grid, LLC",CA,65.0,1,False
65306,"SR DeSoto II, LLC",GA,65.0,1,False
66316,"Northumberland Solar, LLC",PA,65.0,1,False
66949,Breckinridge Energy Storage LLC,OK,65.0,1,False
67074,Minco II Energy Storage LLC,OK,65.0,1,False
14605,City of Peabody - (MA),MA,64.9,2,False
7,"Primary Products Ingredients Americas, LLC",IL,64.8,1,False
3828,Cloverland Electric Co-op,MI,63.6,82,False
3085,Carthage Energy LLC,NY,62.9,2,False
49919,Falcon Power Operating Company,AZ,62.6,2,False
64662,Spring Canyon Expansion LLC,CO,62.6,2,False
60561,Nippon Dynawave Packaging Co.,WA,62.4,4,False
59973,Marshall Solar Energy Project,MN,62.3,1,False
13511,New York State Elec & Gas Corp,NY,62.1,18,False
64367,"Primary Products Ingredients Americas, LLC d/b/a Primient",IN,61.8,2,False
1924,Packaging Corporation of America,LA,61.5,1,False
34723,FPL Energy North Dakota Wind LLC,ND,61.5,1,False
56905,Clearlight Energy Sanger LLC,CA,61.5,2,False
63346,"PRIMIENT, LLC",TN,61.4,2,False
58134,Cirrus Wind 1 LLC,TX,61.2,1,False
65853,Skysol Holdco LLC,OR,61.2,1,False
15343,"Primary Energy Recycling Holdings, LLC",IN,61.0,2,False
64651,Mountain Wind Power LLC,WY,61.0,1,False
40582,Michigan Public Power Agency,MI,60.5,1,False
1268,Bayswater Peaking Facility LLC,NY,60.5,1,False
20858,WPPI Energy,WI,60.5,1,False
5532,E I Colton LLC,CA,60.5,1,False
49786,"Jamaica Bay Peaking Facility, LLC",NY,60.5,1,False
11740,City of Marshfield - (WI),WI,60.4,1,False
64156,Sky River Wind LLC,CA,60.2,1,False
17271,City & Borough of Sitka - (AK),AK,60.1,10,False
63036,"Hunterstown Power, LLC",PA,60.0,3,False
19588,University of Michigan,MI,60.0,6,False
56625,Flat Water Wind Farm LLC,NE,60.0,1,False
56980,"Regulus Solar, LLC",CA,60.0,1,False
57282,Piedmont Green Power LLC,GA,60.0,1,False
60191,"RE Barren Ridge 1, LLC",CA,60.0,1,False
61425,"Ranchland Solar, LLC",NC,60.0,1,False
64172,Arevon Asset Management,CA,60.0,1,True
65479,"Goleta Energy Storage, LLC",CA,60.0,1,False
65786,"SR DeSoto III, LLC",GA,60.0,1,False
66442,"Heirloom Solar (Ratts 1 Phase 2 Solar, LLC)",IN,60.0,1,False
66850,VESI 38 LLC,TX,60.0,1,False
67493,"Biscayne Falls SPV, LLC",IN,60.0,1,False
9243,Indeck-Yerkes Ltd Partnership,NY,59.9,2,False
55922,Whirlwind Energy LLC,TX,59.8,1,False
58180,"Blackwell Wind, LLC",OK,59.8,1,False
7294,City of Glendale - (CA),CA,59.4,2,False
4180,Connecticut Mun Elec Engy Coop,CT NY,59.4,22,False
57256,"Harvest II Windfarm, LLC",MI,59.4,1,False
61973,Black Hills Electric Generation LLC,CO,59.4,1,True
63689,"Wonderful Renewable Energy, LLC.",CA,59.4,15,False
10875,Lee County Board-Commissioners,FL,59.0,2,False
24931,Palmer Hydroelectric,NY,59.0,7,False
62682,"Kellam Solar, LLC",TX,59.0,1,False
58245,"Patua Acquisition Company, LLC",NV,58.6,4,False
38215,Phillips 66 - Los Angeles,CA,58.5,1,False
67350,"Energy Vault, Inc.",TX,58.3,1,True
21734,Sunnyside Cogeneration Assoc,UT,58.1,1,False
26618,USCE-St Louis District,MO,58.0,2,False
63844,"Ellwood Power, LLC",CA,58.0,1,False
60251,"GRP Franklin Renewable Energy Facility, LLC",GA,58.0,1,False
60846,"GRP Madison Renewable Energy Facility, LLC",GA,58.0,1,False
62802,Cove Mountain Solar LLC,UT,58.0,1,False
12307,WestRock (TX),TX,57.7,3,False
5670,Ebensburg Power Co,PA,57.6,1,False
58135,Ecos Energy LLC,CA CT IN MA MN VT,57.6,38,False
61934,CI III VK I TE Partnership LLC,UT,57.6,1,False
9244,Indeck-Oswego Ltd Partnership,NY,57.4,2,False
18986,THUMS Long Beach Company,CA,57.4,1,False
66264,AETS OpCo Holdings LLC,CA NY TX,57.4,11,False
58970,"Ecoplexus, Inc",CA MN,57.3,42,False
64894,Clean Energy Systems Delano,CA,57.0,2,False
55737,"Wind Capital Holdings, LLC",MO,56.7,1,False
9245,Indeck-Energy Serv Silver Spg,NY,56.6,2,False
18125,Stillwater Utilities Authority,OK,56.4,3,False
56187,Billerud Quinnesec Mill,MI,56.0,2,False
60370,"DG AMP Solar, LLC",DE MI OH VA,55.9,12,False
3084,Carson Cogeneration Co,CA,55.8,2,False
64393,"Tulare Solar Center, LLC",CA,55.8,1,False
14381,City of Painesville - (OH),OH,55.5,5,False
63802,Independence Wind Energy LLC,IA,55.4,1,False
60879,"NGI-Kayenta Solar Lessor I, LLC",AZ,55.3,2,False
16183,Rochester Gas & Electric Corp,NY,55.1,5,False
60898,Axium US Solar Holdings LLC,CA GA,55.1,5,False
65355,Mayacma Geothermal,CA,55.0,1,False
62815,Stored Solar J&WE,ME,55.0,2,False
56791,Hudson Ranch Power I LLC,CA,55.0,1,True
60886,"Gray Hawk Solar, LLC",AZ,55.0,1,False
65086,"Landrace Holdings, LLC",SC,55.0,1,False
65218,"Glover Creek Solar, LLC",KY,55.0,1,False
4208,Phillips 66 Company,CA,54.9,3,False
64579,"Shasta Sustainable Resource Management, Inc.",CA,54.9,3,False
1308,Basin Creek Power Services LLC,MT,54.9,9,False
66516,"Dans Mountain Wind Force, LLC",MD,54.9,1,False
11560,City of Manassas - (VA),VA,54.8,27,False
60865,"CD Global Solar Holdings, LLC",NC,54.8,10,False
4222,Ingredion Inc - Illinois,IL,54.6,4,False
60130,"Albany Green Energy, LLC",GA,54.5,1,False
58178,GSA Metropolitan Service Center,MD,54.3,12,False
63037,"Mountain Power, LLC",PA,54.0,2,False
63042,"Tolna Power, LLC",PA,54.0,2,False
22175,PCS Phosphate,NC,54.0,1,False
56652,DTE Stockton LLC,CA,54.0,1,True
56137,Domtar LLC,PA,54.0,1,False
3670,FreePort-McMoRan-Corp-Chino Mines,NM,54.0,2,False
361,Industrial Energy Applications Inc,IA,54.0,37,False
7308,Hawkeye Energy Greenport LLC,NY,54.0,1,False
56484,Butler Ridge Wind Energy Center,WI,54.0,1,False
61702,"Epic Hosting, LLC",MN WI,53.9,21,False
64537,"Pinnacle Wind, LLC",WV,53.7,1,False
11251,Loup River Public Power Dist,NE,53.4,6,False
57281,University of Cincinnati,OH,53.2,7,False
63045,"Warren Generation, LLC",PA,53.1,1,False
60334,"SR Millington, LLC",TN,53.0,1,False
55873,"Harvest Windfarm, LLC",MI,52.8,1,False
62076,Silver Star I Power Partners LLC,TX,52.8,1,False
22001,Sunbury Generation LP,PA,52.7,3,False
59254,NuGen Capital Management,MA NJ RI,52.6,16,False
50083,Brookfield Power New England,ME,52.5,7,False
19519,United States Steel-Mon Valley,PA,52.5,3,True
60330,"SR South Loving, LLC",GA,52.5,1,False
61701,"SR Meridian III, LLC",MS,52.5,1,False
18031,Steamboat Development Corp,NV,52.2,6,False
56488,Ascend Performance Materials,TX,52.1,2,False
62968,"Silver State Solar Power North, LLC",NV,52.0,1,False
59744,"Solar Star Colorado III, LLC",CO,52.0,1,False
60098,"MS Solar 2, LLC",MS,52.0,1,False
61579,"FL Solar 5, LLC",FL,52.0,1,False
61531,"Casa Mesa Wind, LLC",NM,51.9,2,False
58710,Lakeswind Power Partners,MN,51.8,1,False
64438,"Enel Green Power Roseland Solar, LLC",TX,51.8,1,False
8567,City of Higginsville - (MO),MO,51.6,6,False
64266,"Blue Jay Solar I, LLC",TX,51.6,1,True
16294,Roseburg Forest Products Co,OR,51.5,6,False
22269,Goal Line LP,CA,51.4,2,False
56788,Domtar Paper Company Bennettsville,SC,51.4,1,False
55727,Orion Engineered Carbons,LA TX,51.0,2,False
3608,Puna Geothermal Venture,HI,51.0,12,False
59102,Wessington Wind,SD,51.0,1,False
59698,"Sky Global Power One Pledgor, LLC",TX,51.0,6,False
59802,"Live Oak Solar, LLC",GA,51.0,1,False
64612,"Sunnybrook Farm Solar, LLC",VA,51.0,1,False
55696,FPL Energy Oliver County Wind,ND,50.6,1,False
56909,Record Hill Wind LLC,ME,50.6,1,False
9382,International Paper Co-Vicksbg,MS,50.5,2,False
9187,City of Idaho Falls - (ID),ID,50.4,5,False
50133,Leaf River Cellulose LLC,MS,50.4,2,False
55734,"Cow Branch Wind Power, LLC",MO,50.4,1,False
55735,"CR Clearing, LLC",MO,50.4,1,False
58785,"Beebe 1B Renewable Energy, LLC",MI,50.4,1,False
59979,"Cotton Plains Wind I, LLC",TX,50.4,1,False
62106,Hidalgo Wind Farm II LLC,TX,50.4,1,False
54679,BP Piney & Deep Creek LLC,MD PA,50.0,5,False
55849,Domtar Paper Co LLC Kingsport Mill,TN,50.0,1,False
3837,CMS Generation Operating Co II,NC,50.0,1,True
470,"Reworld Niagara I, LLC",NY,50.0,2,False
56603,Roth Rock Wind Farm LLC,MD,50.0,2,False
59272,"41MB 8me, LLC",CA,50.0,1,False
60118,"83WI 8ME, LLC",CA,50.0,1,False
60238,Pavant Solar II LLC,UT,50.0,1,False
60326,"Hattiesburg Farm, LLC",MS,50.0,1,False
60636,"SolaireHolman 1, LLC",TX,50.0,1,False
62080,"Lamesa Solar II, L.L.C.",TX,50.0,1,False
61436,"Titan Solar, LLC",CO,50.0,1,False
61949,"Assembly Solar I, LLC",MI,50.0,1,False
61954,Techren Solar V LLC,NV,50.0,1,False
61964,Kimberly Clark - Mobile Alabama,AL,50.0,2,False
65903,"Little Bear Solar 4, LLC (Longroad)",CA,50.0,1,False
65904,"Little Bear Solar 5, LLC (Longroad)",CA,50.0,1,False
62808,"Whitehorn Solar, LLC",VA,50.0,1,False
62912,Iris Solar LLC,LA,50.0,1,False
63502,"Partin Solar, LLC",NC,50.0,1,False
64363,"SR Turkey Creek, LLC",KY,50.0,1,False
64564,Byrd Ranch Storage LLC,TX,50.0,1,False
64609,ENGIE Solidago Solar LLC,DE,50.0,1,False
65018,"East Point Energy Center, LLC",NY,50.0,1,False
65071,"SloughHouse Solar, LLC",CA,50.0,1,False
65970,"Sunlight Road Solar, LLC",LA,50.0,1,False
66421,"BT Signal Ranch, LLC",TX,50.0,1,False
66676,"Gransolar Texas One, LLC",TX,50.0,1,False
67071,Kingman Energy Storage LLC,AZ,50.0,1,False
67158,Padua 1,TX,50.0,1,False
19676,Valero Refining Co California,CA,49.9,1,False
58524,South Boston Energy LLC,VA,49.9,1,False
62805,"Bluestone Farm Solar, LLC",VA,49.9,1,False
64607,Salt City Solar LLC,OH,49.9,1,False
65364,Blue Harvest Solar Park LLC,OH,49.9,1,True
65365,Timber Road Solar Park,OH,49.9,1,False
66837,Clinton Solar (OH) LLC,OH,49.9,1,False
5336,City of Dover - (OH),OH,49.6,4,False
56121,Osceola Windpower II,IA,49.6,1,False
65915,"Elawan Pitts Dudik Solar, LLC",TX,49.6,1,False
59879,Greenleaf Energy LLC,CA,49.5,1,False
60134,AltaGas Ripon Energy Inc.,CA,49.5,1,False
49963,"FPL Energy Operating Services, Inc.",CA,49.5,1,False
54717,FPL Energy Burleigh County Wind LLC,ND,49.5,2,False
56415,Wilton Wind II LLC,ND,49.5,1,False
56680,Diamond Shamrock Refining Company LP,TX,49.5,1,False
63714,"Route 66 Energy Center, LLC",NM,49.5,1,False
66989,Route 66 Energy Storage,NM,49.5,1,False
219,Alaska Power and Telephone Co,AK,49.4,43,False
63374,"Sanford Airport Solar, LLC",ME,49.4,1,False
63999,"Quinebaug Solar, LLC",CT,49.4,1,False
67641,Sable Offshore Corp,CA,49.3,2,False
60657,"Torrance Refining Company, LLC",CA,49.3,3,False
19365,United States Sugar Corp,FL,49.0,3,True
50147,US Geothermal Inc.,ID OR,49.0,4,False
59898,"Kawailoa Solar, LLC",HI,49.0,1,False
21048,Wyandotte Municipal Serv Comm - (MI),MI,48.9,5,False
5533,"EF Oxnard, LLC",CA,48.5,1,False
19578,Upper Peninsula Power Company,MI,48.2,9,False
22669,U S Borax Inc,CA,48.2,1,False
58489,OCI Energy LLC,NJ TX,48.1,3,False
3762,City of Cleveland - (OH),OH,48.0,3,False
56152,New Smyrna Beach Utilities Commission,FL,48.0,2,False
66999,USG Paper LLC,TX,48.0,1,False
49971,Creed Energy Center LLC,CA,48.0,1,False
49970,Goose Haven Energy Center,CA,48.0,1,False
54799,FPL Energy Oliver County Wind II LLC,ND,48.0,1,False
66409,Great Bend Solar LLC,OH,48.0,1,False
67494,On Energy Storage,TX,48.0,4,True
67956,"SRC Partnership 12, LLC",IL MD,48.0,23,False
55919,Georgia-Pacific Consumer Oper. Green Bay LLC,WI,47.6,2,False
18147,RockTenn-Hopewell,VA,47.6,1,False
59976,"WestRock Mill Company, LLC",AL,47.4,2,False
20392,City of West Plains - (MO),MO,47.4,2,False
49889,Mount Carmel Cogen Inc,PA,47.3,1,False
2865,Calpine Corp-King City,CA,47.3,1,False
67506,"Sune Beacon Site 2, LLC",CA,47.3,1,False
62051,Airport Solar LLC,OR,47.3,1,False
40430,Amrize Cement Inc.,MI,47.2,5,False
19780,Vermont Public Power Supply Authority,VT,47.2,2,False
1950,ReEnergy Stratton LLC,ME,47.0,1,False
8633,Hillsborough County - (FL),FL,47.0,2,False
13587,Nissequoque Cogen Partners,NY,47.0,1,False
2874,Gilroy Energy Center for Riverview,CA,47.0,1,False
13137,City of Murray - (UT),UT,46.8,5,False
19216,Tropicana Products Inc,FL,46.8,1,False
19524,University of California-LA,CA,46.8,3,False
13989,California Resources Elk Hills LLC,CA,46.6,2,False
64311,Wind Wall 1 LLC,CA,46.5,2,False
4217,Colstrip Energy LP,MT,46.1,1,False
13982,Ogden Projects Inc-Haverhill,MA,46.0,1,False
4660,CII Carbon LLC,LA,46.0,2,False
60811,"Golden Hills Interconnection Wind, LLC",CA,46.0,1,False
59764,"Waipio PV, LLC",HI,45.9,1,False
5033,Domtar Industries Inc,WI,45.7,20,False
5571,East Bay Municipal Util Dist - (CA),CA,45.6,10,False
13718,City of North Little Rock - (AR),AR,45.4,2,False
60123,Southeast Alaska Power Agency,AK,45.2,4,False
54899,NAES Corporation - (DE),DE,45.1,1,False
58113,"Texas A&M, Utilities & Energy Services",TX,45.1,2,False
54913,NSTAR Electric Company,MA,45.1,17,False
2439,City of Bryan - (OH),OH,45.0,11,False
10056,City of Kaukauna (WI),WI,45.0,17,False
4440,"Reworld Union (NJ), LLC",NJ,45.0,1,False
11169,Longview Fibre Co,WA,45.0,2,False
56249,NGP Blue Mountain I LLC,NV,45.0,3,False
56700,Avenal Solar Holdings LLC,CA,45.0,3,False
54738,Thilmany LLC,WI,44.6,4,False
61815,"Palmer's Creek Wind Farm, LLC",MN,44.6,1,False
59178,"Brookfield Black Bear Hydro, LLC",ME,44.5,31,False
8198,City of Harrisonburg - (VA),VA,44.5,9,False
56310,Boise White Paper LLC,AL,44.4,2,False
63221,CD4,CA,44.4,1,False
3432,Ticona Polymers Inc,TX,44.2,1,False
20315,City of Wellington - (KS),KS,44.0,4,False
55600,Cadillac Renewable Energy LLC,MI,44.0,1,False
3249,Central Hudson Gas & Elec Corp,NY,43.7,7,True
13334,City of Nebraska City - (NE),NE,43.6,12,False
42892,City of Spokane - (WA),WA,43.6,6,False
61038,"Cube District Energy, LLC",GA KS MO NC TN,43.6,21,False
24210,Riverbay Corp,NY,43.5,4,False
5519,ExxonMobil Oil Corp,IL,43.4,3,False
11820,Massachusetts Inst of Tech,MA,43.4,2,False
15526,Purdue University,IN,43.3,3,False
19539,University of Iowa,IA,43.3,10,False
49844,Eurus Combine Hills I LLC,OR,43.0,1,False
56067,"Plainfield Renewable Energy, LLC",CT,43.0,1,False
14840,City of Peru - (IL),IL,42.8,13,False
65145,Shadow Wolf Energy,CA,42.8,2,False
60970,SunShare Management,CO MN,42.8,23,False
16630,San Gorgonio Farms Inc,CA,42.7,2,False
10210,Ketchikan Public Utilities,AK,42.4,13,False
63432,SkyHigh 2 Solar,AZ CA CO HI MA TX,42.3,16,False
56889,Rhode Island LFG Genco,RI,42.1,9,False
19564,University of Notre Dame,IN,42.1,13,False
9350,Sylvamo North America LLC,NY,42.1,1,False
62715,Westbound Solar LLC,CO GA MD,42.1,20,False
8294,Hawkeye Power Partners LLC,IA,42.0,1,False
63072,Cerro Gordo Wind Farm,IA,42.0,1,False
3113,City of Carthage - (MO),MO,41.8,9,False
4329,"Copper Valley Elec Assn, Inc",AK,41.6,13,False
25049,Gas Recovery Systems Inc,MI NC,41.6,10,False
61167,WE Soda Alkali,WY,41.0,6,False
9275,Indianola Municipal Utilities - (IA),IA,40.9,2,False
65740,"Genesee Solar Energy, LLC",MI,40.8,1,False
20813,City of Winfield - (KS),KS,40.7,4,False
65791,"Robin Hollow Solar, LLC",RI,40.7,1,False
34721,FPL Energy South Dakota Wind LLC,SD,40.5,1,False
57050,TPW Petersburg LLC,NE,40.5,1,False
57302,Sonoco Products Co,SC,40.5,3,False
60417,Wallenpuapack Hydro,PA,40.0,2,False
2850,Central Arizona Water Conservation Dist,AZ,40.0,4,False
3106,Cargill Inc North America Sweetners,IA,40.0,2,False
1745,Biomass One LP,OR,40.0,3,False
54736,"VESI Pomona Energy Storage, Inc.",CA,40.0,2,False
19781,National Salvage & Service Corporation,MI,40.0,2,False
64636,"Crofton Bluffs Wind, LLC",NE,40.0,1,False
63024,"BEAM US, LLC",MN,40.0,2,False
57396,"High Mesa Energy, LLC",ID,40.0,1,False
58784,"Fourmile Wind Energy, LLC",MD,40.0,1,False
65902,"Little Bear Solar 1, LLC (Longroad)",CA,40.0,1,False
61112,"Cuyama Solar, LLC",CA,40.0,1,False
61277,"Vista Energy Storage, LLC",CA,40.0,1,False
61635,"SR Hazlehurst III, LLC",GA,40.0,1,False
62758,"Orchard Windfarm, LLC",OR,40.0,4,False
66039,"SC Oregon 2 Lessor Parent, LLC",OR,40.0,4,False
63606,"Central 40, LLC",CA,40.0,1,False
64285,"BCD Project Holdings 1, LLC",PA,40.0,2,False
64307,"Castle Solar, LLC",UT,40.0,1,False
65210,"Bird Dog Solar, LLC",GA,40.0,1,False
65534,Bright Canyon Energy,CA,40.0,4,False
65526,"Black Mesa Solar, LLC",ID,40.0,1,False
65303,"SR McNeal, LLC",AZ,40.0,2,False
66677,"BT Jungmann, LLC",TX,40.0,1,False
66951,"Woodward Energy Storage, LLC",OK,40.0,1,False
62892,Ringer Hill Wind LLC,PA,39.9,1,False
20214,Waverly Municipal Elec Utility - (IA),IA,39.8,17,False
9434,Iowa State University,IA,39.8,3,False
4538,Crisp County Power Comm,GA,39.7,7,False
57432,ReEnergy Livermore Falls,ME,39.6,1,False
19511,University of Alaska,AK,39.6,5,False
7292,Glencoe Light & Power Comm,MN,39.5,8,False
4435,Covanta Energy Co,MN,39.5,1,False
21508,Cornell University - CHP,NY,39.5,6,False
4487,Covanta Onondega LP,NY,39.5,1,False
65242,"Scale Sustainable I, LLC",CA CO NC NJ NY,39.4,17,False
6949,City of Gardner - (KS),KS,39.2,2,False
12449,Mid Set Cogeneration Co,CA,39.1,1,False
61087,"CoreSite Real Estate 3032 Coronado, L.P.",CA,39.0,13,True
66081,Salka Cabazon Wind LLC,CA,38.9,1,False
16506,Salinas River Cogeneration Co,CA,38.9,1,False
57448,Frontier El Dorado Refinery LLC,KS,38.9,1,False
54837,INEOS Nitriles Greenlake,TX,38.8,2,False
65857,Prescott Wind Energy LLC,IA,38.7,1,False
914,Total Petrochemicals USA Inc,TX,38.4,1,False
3852,Coalinga Cogeneration Co,CA,38.4,1,False
491,American Crystal Sugar Co,MN ND,38.3,8,True
65869,Prologis Logistics Services Incorporated,CA IL MD NJ NV,38.3,25,False
63640,"Safari Energy, LLC",GA,38.3,15,False
16636,Sargent Canyon Cogeneration Co,CA,38.2,1,False
20511,GFC - New Bern Mill,NC,38.1,1,False
60900,"Smith Creek Hydro, LLC",ID,38.1,3,False
60888,"GCL New Energy, Inc.",OR,38.0,4,False
65213,"Wolfskin Solar, LLC",GA,38.0,1,False
15388,City of Princeton - (IL),IL,37.9,8,False
64650,"Lookout Windpower, LLC",PA,37.8,1,False
67505,"Sune Beacon Site 5, LLC",CA,37.8,1,False
66926,Bullrock-NxtGenREA,NY,37.6,11,False
25438,Friant Power Authority,CA,37.5,4,False
14928,Pfizer Inc,CT,37.5,4,False
4434,New Martinsville Hannibal Hydro,WV,37.4,2,False
55893,St Paul Cogeneration LLC,MN,37.0,1,False
63216,North Valley,NV,37.0,2,False
62132,DWW Solar ll LLC,CT,36.9,1,False
56555,FPL Energy Montezuma Wind,CA,36.8,1,False
2010,City of Bountiful - (UT),UT,36.6,7,False
61567,DP-C2 Episode 1 LLC,SC,36.6,4,False
11118,Lockhart Power Co,SC,36.5,16,False
21128,York County Solid W & R Auth - (PA),PA,36.5,1,False
12619,Milwaukee Metro Sewerage Dist,WI,36.4,9,False
58287,Rain CII Carbon LLC,LA,36.4,1,False
10152,City of Kennett - (MO),MO,36.3,6,False
15095,City of Piqua - (OH),OH,36.3,2,False
57464,Kimberly-Clark Corporation,CT,36.3,3,False
10337,KES Kingsburg LP,CA,36.2,2,False
56866,HL Power Company,CA,36.2,1,False
9348,GFC - Franklin,VA,36.1,1,False
63041,"Titus Power, LLC",PA,36.0,2,False
22199,U S Air Force-Eielson AFB,AK,36.0,8,False
58224,"Rausch Creek Generation, LLC",PA,36.0,1,False
58150,Big Blue Wind Farm LLC (MN),MN,36.0,1,False
8543,Hibbing Public Utilities Comm,MN,35.9,3,False
8795,City of Homestead - (FL),FL,35.7,11,False
4447,Covanta Lancaster Inc,PA,35.7,1,False
57384,Brea Power II,CA,35.7,5,False
25835,City of Portland (OR),OR,35.5,2,False
66569,Whetstone Power Operations LLC,CO,35.4,1,False
65330,"Westbound Solar 3, LLC",AZ CA CT GA MA ME,35.2,13,False
14876,FPL Energy Cape LLC,ME,35.0,2,False
20863,Wisconsin River Power Company,WI,35.0,9,False
63637,Molson Coors USA LLC,CO,35.0,3,False
49966,Covanta Camden Energy Recovery Center,NJ,35.0,2,False
18760,"TPC Group, LLC",TX,35.0,1,False
57372,Auwahi Wind Energy LLC,HI,35.0,2,False
61912,"Grazing Yak Solar, LLC",CO,35.0,1,False
64916,"SR Bell Buckle, LLC",TN,35.0,1,False
65438,"Virginia Line Solar, LLC",NC,35.0,1,False
65965,"Crow Creek Solar, LLC",CA,35.0,2,False
623,Anheuser-Busch Inc,FL MO,34.8,4,False
7375,Chickadee 3-G Purchaser LLC,TX,34.8,5,False
59593,NC Renewable Power - Lumberton LLC,NC,34.7,1,False
56802,Echo 1,OR,34.7,4,False
14446,Paragould Municipal Utilities (AR),AR,34.6,9,False
21158,City of Zeeland - (MI),MI,34.3,14,False
50130,"Centerstream STL, LLC",MO,34.2,6,False
58565,"CPV Saddleback Ridge Wind, LLC",ME,34.2,2,False
15229,City of Poplar Bluff - (MO),MO,34.1,5,False
6738,Franklin Heating Station,MN,34.0,11,False
56918,University of California San Diego,CA,34.0,4,False
57341,University of Minnesota Central Utilities,MN,34.0,2,False
61094,NYU LANGONE HEALTH,NY,34.0,13,False
7095,City of Geneseo - (IL),IL,33.6,11,False
57494,TDX North Slope Generating Inc.,AK,33.5,10,False
63067,Valero Wilmington,CA,33.5,1,False
20824,Village of Winnetka - (IL),IL,33.4,5,False
61419,"Luminace Solar MC, LLC",DE MD,33.4,14,False
16179,Rochelle Municipal Utilities - (IL),IL,33.2,17,False
6839,City of Fulton - (MO),MO,33.2,3,False
64125,Ada Cogeneration LLC,MI,33.1,2,False
60039,REC Solar,TX WI,33.1,5,False
22091,New-Indy Ontario LLC,CA,33.0,2,False
22208,University of Colorado,CO,33.0,3,False
60396,Constellation New Energy Inc.,CA,33.0,3,True
56289,International Paper Corporation - Springfield,OR,32.7,1,False
66056,Mohave Energy,AZ,32.6,2,False
60153,Mendocino Forest Products,CA,32.5,3,False
11611,City of Maquoketa - (IA),IA,32.4,13,False
66218,"TAI Huntsville Solar, LLC",AL,32.4,1,False
998,City of Augusta - (KS),KS,32.2,12,False
56646,Reworld Waste LLC,PA,32.1,1,False
58303,Energy Systems Group LLC,IL TN TX WI,32.1,9,False
58542,Trustees of Princeton University,NJ,32.1,5,False
2871,OLS Energy-Agnews Inc.,CA,32.0,2,False
19541,University of North Carolina,NC,32.0,3,False
62835,Caden Energix Hickory LLC,VA,32.0,2,False
61948,Regeneron Pharmaceuticals Inc.,NY,31.6,20,False
15321,City of Pratt- (KS),KS,31.5,4,False
56924,Long Island Solar Farm LLC,NY,31.5,1,False
63991,"DG New York CS, LLC",NY,31.5,8,False
67451,"CoreSite Real Estate SV9, L.P.",CA,31.5,9,True
56813,Allegheny Hydro LP,PA,31.4,4,False
60412,"Portal Ridge Solar, LLC",CA,31.4,2,False
64542,"Caden Energix Endless Caverns, LLC",VA,31.4,1,False
6175,City of Falls City - (NE),NE,31.3,9,False
3329,Borough of Chambersburg - (PA),PA,31.2,7,False
54843,WM Illinois Renewable Energy LLC,IL,31.2,17,False
14519,Pasco County - (FL),FL,31.2,1,False
56835,CSUCI Site Authority,CA,31.1,2,False
4247,Consolidated Water Power Co,WI,31.0,38,False
62970,"Burney Forest Products, A Joint Venture",CA,31.0,1,False
15320,Linde Inc,CA,31.0,2,False
19517,United States Steel- Clairton,PA,31.0,2,True
66042,"USF Surry, LLC",NC,31.0,8,False
66783,"OneEnergy, Inc.",IA MN WI,31.0,12,False
11732,City of Marshall - (MO),MO,30.8,6,False
14265,CamChino Leasing LLC,CA,30.8,2,False
16440,City of Russell - (KS),KS,30.7,7,False
54911,Tesoro Refng Marketing Co Mntn Region,UT,30.4,2,False
21538,"Mohave Electric Cooperative, Inc.",AZ,30.3,3,False
20180,City of Waterloo - (IL),IL,30.2,13,False
67136,P66 Rodeo Solar,CA,30.2,1,False
56899,Wind Stream Operations LLC,CA,30.1,4,False
17145,Sid Richardson Carbon Ltd,TX,30.0,1,False
66119,Mesa Wind Power LLC,CA,30.0,1,False
27718,WestRock Seminole,FL,30.0,1,False
10339,Kings Bay Naval Base,GA,30.0,12,False
7067,Tata Chemicals Partners,WY,30.0,2,False
34688,CHI Energy Inc,NY,30.0,1,False
61369,"Kimball Wind, LLC",NE,30.0,1,False
49842,Georgia-Pacific Wauna LLC,OR,30.0,1,False
56696,Solar of Alamosa LLC,CO,30.0,1,False
57021,FRV AE Solar LLC,TX,30.0,1,False
57406,Deepwater Wind Block Island LLC,RI,30.0,1,False
67362,"Mozart Wind, LLC",TX,30.0,1,False
58580,"Simon Solar Farm, LLC",GA,30.0,1,False
58962,"Fair Wind Power Partners, LLC",MD,30.0,1,False
60068,Red Horse III,AZ,30.0,1,False
60097,"San Isabel Solar, LLC",CO,30.0,1,False
60143,Bison Solar LLC,CO,30.0,1,False
60409,"Blue Summit Storage, LLC",TX,30.0,1,True
60476,"Bluebell Solar, LLC",TX,30.0,1,False
61295,"Pinal Central Energy Center, LLC",AZ,30.0,2,False
62789,Oberon Solar IB,TX,30.0,1,False
64740,"Santa Paula Energy Storage, LLC",CA,30.0,1,False
65487,"Chaves County Solar II, LLC",NM,30.0,1,False
3710,City of Clay Center - (KS),KS,29.9,8,False
67573,Malacha Hydro Limited Partnership,CA,29.9,1,False
60634,AEM Wind LLC,NM,29.9,1,False
62923,Solar Planet Power,NY OH,29.6,9,False
7096,City of Geneva - (IL),IL,29.5,5,False
16217,Village of Rockville Centre - (NY),NY,29.4,6,False
64632,"Forward Windpower, LLC",PA,29.4,1,False
9418,City of Iola - (KS),KS,29.3,10,False
3221,CP Kelco US Inc.,CA,29.2,3,False
19946,Wadham Energy LP,CA,29.1,1,False
56174,Finch Paper LLC,NY,29.0,1,False
4496,Covanta Alexandria/Arlington,VA,29.0,2,False
58264,"New-Indy, Oxnard LLC",CA,29.0,1,False
2719,CalWind Resources Inc,CA,28.8,4,False
5530,E F Kenilworth LLC,NJ,28.8,2,False
17283,Seneca Energy II,NY,28.8,29,False
59714,Antrim Wind Energy LLC,NH,28.8,1,False
66041,"USF Essex Lessor, LLC",NC,28.7,6,False
66555,BCE Seal Beach,CA,28.7,2,False
61261,Berkeley Cogeneration Facility,CA,28.5,2,False
17449,Smithfield Fresh Meats Corp.,NC,28.5,19,False
54725,CHI Operations Inc,MN,28.5,15,False
64508,"Westrock Kraft Paper, LLC",NC,28.3,1,False
63068,CVI CleanCapital Solar 4 LLC,NJ,28.3,10,False
63069,CVI CleanCapital Solar 5 LLC,NJ,28.3,5,False
60793,EE Waianae Solar Project LLC,HI,28.3,1,False
63244,"KSI II Consolidated, LLC",NY,28.2,9,False
60046,"TPE Alta Luna, LLC",NM,28.1,1,False
1366,City of Bay City - (MI),MI,28.0,4,False
14645,City of Pella - (IA),IA,28.0,14,False
54806,DTE Energy Services-Woodland,CA,28.0,1,True
64893,Clean Energy Systems Mendota,CA,28.0,1,False
9097,Huntington Resource Recovery,NY,28.0,1,False
55917,National Institutes of Health,MD,28.0,1,False
63623,"Thor Solar 1 CEI, LLC",OR VA,28.0,8,False
16077,Rio Bravo Rocklin,CA,27.9,1,False
61728,GlidePath Power Operations LLC,PA TX,27.9,2,False
63997,Western Power and Steam II LLC,CA,27.7,1,False
14164,City of Orangeburg - (SC),SC,27.6,6,False
58718,Na Pua Makani Power Partners LLC,HI,27.6,1,False
10035,Kansas Municipal Energy Agency - (KS),KS,27.6,3,False
986,Aurora Energy LLC,AK,27.5,3,False
19150,Trenton Municipal Utilities - (MO),MO,27.5,12,False
17845,City of Springville - (UT),UT,27.5,8,False
67380,Energy Northwest - Packwood,WA,27.5,1,True
57485,"Diamond State Generation Partners, LLC",DE,27.5,7,False
58440,CD US Solar MT 2 LLC,CA MA,27.5,18,False
65305,"Clean Focus Yield, LLC",CA FL MA NJ,27.5,13,False
63420,"Taos Mesa Energy Facility, LLC",NM,27.5,2,False
67313,Ellomay USA Inc,TX,27.5,4,False
57257,"Wildcat Wind, LLC",NM,27.3,1,False
57151,Celanese Acetate LLC,VA,27.2,4,False
55925,Novo Biopower LLC,AZ,27.2,1,False
5015,Delano Municipal Utilities (MN),MN,27.0,9,False
63030,"Niles Power, LLC",OH,27.0,1,False
63038,"Orrtanna Power, LLC",PA,27.0,1,False
63235,AM Wind Repower LLC,CA,27.0,1,False
67120,"CoreSite Real Estate 3045 Stender, LP",CA,27.0,9,True
40052,AG Energy LP,NY,26.9,1,False
58756,Albany Engineering Corporation,NY,26.8,12,False
57295,DTE Calvert City LLC,KY,26.7,1,True
13444,City of New Hampton - (IA),IA,26.5,5,False
9603,City of Jackson - (MO),MO,26.3,10,False
60146,Ameresco Federal Solutions,NC SC TX VA,26.3,14,True
58115,"DTE Ashtabula, LLC",OH,26.1,7,True
9436,Mosaic Phosphates Co.,LA,26.0,2,False
57271,NRG Solar Borrego I,CA,26.0,1,True
58509,"Affordable Solar Silver City, LLC",NM,26.0,6,False
63102,"AMOR IX, LLC",NV,26.0,1,False
66445,"NineDot Holdings, LLC",NY,26.0,7,False
67143,Mississippi State University,MS,26.0,2,False
67787,SRC Partnership 15 LLC,IL,26.0,9,False
2053,Bowater Newport Coosa Pines Op,AL,25.9,1,False
39066,Union Carbide Corp-Texas City,TX,25.8,1,False
21621,United Technologies,CT,25.8,1,True
57389,IKEA Property Inc,CA CT FL GA IL MD MI MO NV PA TN TX VA WI,25.8,23,False
58130,University of Connecticut,CT,25.7,4,False
65785,"Luminace Sunbeam Development Holdings, LLC",ME,25.7,8,False
58107,University of Rochester,NY,25.4,2,False
66698,"Eagle Point Energy Center, LLC",ME,25.3,1,False
56715,Ridgewind Power Partners LLC,MN,25.3,1,False
29925,Enterprise Products Optg LP,LA TX,25.2,7,False
67880,"SREOG Partnership 1, LLC",ME,25.1,7,False
17891,City of St Marys - (OH),OH,25.0,2,False
50122,CF Industries Nitrogen LLC,MS,25.0,1,False
4580,Georgia-Pacific Crossett LLC,AR,25.0,1,False
58650,IHI Power Services Corp,CA,25.0,1,False
65547,"NE Renewable Tamworth, LLC",NH,25.0,1,False
6017,ESI Vansycle Partners LP,OR,25.0,1,False
64614,Solar Avra Valley LLC,AZ,25.0,1,False
56381,Ormat Cove Fort LLC,UT,25.0,2,False
61534,Techren Solar III LLC,NV,25.0,1,False
61535,Techren Solar IV LLC,NV,25.0,1,False
59497,Eversource,MA,25.0,1,True
63777,"Mechanicsville Solar, LLC",VA,25.0,1,False
63820,"SR Baxley, LLC",GA,25.0,1,False
64378,IMG Energy Solutions,PA,25.0,6,False
65675,West Ford Flat Energy Storage,CA,25.0,1,False
66405,Mordor ES1 LLC,CA,25.0,1,False
64339,"VESI Upton County BESS, LLC",TX,24.8,1,False
65783,Hayhurst Texas Solar,TX,24.8,1,False
60661,Midwest Power Partners LLC,MN,24.7,8,False
4667,City of Cushing - (OK),OK,24.6,11,False
11204,Los Alamos County - (NM),NM,24.6,5,False
9335,Indiana University of Penn,PA,24.4,4,False
471,Amana Society Service Co,IA,24.4,16,False
5957,City of Erie - (KS),KS,24.3,12,False
8181,Harrisburg Authority,PA,24.1,1,False
13038,City of Mt Pleasant - (IA),IA,24.0,12,False
63043,"Blossburg Power, LLC",PA,24.0,1,False
12186,McMinnville Electric System,TN,24.0,12,False
58240,COT/Division of Water Reclamation,OH,24.0,8,False
11135,City of Logan - (UT),UT,23.9,7,False
17783,City of Spencer - (IA),IA,23.8,1,False
56995,"Sacramento PV Energy, LLC",CA,23.8,4,False
59228,"Bowerman Power LFG, LLC",CA,23.8,7,False
64516,"Azimuth 180 Solar Electric, LLC",DC IA NY,23.8,7,False
18277,City of Sullivan - (IL),IL,23.7,11,False
21264,USACE-Detroit District,MI,23.7,5,False
67232,"Solar DG NM Amalia, LLC",NM,23.7,2,False
56657,Ormat Salt Wells LLC,NV,23.6,2,False
65432,CVI CleanCapital Solar 1 LLC,CA MA NJ VT,23.6,12,False
14155,Orange County Sanitation Dist - (CA),CA,23.5,9,False
3455,Chevron Oronite Co LLC,LA,23.5,5,False
67088,CalPortland Company,CA,23.5,1,False
60641,Veolia NA - Municipal & Commercial Business,NY,23.4,5,False
13008,"Ahlstrom-Munksjo NA Specialty Solutions, LLC",WI,23.4,5,False
429,Occidental Permian Ltd,TX,23.4,1,False
56413,Koda Energy LLC,MN,23.4,1,False
65535,SunVest Solar LLC,IL,23.2,9,False
19454,City of Unalaska - (AK),AK,23.0,8,False
60023,EONY Generation Limited,NY,23.0,4,False
58426,Sunshine Gas Producers LLC,CA,23.0,5,False
63184,CI-II Mitchell Holding LLC,NC,23.0,5,False
66271,"Boott Hydro, LLC - Hybrid",MA,22.9,3,False
60883,NY - PRESBYTERIAN HOSPITAL- 68TH ST,NY,22.9,10,False
64950,"LI Solar Generation, LLC",NY,22.9,1,False
59866,Electron Hydro LLC,WA,22.8,4,False
58574,CPV Canton Mountain Wind LLC,ME,22.8,1,False
49775,Middlesex County Utilities Authority - (NJ),NJ,22.5,3,False
57158,"Ewington Energy Systems, LLC",MN,22.5,1,False
57068,Power County Wind Park South LLC,ID,22.5,1,False
57069,Power County Wind Park North LLC,ID,22.5,1,False
58460,Buena Vista Biomass LLC,CA,22.5,1,False
63513,Allendale Biomass LLC,SC,22.5,1,False
63514,Dorchester Biomass LLC,SC,22.5,1,False
13206,Nantucket Electric Co,MA,22.4,3,False
50158,Innovative Energy Systems Inc,NY,22.4,14,False
57041,Idaho Winds LLC,ID,22.4,1,False
62067,Powerflex,CA CT NJ NY,22.4,12,False
63619,City of Tampa (FL),FL,22.1,1,False
7751,Guadalupe Blanco River Authority,TX,22.0,11,False
6579,City of Forest City- (IA),IA,22.0,6,False
56133,L'Anse Warden Electric Company LLC,MI,22.0,1,False
15293,Powell Valley Electric Coop,TN,22.0,11,False
58103,Twin Rivers Paper Co LLC,ME,22.0,1,False
58653,Oxbow Creek Energy LLC,PA,22.0,5,False
58652,Roundtop Energy LLC,PA,22.0,5,False
58685,Beaver Dam Energy LLC,PA,22.0,5,False
60875,Wolf Run Energy LLC,PA,22.0,5,False
67784,SRC Partnership 14 LLC,IL,22.0,11,False
11064,Litchfield Public Utilities,MN,21.9,9,False
64626,Star Peak Geothermal LLC.,NV,21.9,5,False
16518,City of Sabetha - (KS),KS,21.8,11,False
18895,Thumb Electric Coop of Mich,MI,21.8,15,False
20219,City of Wayne (NE),NE,21.8,8,False
5068,Denver City & County of - (CO),CO,21.8,8,False
58677,CD US Solar MT1 LLC,MA NJ NY,21.8,8,False
332,Allegheny Electric Coop Inc,PA,21.7,2,False
61153,"Montevue Lane Solar, LLC",MD,21.7,2,False
2265,Bristol-Myers Squibb Co,NJ,21.6,5,False
59765,Eight Flags Energy LLC,FL,21.6,1,False
8770,City of Holton - (KS),KS,21.5,8,False
54824,"Ryegate Associates, LLC",VT,21.5,1,False
26616,North Slope Borough Power & Light (AK),AK,21.4,33,False
20259,City of Webster City - (IA),IA,21.3,1,False
61707,Ahlstrom-Munksjo,WI,21.3,5,False
60399,"GASNA 6P, LLC",CA,21.3,2,False
4627,City of Cumberland - (WI),WI,21.2,8,False
55703,Otsego Paper Inc,MI,21.2,2,False
9961,Kansas Electric Power Coop Inc,KS,21.0,11,False
55960,Mesquite Lake Energy Park,CA,21.0,1,False
794,Apollo Energy Corp,HI,21.0,1,False
55891,"Hot Springs Windfarm, LLC",ID,21.0,1,False
55890,Bennett Creek Windfarm LLC,ID,21.0,1,False
55968,Evergreen BioPower LLC,OR,21.0,1,False
67872,Crosswind Holdco LLC,IA,21.0,1,False
59399,NRG Solar Blythe,CA,21.0,1,True
9425,Iowa Lakes Electric Coop,IA,21.0,2,False
56642,"Grant County Wind, LLC",MN,21.0,1,False
58159,Penn State University,PA,21.0,5,False
58686,Alpaca Energy LLC,PA,21.0,3,False
58689,Milan Energy LLC,PA,21.0,3,False
63281,"38 Degrees North, LLC",MA,20.9,16,False
57266,Lockheed Martin Corporation,CA,20.9,2,False
12311,Merck & Co Inc,NJ,20.8,4,False
56476,Ameresco,SC,20.8,1,True
57314,"Arq Solutions (Red River), LLC",LA,20.8,1,False
3913,City of Colby - (KS),KS,20.7,7,False
3082,Carrollton Board of Public Wks,MO,20.6,6,False
66866,University of Massachusetts Amherst,MA,20.4,5,False
8366,Heber Light & Power Company,UT,20.2,12,False
59400,NRG Solar Roadrunner,NM,20.2,1,True
58355,SPS Atwell Island LLC,CA,20.2,1,False
64426,"DG Connecticut III, LLC",CT,20.2,6,False
13815,Northwestern Wisconsin Elec Co,WI,20.1,14,True
25915,El Dorado Irrigation District,CA,20.0,2,False
63040,"Shawnee Power, LLC",PA,20.0,1,False
58553,PAR Petroleum,HI,20.0,1,False
2226,Bridgewater Power Co LP,NH,20.0,1,False
60246,"Sunray Energy 2, LLC",CA,20.0,1,False
65546,"NE Renewable Springfield, LLC",NH,20.0,1,False
56389,Doyon Utilities - Ft. Wainwright,AK,20.0,4,False
65490,Edom Hills Project 1 LLC,CA,20.0,1,False
66952,"Aspenall Energies (Delaware), LLC",MN,20.0,1,False
57402,CPV Spruce Mountain Wind LLC,ME,20.0,1,False
58111,RE Kansas South LLC,CA,20.0,1,False
58112,TA-High Desert LLC,CA,20.0,1,False
60230,"ORNI 47, LLC",NV,20.0,1,False
58515,NextEra Energy Mountain View Solar,NV,20.0,1,True
58575,"Sol Orchard Imperial 1, LLC",CA,20.0,1,False
60556,"Fusion Solar Centre, L.L.C",CT,20.0,1,False
59041,Lone Valley Solar Park II LLC,CA,20.0,1,False
59183,Shafter Solar LLC,CA,20.0,1,False
59188,Pleasant Hill Wind Energy LLC,TX,20.0,1,False
59211,"Adelanto Solar, LLC",CA,20.0,1,False
59263,"Fresh Air Energy XVIII, LLC",NC,20.0,1,False
59257,"Giffen Solar Park, LLC",CA,20.0,1,False
64659,"Solar Oasis, LLC",CA,20.0,1,False
59274,"SR Hazlehurst, LLC",GA,20.0,1,False
59298,"Vega Solar, LLC",CA,20.0,1,False
59353,"AP North Lake I, LP",CA,20.0,1,False
61857,Five Forks Solar,NC,20.0,1,False
59755,"Murphy Flat Power, LLC",ID,20.0,1,False
59756,"Orchard Ranch Solar, LLC",ID,20.0,1,False
59757,American Falls Solar LLC,ID,20.0,1,True
59758,"American Falls Solar II, LLC",ID,20.0,1,True
60227,ORNI 37 LLC,NV,20.0,1,False
60277,54 KR 8me LLC,CA,20.0,1,False
60307,NRG Solar Blythe II LLC,CA,20.0,1,True
60380,"Cork Oak Solar, LLC",NC,20.0,1,False
65549,McHenry Battery Storage,IL,20.0,1,False
60448,Simcoe Solar,ID,20.0,1,False
60619,"Whitney Point Solar, LLC",CA,20.0,1,False
60614,"Westside Solar, LLC",CA,20.0,1,False
61096,"Cameron Solar, LLC",SC,20.0,1,False
61097,"Estill Solar I, LLC",SC,20.0,1,False
61095,"Hampton Solar II, LLC",SC,20.0,1,False
61366,"Woods Hill Solar, LLC",CT,20.0,1,False
61401,"North 301 Solar, LLC",NC,20.0,1,False
61421,"LeGore Bridge Solar Center, LLC",MD,20.0,1,False
61435,"Ormat Stillwater Solar PV II, LLC",NV,20.0,1,False
61478,Toray Plastics America,RI,20.0,3,False
61687,"KCE NY 1, LLC",NY,20.0,1,False
61900,"SR Arlington, LLC",GA,20.0,1,False
65900,"Little Bear Solar 3, LLC (Longroad)",CA,20.0,1,False
62744,"St. James Solar, LLC",LA,20.0,1,False
62707,Marengo Battery Storage LLC,IL,20.0,1,False
62763,Hecate Energy Johanna Facility LLC,CA,20.0,2,True
63225,Wister Solar,CA,20.0,1,False
63473,"Odom Solar, LLC",GA,20.0,1,False
63523,"DePue Holdings, LLC",IL,20.0,1,False
63568,BD Solar 1 LLC,ME,20.0,1,False
63653,"Energix Nokesville, LLC",VA,20.0,1,False
63652,"Energix Buckingham, LLC",VA,20.0,1,False
64170,Camden Solar LLC,NC,20.0,1,False
64340,"Energix Leatherwood, LLC",VA,20.0,1,False
64447,"Briel Solar Farm, LLC",VA,20.0,1,False
67220,Gaucho Solar,PA,20.0,1,False
64577,Caden Energix Wytheville LLC,VA,20.0,1,False
64676,"Macbeth Solar, LLC",MI,20.0,1,False
64677,"Lyons Road Solar, LLC",MI,20.0,1,False
64935,"Ortega Grid, LLC",CA,20.0,1,False
65128,VESI 25 LLC,NJ,20.0,1,False
65196,"Lyons Solar, LLC",PA,20.0,1,False
65269,"Blue Elk IV Solar, LLC",MI,20.0,1,True
65272,"Blue Elk III Solar, LLC",MI,20.0,1,True
65271,"Blue Elk II Solar, LLC",MI,20.0,1,True
65270,"Blue Elk I Solar, LLC",MI,20.0,1,True
65274,"Midcontinent Solar, LLC",MI,20.0,1,False
65275,"Greenstone Solar, LLC",MI,20.0,1,False
65402,WEB Silver Maple Wind LLC,ME,20.0,1,False
65444,"Erie Solar, LLC",PA,20.0,1,False
65491,Hayhurst New Mexico Solar,NM,20.0,1,False
65755,VESI 23 LLC,NJ,20.0,1,False
65931,"Cardinal Solar, LLC",PA,20.0,1,False
65882,"Shipsterns Solar, LLC",MI,20.0,1,False
65883,"Willford Solar, LLC",MI,20.0,1,False
66006,"GD West Greenwich Nooseneck I, LLC",RI,20.0,2,False
66078,"Sunny Rock Solar, LLC",VA,20.0,1,False
66079,"River Trail Solar, LLC",VA,20.0,1,False
66080,"Prairie Solar, LLC (VA)",VA,20.0,1,False
66335,Capon Bridge Solar LLC,WV,20.0,1,False
66406,Mordor ES2 LLC,CA,20.0,1,False
66423,VESI 34 LLC,NJ,20.0,1,False
66824,Walden Solar Maine V LLC,ME,20.0,1,False
67344,CleanChoice Energy,PA,20.0,1,False
67489,Walden Renewables Development LLC,ME,20.0,1,False
67955,"SRC Partnership 16, LLC",IL,20.0,8,False
65544,"NE Renewable Whitefield, LLC",NH,19.9,1,False
62048,Westlands Almond LLC,CA,19.9,1,False
66290,NSF Energy One LLC,NY,19.9,4,False
67545,"CZ Solar Warren, LLC",OH,19.9,1,False
60851,North Side Energy Company,ID,19.8,7,False
56776,Seneca Sustainable Energy LLC,OR,19.8,1,False
59040,Rising Tree Wind Farm II LLC,CA,19.8,1,False
61506,"Stryker 22, L.L.C.",NJ,19.8,1,False
61507,Plumsted 537 LLC,NJ,19.8,1,False
63778,"SR Litchfield, LLC",CT,19.8,1,False
66099,Jade Meadow LLC,MD,19.8,1,False
62900,Caden Energix Rives Road LLC,VA,19.7,1,False
21013,City of Worthington - (MN),MN,19.6,13,False
63035,"Hamilton Power, LLC",PA,19.6,1,False
63985,Hydroland Omega LLC,CA CT ID NY SC,19.6,13,False
14925,Phelps Dodge Refining Corp,TX,19.6,5,False
20100,Warm Springs Power Enterprises,OR,19.6,1,False
58425,LSU and A&M College,LA,19.6,1,False
61540,"Coolidge Solar I, LLC",VT,19.6,1,False
63294,Nutmeg Solar LLC,CT,19.6,1,False
3990,Colorado River Indian Irr Proj,AZ,19.5,3,False
57442,"PCA, Filer City Mill",MI,19.5,2,False
1525,City of Beloit - (KS),KS,19.3,7,False
67450,"Calistoga Resiliency Center, LLC",CA,19.3,2,False
14229,City of Ottawa - (KS),KS,19.2,4,False
9011,City of Hugoton - (KS),KS,19.2,7,False
16198,City of Rock Falls - (IL),IL,19.2,11,False
58581,"Lightning Dock Geothermal HI-01, LLC",NM,19.2,5,False
59736,Columbia Solar Energy LLC,CA,19.2,1,False
10321,City of Kingman - (KS),KS,19.1,6,False
14201,City of Osage - (IA),IA,19.0,6,False
14246,City of Owatonna - (MN),MN,19.0,1,False
56427,University of California Irvine,CA,19.0,2,False
56720,Greater Sandhill I LLC,CO,19.0,2,False
57219,Siete Solar LLC,AZ,19.0,1,False
64661,"Spanish Fork Wind Park 2, LLC",UT,18.9,1,False
63166,"Marshall Wind Farm, LLC",MN,18.9,6,False
56157,"Cassia Gulch Wind Park, LLC",ID,18.9,1,False
64633,"Buffalo Bear, LLC",OK,18.9,1,False
54788,DG Fairhaven Power LLC,CA,18.8,1,False
20558,White Springs Agrici Chem Inc,FL,18.8,1,False
57492,Georgia-Pacific Toledo LLC,OR,18.8,1,False
66077,"Shifting Sands Solar, LLC",VA,18.8,1,False
7374,City of Goodland - (KS),KS,18.7,8,False
993,Auburn Board of Public Works,NE,18.7,6,False
14369,PCA-Tomahawk Mill,WI,18.7,5,False
19724,Vanderbilt University,TN,18.7,3,False
58487,Montefiore Medical Center Moses Division,NY,18.7,15,False
9332,Indian River Operations Inc,DE,18.6,1,False
19533,University of Oklahoma,OK,18.6,5,False
64548,"Apple Grove Solar, LLC",VA,18.6,1,False
13949,City of Oberlin - (OH),OH,18.5,9,False
58546,Cascade Solar LLC,CA,18.5,1,False
13642,Nome Joint Utility Systems,AK,18.4,7,False
309,City of Algona - (IA),IA,18.4,5,False
67207,TotalEnergies Renewables USA LLC,CA CT MA MD,18.4,12,False
528,Covanta Southeastern Connecticut Company,CT,18.3,1,False
58485,"Rutgers, The State University of NJ",NJ,18.3,5,False
11731,City of Marshall - (MN),MN,18.0,1,False
10451,Kotzebue Electric Assn Inc,AK,18.0,35,False
64580,BioUrja Renewables LLC,IL,18.0,1,False
10162,Kent County - (MI),MI,18.0,1,False
22218,U.S. Army - Radford,VA,18.0,3,False
65545,"NE Renewable Fitchburg, LLC",MA,18.0,1,False
56803,Echo 2,OR,18.0,2,False
56353,Twin Cities Hydro LLC,MN,18.0,4,False
58422,Fire Island Wind LLC,AK,18.0,1,False
57421,"Chopin Wind, LLC",OR,18.0,2,False
59366,"EnLink Midstream Services, LLC",OK TX,17.9,16,False
61292,"NC State University, Energy Systems",NC,17.8,4,False
10606,City of Lake Mills - (IA),IA,17.7,4,False
57042,Gordon Butte Wind LLC,MT,17.7,4,False
65849,ClearGen LLC,CA CO GA MA TX,17.7,12,False
20835,City of Winterset - (IA),IA,17.6,8,False
24008,University of Oregon,OR,17.6,5,False
61053,Mount Sinai Hospital,NY,17.6,14,False
19865,City of Vinton - (IA),IA,17.5,7,False
23955,University of Massachusetts Medical,MA,17.5,4,False
65548,"NE Renewable Bethlehem, LLC",NH,17.5,1,False
19553,Unisea Inc,AK,17.5,8,False
5277,"American Sugar Refining, Inc.",MD,17.5,3,True
59159,Central Electric Power,SC,17.4,6,False
9397,International Turbine Res Inc,CA,17.4,1,False
67883,"SREOG Partnership 4, LLC",ME,17.4,4,False
1276,"Barrow Utils & Elec Coop, Inc",AK,17.3,5,False
18028,State of Wisconsin,WI,17.3,8,False
64698,"Renewable Solar, Inc",CA,17.3,8,False
65501,Dane County Solar LLC,WI,17.3,1,False
8573,City of Highland - (IL),IL,17.2,7,False
22035,AT&T,MO,17.2,7,False
67878,"SE Municipal Nebraska, LLC",NE,17.2,4,False
58172,Energy Center Phoenix LLC,AZ,17.1,2,False
65854,BE-Pine1 LLC,PA,17.1,1,False
65855,BE-Pine2 LLC,PA,17.1,1,False
4484,Reworld Babylon Inc,NY,17.0,1,False
56394,Chevron USA,WY,17.0,1,False
66055,Colice Hall Solar LLC,NC,17.0,1,False
67549,38DN Asset Management LLC,NY,17.0,4,False
40215,"Cordova Electric Coop, Inc",AK,16.9,10,False
2188,City of Breese - (IL),IL,16.9,7,False
11736,City of Marshall - (IL),IL,16.9,9,False
13480,New Prague Utilities Comm,MN,16.9,5,False
765,City of Arcadia - (WI),WI,16.9,10,False
63785,"Hybrid-Electric Building Technologies West Los Angeles 1, LLC",CA,16.9,9,False
56316,Reworld Tulsa LLC,OK,16.8,1,False
56475,"Tuana Springs Energy, LLC",ID,16.8,1,False
63183,Oxy Renewable Energy LLC,TX,16.8,1,False
58106,Western Michigan University,MI,16.7,6,False
59213,Maas Energy Works,CA,16.7,6,False
63130,"Bridgeport Fuel Cell, LLC",CT,16.6,1,False
17127,Town of Shrewsbury - (MA),MA,16.5,6,False
13201,"Naknek Electric Assn, Inc",AK,16.5,12,False
13788,Northern Wasco County PUD - (OR),OR WA,16.5,2,False
59409,Eco Services Corp.,CA TX,16.5,4,False
58156,Rand Whitney Containerboard L.P.,CT,16.5,1,False
63170,Brigham Young University (BYU),UT,16.5,1,False
64743,PPM Solar LLC,KS TX,16.5,4,False
10713,City of Larned - (KS),KS,16.4,6,False
58598,"Mass Solar, LLC",MA,16.4,4,False
58789,DOD USMC Marine Air Ground Combat,CA,16.4,3,False
4474,Covanta Bristol Inc,CT,16.3,1,False
17897,St Mary's Hospital,MN,16.3,5,False
64933,"Solar Star River SLB, LLC",NJ,16.3,4,False
19560,Tri-Dam Power Authority,CA,16.2,1,False
56992,Foxwoods Resort Casino,CT,16.2,3,False
63737,Captona Lippitt Ave Cranston LLC,RI,16.2,1,False
64187,"Wallingford Renewable Energy, LLC",CT,16.1,1,False
3473,Metro Wtr Recl Dist Grtr Chi,IL,16.0,2,False
8365,Hazelton/Wilson Joint Venture,ID,16.0,4,False
6205,City of Farmington - (MO),MO,16.0,8,False
58469,Tinton Falls Solar,NJ,16.0,1,False
58767,Temple University,PA,16.0,10,False
59789,"Avalon Solar Partners II, LLC",AZ,16.0,1,False
60125,"Providence Solar Center, LLC",TN,16.0,1,False
60331,"Selmer North Solar I, LLC",TN,16.0,1,False
60381,"Sunflower Solar, LLC",NC,16.0,1,False
61081,"SR Platte, LLC",CO,16.0,1,False
66163,"SR Canadaville, LLC",TN,16.0,1,False
67881,"SREOG Partnership 2, LLC",ME,16.0,5,False
11540,City of Malden - (MO),MO,15.9,7,False
17191,Simplot Leasing Corp,ID,15.9,1,False
61407,"Delta Solar Power II, LLC",MI,15.9,1,False
65949,Bravo REC Management LLC,CA,15.9,8,False
6764,Village of Freeburg - (IL),IL,15.8,11,False
6169,Fall River Rural Elec Coop Inc,ID,15.8,9,False
66225,TRITEC Americas,CA,15.8,4,False
60952,"Energix Mt. Jackson, LLC.",VA,15.7,1,False
62834,Caden Energix Pamplin LLC,VA,15.7,1,False
16955,City of Seward - (AK),AK,15.6,6,False
5998,City of Estherville - (IA),IA,15.6,5,False
14243,Owyhee Irrigation District,OR,15.5,4,False
4482,Covanta Lake Inc,FL,15.5,1,False
56597,Hydro Kennebec LLC,ME,15.4,2,False
58749,PCI Nitrogen LLC,TX,15.4,1,False
60400,"Phantom Solar, LLC",TX,15.4,1,False
62743,RoxWind LLC,ME,15.3,1,False
20069,City of Wamego - (KS),KS,15.2,9,False
61350,"Central Rivers Power MA, LLC",MA,15.2,13,False
62045,"Wood Hydro, LLC",ID,15.2,6,False
16546,Sacramento County of Dpt Waste,CA,15.2,5,False
15793,Redwood Falls Public Util Comm,MN,15.1,6,False
16625,San Diego State University,CA,15.1,7,False
9128,Hurricane City Power - (UT),UT,15.1,8,False
59232,Kearsarge Solar LLC,MA,15.1,6,False
15772,City of Red Bud - (IL),IL,15.0,6,False
1148,City of Baldwin City- (KS),KS,15.0,7,False
4715,Dahlberg Light & Power Co,WI,15.0,12,False
56527,ENGIE Denver Metro LLC,CO,15.0,6,False
20547,Cosmo Specialty Fibers,WA,15.0,2,False
42659,Pennsylvania Renewable Resources,PA,15.0,2,False
19664,University of Washington,WA,15.0,7,False
56672,Targa Co-Generation LLC,TX,15.0,1,False
58182,"SunE AZ2, LLC",AZ,15.0,1,False
59636,HP Hood LLC,VA,15.0,1,False
60268,"Hartz Solar, LLC",MD NJ,15.0,10,False
60454,"Williamston Speight Solar, LLC",NC,15.0,1,False
63421,"Biggs Ford Solar Center, LLC",MD,15.0,1,False
63237,"Emerald Hills Holding I, LLC",VA,15.0,1,False
61516,"Stratford Solar Center, LLC",VA,15.0,1,False
62731,"Gopher Energy Storage, LLC",MN,15.0,3,False
63185,Neighborhood Power Corp.,OR,15.0,7,False
64210,"Lapeer-Cortland Solar, LLC",NY,15.0,3,False
64739,Black Walnut Energy Storage LLC,CA,15.0,1,False
65100,"Listonburg Solar, LLC",PA,15.0,1,False
64404,Denbury Inc,WY,14.9,10,False
1994,"Boulder, City of - (CO)",CO,14.8,4,False
17035,City of Shelbina - (MO),MO,14.8,8,False
21964,University of New Mexico,NM,14.8,3,False
58239,Desert Sky Solar LLC,AZ,14.8,1,False
66003,Reactivate,IL NY,14.8,6,True
14856,Petersburg Borough - (AK),AK,14.7,8,False
67873,Hardin Holdco LLC,IA,14.7,1,False
60987,Lanikuhana Solar LLC,HI,14.7,1,False
60189,"SJA Solar, LLC",MA,14.7,1,False
61528,"Cumberland Land Holdings, LLC",AL,14.7,1,False
8530,"Hypower Energy, LLC",CA,14.5,1,False
49913,University of Arizona,AZ,14.5,2,False
15686,Village of Rantoul - (IL),IL,14.4,8,False
57044,"Luminace Solar New Jersey, LLC",NJ,14.4,8,False
59514,"River Mountains Solar, LLC",NV,14.4,1,False
4683,City of Cuyahoga Falls - (OH),OH,14.4,9,False
62903,"Silicon Hills Campus, LLC",TX,14.3,3,False
58891,Jericho Power LLC,NH,14.3,1,False
19968,City of Wahoo - (NE),NE,14.2,6,False
7209,The Gillette Company,MA,14.2,5,False
64489,"CS Wind America, Inc.",CO,14.1,2,False
58247,National Centers for Animal Health,IA,14.1,9,False
58862,DC Water,DC,14.1,3,False
20380,City of West Liberty - (IA),IA,14.0,3,False
30347,Olcese Water District,CA,14.0,2,False
15237,PCS Nitrogen LP,LA,14.0,3,False
12320,Merck & Co Inc,VA,14.0,6,False
547,American Sugar Refining Inc.,LA,14.0,3,True
18981,Thomson Corp,MN,14.0,7,False
16657,San Jose/Santa Clara Water P C,CA,14.0,4,False
56694,Thermo No 1 BE 01 LLC,UT,14.0,1,False
10810,LAX Airport,CA,14.0,3,False
62091,Derby Fuel Cell LLC,CT,14.0,5,False
64448,"Gardy's Mill Solar, LLC",VA,14.0,1,False
65010,"SolAmerica Energy, LLC",GA IL,14.0,7,False
65097,"Gans Solar, LLC",PA,14.0,1,False
65098,"Pechin Solar, LLC",PA,14.0,1,False
67300,"Onsite Partners Projectco, LLC",NE OH TX,14.0,7,False
18177,City of Story City - (IA),IA,13.9,6,False
20347,Wellesley College,MA,13.9,8,False
64292,Revity Energy LLC,RI,13.9,1,False
12900,City of Mora - (MN),MN,13.8,3,False
60247,Sunray Energy 3 LLC,CA,13.8,1,False
60458,"South Fork Wind, LLC",MN,13.8,1,False
16873,Village of Sebewaing - (MI),MI,13.7,8,False
14762,Pensacola Christian College,FL,13.7,11,False
57065,Constellation Solar Horizons LLC,MD,13.7,1,True
59474,BQ Energy LLC,NY,13.7,5,False
2696,Tesoro Carson Refinery,CA,13.5,2,False
19013,Topsham Hydro Partners,ME,13.5,4,False
13491,New York University,NY,13.5,3,False
60507,"Fresh Air Energy XXXV, LLC",NC,13.5,1,False
64837,"Kansas Ethanol, LLC",KS,13.5,1,False
65147,"Java Solar, LLC",CA,13.5,1,False
3040,City of Carmi - (IL),IL,13.4,7,False
54894,Roseburg Forest Products,CA,13.4,1,False
58171,University of California-San Francisco,CA,13.4,3,False
15824,Ecomaine,ME,13.3,1,False
57104,Golden Springs Development Company LLC,CA,13.3,9,False
66414,Rivanna Solar LLC,VA,13.3,1,False
13763,Northbrook Carolina Hydro LLC,NC SC,13.2,12,False
16191,Robbins Lumber Inc,ME,13.2,3,False
56203,Solar Star NAFB LLC,NV,13.2,3,False
58097,Kent State University,OH,13.2,2,False
64570,Glass House Camarillo Cultivation,CA,13.2,3,False
11161,Loma Linda University,CA,13.1,4,False
7626,City of Greenfield - (IA),IA,13.0,6,False
2848,California Institute-Technology,CA,13.0,2,False
14465,Philip Morris USA - Park 500,VA,13.0,1,False
56616,Clevelandcliffs Warren,OH,13.0,2,False
57018,Turnbull Hydro LLC,MT,13.0,2,False
58596,ENI New Energy US Inc,HI IN,13.0,2,False
59660,"Solar Star California XXXII, LLC",CA,13.0,1,False
59766,"SR Jenkins, LLC",CO,13.0,1,False
61476,Central Utah Water Conservancy District,UT,13.0,2,False
63651,"Energix Hollyfield, LLC",VA,13.0,1,False
64083,"DG Central 1, LLC",MN OK TX,13.0,10,False
65674,Bear Canyon Energy Storage,CA,13.0,1,False
67128,Inertia Energy Storage LLC,TX,13.0,1,False
67477,"NSF Energy Two, LLC",NY,13.0,3,False
67892,"SREOG IL Partnership 4, LLC",IL,13.0,7,False
12894,City of Moorhead - (MN),MN,12.9,7,False
8973,Town of Hudson - (MA),MA,12.9,3,False
3915,Coldwater Board of Public Util,MI,12.9,3,False
61522,"Viridity Energy Solutions, Inc.",CA NJ VT,12.9,3,False
12411,Miami Dade Water & Sewer Dept,FL,12.8,8,False
62997,Veolia North America,NY,12.8,4,False
64729,"Midway Green Solar, LLC",SC,12.8,1,False
450,The Amalgamated Sugar Co,ID,12.7,4,False
13875,Energy Center Paxton LLC,PA,12.6,2,False
56582,Jacksonville Solar LLC,FL,12.6,1,False
58341,McKinley Paper Co. - Washington Mill,WA,12.6,1,False
62155,"DG Northeast Solar II, LLC",NJ,12.6,2,False
65356,Jax LNG,FL,12.6,5,False
9442,Town of Ipswich - (MA),MA,12.5,10,False
5111,City of Detroit Lakes - (MN),MN,12.5,1,False
59867,"Hood Container of Louisiana, LLC",LA,12.5,1,False
56601,Reworld MacArthur Renewable Energy,NY,12.5,1,False
179,Nutrien US LLC,AK,12.5,5,False
55953,Ampersand Chowchilla Biomass LLC,CA,12.5,1,False
55952,Merced Power LLC,CA,12.5,1,False
56246,"Greensburg Wind Farm, LLC",KS,12.5,1,False
63199,Frontier Operation Services,GA IL NC WA,12.5,8,False
59135,Inst and Envir Div Marine Logistics Base,GA,12.5,3,False
58822,MC Power Companies Inc,KS MO,12.5,4,False
65273,"Blue Elk VII Solar, LLC",MI,12.5,1,True
60637,"Sentinel Peak Resources California, LLC",CA,12.4,4,False
6831,"Ft Worth, City of - (TX)",TX,12.4,4,False
56478,University of Michigan NCampus Research,MI,12.4,6,False
3037,City of Carlyle - (IL),IL,12.3,5,False
15387,Princeton Public Utils Comm,MN,12.3,5,False
4558,Cutrale Citrus Juices USA Inc,FL,12.3,3,False
11401,"Mars Wrigley Confectionery US, LLC",NJ,12.3,2,False
24793,Briar-Hydro Associates,NH,12.3,3,False
61980,Valta Energy,CA HI NE NY,12.3,7,False
61344,Electrodes,CA,12.3,5,False
3453,Island Energy Services,HI,12.2,4,False
4713,D/R Hydro Co,PA,12.2,2,False
135,Agrilectric Power Partners Ltd,LA,12.1,1,False
66533,"Ozark Hydro Management, LLC",AR,12.1,3,False
59216,"S.C. Johnson & Son, Inc.",WI,12.1,7,True
21015,City of Wrangell - (AK),AK,12.0,5,False
17876,City of St James - (MN),MN,12.0,6,False
14172,City of Ord - (NE),NE,12.0,5,False
3295,City of Centralia - (WA),WA,12.0,3,False
57139,W&T Offshore Inc,AL,12.0,4,False
20737,Willmar Municipal Utilities (MN),MN,12.0,6,False
57361,"SunE EPE2, LLC",NM,12.0,1,False
63248,Palmetto Power Management LLC,CA NC,12.0,3,False
58654,Orion Solar I LLC,CA,12.0,1,False
59710,"SR Camden, LLC",AR,12.0,1,False
14203,City of Osawatomie - (KS),KS,12.0,6,False
56996,"Republic Services Renewable Energy, LLC",NV,12.0,2,False
61050,The NY Times Production Facility,NY,12.0,6,False
61078,"CoreSite Real Estate 2972 Stender, L.P.",CA,12.0,6,True
62072,Newfield Solar LLC,NY,12.0,4,False
63781,"SR North Stonington, LLC",CT,12.0,1,False
65129,VESI 21 LLC,OH,12.0,1,False
14240,"Oswego, City of - (NY)",NY,11.9,4,False
60676,New York Presbyterian Hospital- 168th Street,NY,11.9,8,False
65155,The Greater Light USA LLC,CA,11.9,3,False
29305,City of Madelia - (MN),MN,11.8,5,False
64642,"Northbrook Virginia Hydro, LLC",VA,11.8,4,False
9439,Isabella Partners,CA,11.8,2,False
65889,"Shaokatan Hills, LLC (Longroad)",MN,11.8,1,False
56764,USG Nevada LLC,NV,11.8,1,False
58201,Milford Solar LLC,DE,11.8,1,False
66005,"Rhode Island Solar Renewable Energy IV, LLC",RI,11.8,2,False
67284,Rattlesnake Ridge Energy Storage LLC,CO,11.8,1,False
67278,Davis UP Energy Storage LLC,CO,11.8,1,False
67277,Bromley Energy Storage LLC,CO,11.8,1,False
67280,Keenesburg Energy Storage LLC,CO,11.8,1,False
66291,Portage Solar Plant,WI,11.8,1,False
6965,City of Garnett - (KS),KS,11.7,7,False
27131,"US Sugar Savannah Refinery, LLC",GA,11.7,4,False
8631,Hillsdale Board of Public Wks,MI,11.6,2,False
20806,City of Windom (MN),MN,11.6,5,False
18371,Village of Swanton - (VT),VT,11.6,5,False
22776,Solano Irrigation District,CA,11.5,3,False
64145,Kern and Tule Hydro LLC,CA,11.5,1,False
16968,Simplot Phosphates LLC,WY,11.5,1,False
49880,Madison Windpower LLC,NY,11.5,1,False
58368,"Doyon Utilities, LLC",AK,11.5,5,False
58388,Pantex (NNSA),TX,11.5,1,False
64520,"Energix Aditya, LLC",VA,11.5,1,False
20141,City of Washington - (KS),KS,11.4,7,False
17320,Sleepy Eye Public Utility Comm,MN,11.4,6,False
56101,AMERESCO Ox Mountain Energy LLC,CA,11.4,6,True
62629,G&S Operations LLC,NJ,11.4,3,False
6192,City of Farmer City - (IL),IL,11.3,6,False
3476,DTE San Diego COGEN Inc.,CA,11.3,5,True
21995,Olmsted County Public Works - (MN),MN,11.3,4,False
64229,"SEPV Sierra, LLC",CA,11.3,2,False
65888,"Lakota Ridge, LLC (Longroad)",MN,11.2,1,False
50095,Phillips 66,NJ,11.2,1,False
58463,Dart Container Corp,PA,11.2,2,False
59209,Concord New Energy,IN RI WI,11.2,5,False
13559,North American Natural Res,MI,11.2,5,False
64273,"Angel Fire Energy Facility, LLC",NM,11.2,2,False
701,City of Anthony - (KS),KS,11.1,3,False
14199,City of Osage City - (KS),KS,11.1,7,False
58144,BMW Manufacturing Co LLC,SC,11.1,3,False
19062,City of Traer - (IA),IA,11.0,7,False
1883,Blue Earth Light & Water,MN,11.0,7,True
13681,North Branch Water & Light Comm,MN,11.0,5,False
11460,City of Macon - (MO),MO,11.0,2,False
18000,State of Rhode Island,RI,11.0,4,False
57130,Janssen Pharmaceutical Co,NJ PA,11.0,4,False
57258,Concord Energy LLC,NC,11.0,2,False
60059,ZGlobal Inc,CA,11.0,6,False
63424,"Silverstrand Grid, LLC",CA,11.0,1,False
63804,"Pacific Energy Solutions, LLC",HI,11.0,1,False
64390,Brighter Future Solar LLC,NC,11.0,1,False
65752,"DG Empire Shine, LLC",NY,11.0,3,False
66015,Solar Breakers LLC,RI,11.0,2,False
66034,"Auburn Renewables, LLC",IN,11.0,1,False
67398,Zero6 Energy Hydro,IA WI,10.9,19,False
8703,City of Hoisington - (KS),KS,10.9,4,False
2647,City of Butler - (MO),MO,10.9,6,False
6231,City of Fayette - (MO),MO,10.9,4,False
63952,"Irwindale Brew Yard, LLC",CA,10.9,3,False
63704,Camp Riley Solar Facility,MN,10.9,1,False
67623,Marvin,MN,10.9,15,False
2634,City of Bushnell - (IL),IL,10.8,7,False
7257,City of Girard - (KS),KS,10.8,4,False
18016,State Farm Mutual Auto Ins Co,GA,10.8,6,False
18050,State Farm Mutual Auto Ins Co,TX,10.8,6,False
57103,US GSA Heating and Transmission,DC,10.8,2,False
58108,"SunE AZ1, LLC",AZ,10.8,1,False
60413,"Rancho Seco Solar, LLC",CA,10.8,1,False
61440,Princeton Energy Center LLC,NJ,10.8,5,False
61956,Mount Sinai South Nassau Hospital,NY,10.8,4,False
3662,Citrus World Inc,FL,10.7,2,False
62870,Heritage Sustainable Energy. LLC,MI,10.7,4,False
14459,City of Paris - (KY),KY,10.6,6,False
4836,City of David City -(NE),NE,10.6,7,False
57221,City of Columbia - (SC),SC,10.6,7,False
60557,"PB Nutclif Master, LLC",NJ,10.6,2,False
58151,Loyola University Health System,IL,10.6,2,False
19497,United Illuminating Co,CT,10.6,4,True
63548,"GD Hopkinton Main I, LLC",RI,10.6,3,False
13870,"Nushagak Electric Coop, Inc",AK,10.5,8,False
10650,City of Lamoni - (IA),IA,10.5,8,False
3477,City of Chicopee - (MA),MA,10.5,5,False
63070,GR Catalyst Two LLC,NY,10.5,1,False
15213,Pontook Operating LP,NH,10.5,3,False
57083,Kingman Energy Corp,AZ,10.5,2,False
59180,Newman Solar LLC,TX,10.5,1,False
64809,Doc Brown LLC,VA,10.5,1,False
2551,City of Burlington - (KS),KS,10.4,4,False
3220,Central Oregon Irrigation Dist,OR,10.4,3,False
16001,Rhode Island Hospital,RI,10.4,4,False
54809,Wailuku Holding Company LLC,HI,10.4,2,False
6862,"Green Mountain Storage, LLC",PA,10.4,1,True
62005,Eastridge Wind Project,MN,10.4,1,False
64153,"Stamford Health Systems, Inc.",CT,10.4,9,False
18086,City of Sterling - (KS),KS,10.3,7,False
66115,Mahipapa LLC,HI,10.3,3,False
59589,Rockfish Solar LLC,MD,10.3,1,False
12897,Moose Lake Water & Light Comm,MN,10.2,5,False
17725,Snow Mountain Hydro LLC,CA,10.2,4,False
67085,"MSS Energy Holdings, LLC (d.b.a. Calibrant Energy)",MA,10.2,19,False
65576,"AC Power 14, LLC",NY,10.2,2,False
7630,Village of Greenport - (NY),NY,10.1,5,False
56930,"Foundation HA Energy Generation, LLC",CA,10.1,8,False
57059,"SunE SPS4, LLC",NM,10.1,1,False
57058,"SunE SPS5, LLC",NM,10.1,1,False
57315,Western Sugar Cooperative,CO NE,10.1,2,False
58313,The Andersons Albion Ethanol LLC,MI,10.1,2,False
965,Atlantic Municipal Utilities (IA),IA,10.0,1,False
56531,EIF Haypress LLC,CA,10.0,2,False
16921,City of Seneca - (SC),SC,10.0,5,False
67701,CR51 Inc.,OR,10.0,3,False
56583,Wyandot Solar LLC,OH,10.0,1,False
56673,White Oak Solar Energy LLC,DE,10.0,1,False
56790,Ralls Wind Farm LLC,TX,10.0,1,False
57055,"SunE SPS1, LLC",NM,10.0,1,False
57056,"SunE SPS2, LLC",NM,10.0,1,False
57057,"SunE SPS3, LLC",NM,10.0,1,False
57333,Musselshell Wind Project LLC,MT,10.0,1,False
57338,Musselshell Wind Project Two LLC,MT,10.0,1,False
57360,SunE EPE1 LLC,NM,10.0,1,False
58413,Lone Valley Solar Park I LLC,CA,10.0,1,False
67364,Anderson Wind II LLC,NM,10.0,1,False
59860,Jett Creek,OR,10.0,1,False
59861,Benson Creek,OR,10.0,1,False
59862,Durbin Creek,OR,10.0,1,False
59863,Prospector,OR,10.0,1,False
59864,Willow Spring,OR,10.0,1,False
60094,"Clinton Battery Utility, LLC",OH,10.0,1,False
60834,Pima Energy Storage System,AZ,10.0,1,False
63757,"OR Solar 2, LLC",OR,10.0,1,False
61086,"CoreSite Real Estate 2901 Coronado, L.P.",CA,10.0,5,True
61482,"AES ES GILBERT, LLC",AZ,10.0,1,False
63631,Capital V LLC,NC,10.0,1,True
62894,Imeson Solar Farm LLC,FL,10.0,2,False
63065,"SOLV Energy, LLC",OR,10.0,1,True
63187,Rush Springs Energy Storage,OK,10.0,1,False
63242,CBH Lessor LLC,SC,10.0,1,False
63592,Riley Solar I LLC,OR,10.0,1,False
63593,Fort Rock Solar IV LLC,OR,10.0,1,False
63707,OYA Blanchard Road LLC,NY,10.0,2,False
63708,OYA Blanchard Road 2 LLC,NY,10.0,2,False
63709,OYA NYS Rte 12 LLC,NY,10.0,2,False
63711,OYA Great Lakes Seaway LLC,NY,10.0,2,False
64241,"Blodgett Street Solar 1, LLC",MA,10.0,2,False
64417,"59FED WHAM8 Solar, LLC",MA,10.0,2,False
64937,Hecate Energy Desert Storage 1 LLC,CA,10.0,1,True
64978,Hecate Grid Carris Storage 1 LLC,CA,10.0,1,True
65039,"Bishopville Solar II, LLC",SC,10.0,1,False
65223,"Generate Colchester Fuel Cells, LLC",CT,10.0,1,False
65238,"West Valley Solar, LLC",NY,10.0,2,False
65327,"Southeastern Solar Farm Fund, LLC",FL GA,10.0,4,False
65473,"Westside Solar, LLC (Ecofin)",MN,10.0,2,False
65838,SMT Mercedes LLC,TX,10.0,1,False
65839,SMT Mission LLC,TX,10.0,1,False
65844,SMT Santa Rosa LLC,TX,10.0,1,False
65843,SMT Alamo LLC,TX,10.0,1,False
65842,SMT Bay City LLC,TX,10.0,1,False
65841,SMT Elsa LLC,TX,10.0,1,False
65840,SMT Los Fresnos LLC,TX,10.0,1,False
65847,SMT Harlingen II LLC,TX,10.0,1,False
65845,SMT Rio Grande I LLC,TX,10.0,1,False
65846,SMT Rio Grande II LLC,TX,10.0,1,False
65881,"Lightfoot Solar, LLC",MI,10.0,1,False
66131,"Surbrook Solar, LLC",MI,10.0,1,False
66148,"FFP NY Goshen Project2, LLC",NY,10.0,2,False
66843,Kearsarge Riverpark I LLC,MA,10.0,2,False
67447,Matta Power Station LLC,TX,10.0,1,False
67454,SMT Dallas LLC,TX,10.0,1,False
67455,SMT Mission II LLC,TX,10.0,1,False
67472,"Snyder ESS Assets, LLC",TX,10.0,1,False
67473,"Sweetwater ESS Assets, LLC",TX,10.0,1,False
67474,"Westover ESS Assets, LLC",TX,10.0,1,False
20183,Waste Management Inc,PA,9.9,3,False
56159,"Threemile Canyon Wind I, LLC",OR,9.9,1,False
67368,Broadview Energy Prime LLC,NM,9.9,1,False
67369,Broadview Energy Prime 2 LLC,NM,9.9,1,False
60389,Rabbit Hill Energy Storage Project,TX,9.9,1,False
61332,Sikorsky Aircraft Corporation,CT,9.9,3,False
61667,Galactic Wind,WI,9.9,1,False
63121,"Starvation Solar I, LLC",OR,9.9,1,False
63339,"Fort Rock Solar I, LLC",OR,9.9,1,False
63712,Pittsfiled Solar LLC,ME,9.9,1,False
64400,Flower Valley,TX,9.9,1,False
64401,Swoose,TX,9.9,1,False
66416,SBESS TX7 LLC,TX,9.9,1,False
66418,SBESS TX5 LLC,TX,9.9,1,False
67366,"Texas Bluebonnet Solar Partners, LLC",TX,9.9,1,False
67384,Regis Continental LLC,TX,9.9,1,False
67385,Regis Gregory LLC,TX,9.9,1,False
67386,Regis Palacios LLC,TX,9.9,1,False
67400,Regis Carrizo Springs LLC,TX,9.9,1,False
67402,Regis Goodwin LLC,TX,9.9,1,False
67438,Regis Hearn LLC,TX,9.9,1,False
67439,Regis Mason LLC,TX,9.9,1,False
67440,Regis Monte Cristo LLC,TX,9.9,1,False
67441,Regis Muenster LLC,TX,9.9,1,False
67442,Regis Sinton-Pirate LLC,TX,9.9,1,False
67443,Regis Falfurrias LLC,TX,9.9,1,False
67938,"South River OnSite Generation, LLC",NJ,9.9,1,False
1515,City of Bellevue - (IA),IA,9.8,6,False
12839,City of Montezuma - (IA),IA,9.8,8,False
11713,City of Marshall - (MI),MI,9.8,5,False
1456,Town of Bedford - (VA),VA,9.8,8,False
63621,CVI CleanCapital Solar 6,MA,9.8,4,False
64380,"0HAM WHAM8 Solar, LLC",MA,9.8,2,False
11332,City of Luverne - (MN),MN,9.7,3,False
12380,Montana Dept-Natural Res&Consv,MT,9.7,1,False
61185,"Cycle Holdings, LLC",MT,9.7,1,False
67293,NSF Energy Three LLC,NY,9.7,2,False
54683,Maverick Cty Water Control & Improvement,TX,9.6,3,False
54839,Eagle Materials Co LLC,CO,9.6,4,False
61143,Bridge Energy LLC,CA,9.6,5,False
64137,"Chautauqua Green Energy, LLC",NY,9.6,6,False
56989,SAF Hydroelectric LLC,MN,9.6,16,False
58179,Cinnamon Bay LLC,NJ,9.6,1,False
58502,"Uwharrie Mountain Renewable Energy, LLC",NC,9.6,6,False
64784,LMS Energy USA LLC,FL,9.6,6,False
64791,"GDIM 1, LLC",RI,9.6,1,False
64792,"GDIM 2, LLC",RI,9.6,1,False
64793,"GDIM 3, LLC",RI,9.6,1,False
64794,"GDIM 4, LLC",RI,9.6,1,False
3179,Caterpillar Inc,IN,9.5,5,False
13468,New London Municipal Utilities - (IA),IA,9.5,5,False
63274,Vassar Brothers Medical Center,NY,9.5,11,False
1512,City of Belleville - (KS),KS,9.4,4,False
13483,City of New Roads - (LA),LA,9.4,6,False
8862,Horseshoe Bend Hydroelectric Co,ID,9.4,2,False
18947,City of Tipton - (IA),IA,9.3,5,False
56497,Big Valley Power (BVP) LLC,CA,9.3,1,False
18668,Tesoro Refining and Marketing Co LLC,ND,9.3,3,False
64395,"Bay4 Energy Services, LLC",CA IL,9.3,5,False
19204,City of Trinidad - (CO),CO,9.2,5,False
20789,City of Wilton - (IA),IA,9.2,5,False
295,City of Alexandria - (MN),MN,9.2,3,False
12286,Melrose Public Utilities,MN,9.2,5,False
13095,City of Mulvane - (KS),KS,9.2,3,False
12834,Dutchess County RRA - (NY),NY,9.2,1,False
67529,"CADC MSP01, LLC",MN,9.2,5,False
59895,Patheon Manufacturing Service LLC,NC,9.2,8,False
56104,AMERESCO Chiquita Canyon LLC,CA,9.2,2,True
56934,City Of High Point - (NC),NC,9.2,6,False
58536,Smithfield Packaged Meats Corp (Kinston),NC,9.2,4,False
59173,City of Tulare Water Pollution Control - (CA),CA,9.2,4,False
62112,Atlantic Health System,NJ,9.2,3,False
63565,BD Solar Oxford LLC,ME,9.2,1,False
21533,City of Minneapolis - (KS),KS,9.1,5,False
10320,City of Kingfisher - (OK),OK,9.1,5,False
60207,"Pisgah Mountain, LLC",ME,9.1,1,False
63353,Jacobi Medical Center,NY,9.1,11,False
63505,"DG Illinois Solar, LLC",IL,9.1,6,False
1573,City of Benson - (MN),MN,9.0,5,False
17836,Springfield Public Utils Comm - (MN),MN,9.0,5,False
29295,City of Wells - (MN),MN,9.0,5,False
14582,City of Pawhuska - (OK),OK,9.0,4,False
20151,Washington Electric Coop - (VT),VT,9.0,8,False
1194,Baptist Memorial Hospital,FL,9.0,3,False
9765,John Deere Dubuque Works,IA,9.0,6,False
11782,Marysville Hydro Partners,ID,9.0,2,False
62043,Cox Operating LLC,LA,9.0,3,False
9286,Illinois Municipal Elec Agency (IL),IL,9.0,5,False
6417,City of Flora - (IL),IL,9.0,5,False
64696,"Luminace Solar Chicago, LLC",IL,9.0,1,False
56916,PaTu Wind Farm LLC,OR,9.0,1,False
61093,"SL Babylon, LLC",NY,9.0,1,False
62826,"Syncarpha Puddon I, LLC",MA,9.0,2,False
62827,"Syncarpha Puddon II, LLC",MA,9.0,2,False
62824,"Syncarpha Northbridge I, LLC",MA,9.0,2,False
64359,"SR Washington I, LLC",TN,9.0,1,False
66978,"SunE B9 Holdings, LLC",NC,9.0,3,False
57299,Spreckels Sugar Company,CA,8.9,1,False
58104,California State University at Fullerton,CA,8.9,7,False
11017,City of Lincoln Center - (KS),KS,8.8,5,False
12294,City of Memphis - (MO),MO,8.8,10,False
17862,City of St Charles - (MN),MN,8.8,4,False
62820,"Syncarpha Millbury, LLC",MA,8.8,2,False
62822,"Syncarpha Blandford, LLC",MA,8.8,2,False
66130,Dynamic Energy Holdings LLC,NJ NY,8.8,3,False
65500,ASD Wallum MA Solar LLC,MA,8.8,2,False
67396,Costen Solar LLC,MD,8.8,1,False
7743,Grundy Center Mun Light & Power,IA,8.7,3,False
19474,City of Unionville - (MO),MO,8.7,9,False
2277,City of Broken Bow - (NE),NE,8.7,6,False
7019,Gay & Robinson Inc,HI,8.7,4,False
57353,Plumas Sierra Rural Electric Coop,CA,8.7,3,False
58491,"Luminace Solar Holding, LLC",AZ MD NY OH,8.7,5,False
58270,GE Wind Energy LLC,TX,8.7,3,False
18137,City of Stockton - (KS),KS,8.6,5,False
1871,City of Blooming Prairie - (MN),MN,8.6,5,False
11943,McCallum Enterprises I LP,CT,8.6,4,False
12239,Mega Renewables,CA,8.6,2,False
18617,Tesoro Alaska Company LLC,AK,8.6,2,False
4468,Crestwood Corp,AL,8.6,7,False
55941,Northbrook Lyons Falls LLC,NY,8.6,8,False
56687,CityCenter Land LLC,NV,8.6,2,False
63511,"Luminace Solar Illinois 2, LLC",IL,8.6,6,False
63831,St. Cloud Hydroelectric Generation Facility,MN,8.6,2,False
1869,City of Bloomfield - (IA),IA,8.5,6,False
5802,City of Ellinwood - (KS),KS,8.5,5,False
50082,Boise Cascade Wood Products LLC,OR,8.5,2,False
60242,"Athens Energy, LLC",ME,8.5,1,False
62033,NRG MN Community LLC,MN,8.5,2,True
66982,Tule Hydro LLC,CA,8.4,2,False
4417,Ingredion Inc - Winston Salem,NC,8.4,2,False
17612,Bear Valley Electric Service,CA,8.4,7,False
65300,"Agriwind Holdings, LLC",IL,8.4,1,False
56158,"Cassia Wind Farm, LLC",ID,8.4,1,False
64553,Anaergia,NC RI,8.4,2,False
61936,Albert Einstein College of Medicine,NY,8.4,12,False
63369,"Yaphank Fuel Cell Park, LLC",NY,8.4,3,False
66147,"FFP NY Goshen Project1, LLC",NY,8.4,2,False
13466,City of New Lisbon (WI),WI,8.3,4,False
63490,"147 Williamsville Solar 1, LLC",MA,8.3,2,False
64258,"Clark Road Solar 1, LLC",MA,8.3,2,False
64381,"276FED WHAM8 Solar, LLC",MA,8.3,2,False
64472,"160TIH WHAM8 Solar, LLC",MA,8.3,2,False
66287,"SL Evans, LLC",NY,8.3,2,False
66286,Adams PV Plant (WI),WI,8.3,1,False
67590,"Redfield Energy, LLC",SD,8.3,1,False
12242,City of Meade - (KS),KS,8.2,5,False
18252,City of Sturgis - (MI),MI,8.2,5,False
24206,Amalgamated Sugar Co-Nampa,ID,8.2,2,False
54902,SunE Alamosa1 LLC,CO,8.2,2,False
57476,Foundation CA Fund VI Manager LLC,CA,8.2,6,False
61750,Jefferson Solar,SC,8.2,1,False
20188,City of Watertown - (NY),NY,8.1,3,False
63010,"Northbrook Carolina Hydro II, LLC",NC SC,8.1,8,False
20255,Weber Basin Water Conserv Dist,UT,8.1,6,False
4065,City of Columbus - (OH),OH,8.1,5,False
56976,"Luminace Solar New Jersey II, LLC",NJ,8.1,2,False
57484,"Foundation CA Fund V Manager, LLC",CA,8.1,6,False
58154,Hudson Valley Community College,NY,8.1,6,True
61406,"Delta Solar Power I, LLC",MI,8.1,1,False
64058,East Brookfield Adams Road Solar LLC,MA,8.1,2,False
67894,"SREOG ME Credit Seller 2, LLC",ME,8.1,3,False
10633,City of Lamar - (CO),CO,8.0,4,False
6207,Farmington River Power Company,CT,8.0,2,False
10260,City of Kimball - (NE),NE,8.0,4,False
11626,City of Marceline - (MO),MO,8.0,4,False
17627,South Forks Joint Venture,ID,8.0,2,False
17412,County of Sonoma Dept of Trnsp,CA,8.0,10,False
59880,Pioneer Crossing Energy LLC,PA,8.0,5,False
56780,Enfinity BNB Napoleon Solar LLC,OH,8.0,1,False
58223,C&H Sugar Company Inc,CA,8.0,2,False
58439,Junction Hilltop Management LLC,IA,8.0,1,False
58520,"Huerfano River Wind, LLC",CO,8.0,4,False
58526,Hometown Bio Energy LLC,MN,8.0,1,False
58655,"Orion Solar II, LLC",CA,8.0,1,False
58771,Tri-County Water Conservancy District,CO,8.0,2,False
59713,"Potrero Hills Energy Producers, LLC",CA,8.0,5,False
60036,"SR Clinch, LLC",CO,8.0,2,False
60332,"Selmer North Solar II, LLC",TN,8.0,1,False
60358,BC Solar,OR,8.0,1,False
61088,"CoreSite Real Estate 55 S. Market Street, LLC",CA,8.0,4,True
61162,Woodhull Hospital,NY,8.0,5,False
61353,Philadelphia Authority for Industrial Development,PA,8.0,4,False
62825,"Syncarpha Northbridge II, LLC",MA,8.0,2,False
63107,"Lansing Renewables, LLC",NY,8.0,2,False
63109,"Hales Mills Solar, LLC",NY,8.0,2,False
63110,"Owlville Creek Solar 2, LLC",NY,8.0,2,False
63111,"Owlville Creek Solar, LLC",NY,8.0,2,False
63226,CalCom Energy,CA,8.0,4,False
65120,Kearsarge Smithfield LLC,RI,8.0,1,False
11581,City of Manning - (IA),IA,7.9,6,False
7167,GP Big Island LLC,VA,7.9,3,False
58099,Emcor Energy Services,NH,7.9,1,False
58801,"Integrys MA Solar, LLC",MA,7.9,4,False
60890,"US Dept of Army, Garrison, APG",MD,7.9,1,False
62998,Cox Enterprises,MA NJ WV,7.9,5,False
66559,Leprino Foods,CA,7.9,1,False
20977,City of Woodsfield - (OH),OH,7.8,6,False
55934,City of Stockton MUD - (CA),CA,7.8,5,False
54812,AMERESCO Chicopee Energy LLC,MA,7.8,4,True
56654,Carleton College,MN,7.8,4,False
59218,East. Michigan Univ. Heating Plant,MI,7.8,1,False
60060,"SR Mavericks, LLC",CO,7.8,1,False
61049,NYC-HH Coney Island Hospital,NY,7.8,5,False
63510,"POET Biorefining - Marion, LLC",OH,7.8,2,False
64309,Annadale Community Clean Energy Projects LLC,NY,7.8,2,False
67282,Parkway Energy Storage LLC,CO,7.8,1,False
67279,Frederick Energy Storage LLC,CO,7.8,1,False
67281,Mead Energy Storage LLC,CO,7.8,1,False
67283,Platte Valley Energy Storage LLC,CO,7.8,1,False
16764,City of San Diego - (CA),CA,7.7,4,False
66891,Apex Power Generation Corp.,CA,7.7,7,False
54705,Seadrift Coke L P,TX,7.6,1,False
15173,Placid Refining Co LLC,LA,7.6,2,False
61723,"Pixelle Specialty Solution, LLC",WI,7.6,1,False
58385,"SR Enterprise South, LLC",TN,7.6,1,False
59195,Landfill Energy Systems,IN,7.6,4,False
60471,"Mt. Tom Solar, LLC",MA,7.6,2,False
62813,"Syncarpha Westminster, LLC",MA,7.6,2,False
65775,"RPCA Solar 1, LLC",CA,7.6,2,False
67852,"SREOG IL Partnership 3, LLC",IL,7.6,4,False
10769,City of Laurens - (IA),IA,7.5,3,False
10559,City of La Crosse - (KS),KS,7.5,5,False
61891,Cushaw Hydro LLC,VA,7.5,5,False
56369,Truckee Meadows Water Authority,NV,7.5,4,False
21223,University of Northern Iowa,IA,7.5,1,False
26840,Port Townsend Paper Co,WA,7.5,1,False
3770,Co-Generation Co,OR,7.5,1,False
3930,Co-Gen II,OR,7.5,1,False
11233,Louisiana Tech University,LA,7.5,1,False
17604,Southern Minnesota Beet Sugar,MN,7.5,1,False
55704,Tiber Montana LLC,MT,7.5,1,False
56440,G2 Energy LLC,CA FL,7.5,5,False
57407,Riverside Renewable Energy,NJ,7.5,1,False
58093,Otter Creek Ethanol LLC - Poet Ashton,IA,7.5,1,False
58508,Carolina Solar Energy LLC,NC,7.5,2,False
58675,Delta-Montrose Electric Association,CO,7.5,2,False
58754,Sunlight General Mercer Solar LLC,NJ,7.5,1,False
59140,"Dorena Hydro, LLC",OR,7.5,2,False
60336,SDGE Batteries,CA,7.5,7,False
63875,"DTE Atlantic, LLC",NJ,7.5,1,True
63113,"Architect of the Capitol, Capitol Power Plant",DC,7.5,1,False
63751,James W. Broderick Hydropower Plant,CO,7.5,2,False
64402,Triple Butte,TX,7.5,1,False
64752,"Perendale Holdings, LLC",NC,7.5,1,False
66595,"SR Maryville East, LLC",TN,7.5,1,False
67851,"SREOG IL Partnership 2, LLC",IL,7.5,4,False
9973,City of Kahoka - (MO),MO,7.4,8,False
6274,City of Fennimore - (WI),WI,7.4,5,False
22142,University of California Santa Cruz,CA,7.4,4,False
8,Tate & Lyle Ingredients Americas Inc,IN,7.4,1,False
19272,Doyon Utilities - Fort Greely,AK,7.4,4,False
58555,The University of Utah,UT,7.4,1,False
60195,"Groton Station Fuel Cell, LLC",CT,7.4,2,False
61774,NYC-HH-New Bellevue Hospital,NY,7.4,9,False
7494,City of Granite Falls - (MN),MN,7.3,6,False
57227,MM San Diego Energy-Miramar,CA,7.3,4,False
56997,Marina Energy LLC,NJ,7.3,9,False
11268,City of Lowell - (MI),MI,7.3,2,False
64423,Excelsior Energy Capital,MN VT,7.3,6,False
59775,"Solar Star California XXXI, LLC",CA,7.3,1,False
64073,"Wilmarth Lane Solar 1, LLC",MA,7.3,2,False
15043,City of Piggott - (AR),AR,7.2,5,False
42741,South Sutter Water District,CA,7.2,1,False
3137,Cascade Municipal Utilities - (IA),IA,7.2,5,False
13048,City of Mountain Lake - (MN),MN,7.2,5,False
6924,City of Gallatin - (MO),MO,7.2,4,False
406,City of Altamont - (IL),IL,7.2,4,False
12401,Merimil Ltd Partnership,ME,7.2,7,False
8705,Hoffer Plastics,IL,7.2,9,False
59598,Tooele Army Depot,UT,7.2,5,False
61499,Georgia-Pacific Wood Products LLC,MS,7.2,1,False
61578,The Bank of New York,NY,7.2,6,False
63567,BD Solar Augusta LLC,ME,7.2,1,False
64069,"Breckenridge Street Solar 1, LLC",MA,7.2,2,False
64471,"77F2M WHAM8 Solar, LLC",MA,7.2,2,False
65504,"Catalyze Blackstone 83 Federal Street Microgrid, LLC",MA,7.2,2,True
18014,City of State Center - (IA),IA,7.1,6,False
18231,City of Stuart - (IA),IA,7.1,5,False
14214,City of Osborne - (KS),KS,7.1,6,False
17824,Spring Valley Pub Utils Comm,MN,7.1,4,False
1857,Block Island Utility District,RI,7.1,4,False
13943,Ocean County Utilities Auth - (NJ),NJ,7.1,8,False
56778,Bloom Energy 2009 PPA,CA NJ,7.1,24,True
61299,HQC Tatanka Wi Solar Power Generation LLC,MN,7.1,1,False
18525,City of Tecumseh - (NE),NE,7.0,5,False
12385,Metlakatla Power & Light,AK,7.0,5,False
2048,Bowersock Mills & Power Co,KS,7.0,11,False
4823,Dartmouth College,NH,7.0,3,False
16578,Saint Agnes Medical Center,CA,7.0,2,False
58109,President & Trustees of Williams College,MA,7.0,3,False
58163,POET Biorefining Lake Crystal,MN,7.0,2,False
59212,"Adelanto Solar II, LLC",CA,7.0,1,False
66123,Summit Ridge Energy,OH,7.0,1,True
60648,"SCDA Solar 1, LLC",CA,7.0,1,False
66061,BQ Energy Development,IL,7.0,1,False
62628,County of Santa Clara - (CA),CA,7.0,3,False
63627,Cardinal Solar LLC,SC,7.0,1,False
63698,BD Solar Hancock LLC,ME,7.0,1,False
63699,BD Solar 2 LLC,ME,7.0,1,False
63700,BD Solar Hancock North LLC,ME,7.0,1,False
64234,Kearsarge William Way LLC,MA,7.0,2,False
64371,"RPNY Solar 3, LLC",NY,7.0,2,False
65127,VESI 24 LLC,NJ,7.0,1,False
65252,"Blacksmith Road Solar 1, LLC",MA,7.0,2,False
66050,Solar Star Prime 4 LLC,CA,7.0,2,False
67879,"SE Municipal Iowa, LLC",IA,7.0,2,False
8599,City of Hill City -(KS),KS,6.9,6,False
15941,Rice University,TX,6.9,2,False
4619,Town of Culpeper- (VA),VA,6.9,4,False
56960,City of Gastonia - (NC),NC,6.9,4,False
61280,"Creston Ridge II, LLC",NE,6.9,3,False
61288,"Perennial Wind, LLC",NE,6.9,3,False
61971,Mt. Sinai- Morningside,NY,6.9,5,False
4375,City of Corning - (IA),IA,6.8,3,False
17879,City of St. John - (KS),KS,6.8,4,False
23005,Aera Energy LLC-Coalinga,CA,6.8,2,False
57224,MM West Covina Energy LLC,CA,6.8,1,False
58089,Adkins Energy LLC,IL,6.8,2,False
60577,"Creston Ridge, LLC",NE,6.8,1,False
64913,"SR Paris, LLC",TN,6.8,1,False
20364,City of West Bend - (IA),IA,6.7,4,False
7487,City of Grand Marais - (MN),MN,6.7,3,False
57145,Louisiana Sugar Refining LLC,LA,6.7,3,False
11426,Massachusetts Water Res Auth,MA,6.7,3,False
15380,Prince George's County - (MD),MD,6.7,7,False
56408,"UGI Energy Services, LLC",MD PA,6.7,5,True
62701,"Vista Solar, Inc.",CA RI,6.7,3,False
5834,City of Elroy - (WI),WI,6.6,3,False
18963,"Inside Passage Elec Coop, Inc",AK,6.6,11,False
194,Albuquerque City of,NM,6.6,4,False
16073,Riverview Energy Systems,MI,6.6,2,False
20523,Westward Seafoods Inc,AK,6.6,3,False
56999,Western Massachusetts Electric Company,MA,6.6,3,False
60164,ILR Landfill,NJ,6.6,1,False
61252,"C-S Canal Hydro, LLC",NY,6.6,6,False
63182,SunSelect Produce (California) Inc,CA,6.6,2,False
12541,City of Milford - (IA),IA,6.5,5,False
18820,City of Thief River Falls - (MN),MN,6.5,6,False
20712,Snowbird Corporation,UT,6.5,3,False
4497,Reworld Indianapolis Inc,IN,6.5,1,False
67492,ERCAM LLC,HI,6.5,13,False
60369,City of Worcester DPW - (MA),MA,6.5,1,False
63188,"West Deptford Distributed Solar, LLC",NJ,6.5,1,False
65630,White Rock Road LLC,RI,6.5,1,False
66117,"Autoliv ASP, Inc.",UT,6.5,2,False
66594,"SR Lexington, LLC",TN,6.5,1,False
66600,"SR Trezevant, LLC",TN,6.5,1,False
16560,City of Salisbury - (MO),MO,6.4,4,False
6715,City of Franklin - (VA),VA,6.4,4,False
34466,Casella Waste Systems,NY,6.4,4,False
57259,Richmond Energy LLC,VA,6.4,4,False
59458,Landfill Energy Systems Florida,FL,6.4,4,False
62861,Open Mountain Energy LLC.,NV,6.4,4,False
63873,Lincoln Medical and Mental Health Center,NY,6.4,5,False
17141,City of Sibley - (IA),IA,6.3,4,False
13826,City of Norway - (MI),MI,6.3,4,False
55988,Virginia Polytechnic Inst and State Unv,VA,6.3,1,False
57106,"Peak Power 1, LLC",NY,6.3,3,False
60444,Argonne National Laboratory,IL,6.3,1,False
61393,Douglas County Forest Products - (OR),OR,6.3,1,False
64296,"Maple Street Solar 1, LLC",MA,6.3,2,False
56854,Messalonskee Stream Hydro LLC,ME,6.2,3,False
63000,City of Truman - (MN),MN,6.2,3,False
18461,Tamarack Energy,ID,6.2,1,False
5989,Erving Paper Mills Inc,MA,6.2,2,False
50021,Neenah Paper Michigan Inc.,MI,6.2,1,False
54900,Stimson Lumber Company,ID,6.2,1,False
58137,The College of New Jersey,NJ,6.2,1,False
63229,Essex County Correctional Facility Cogen,NJ,6.2,2,False
64541,CES Agawam Tuckahoe Solar LLC,MA,6.2,2,False
66357,Shapham Place Solar Project 2020 LLC,NY,6.2,2,False
67877,"SE Municipal Colorado, LLC",CO,6.2,2,False
12167,City of McLeansboro - (IL),IL,6.1,4,False
10908,City of Lenox - (IA),IA,6.1,5,False
28473,Harvest Midstream Co,CO,6.1,1,False
61802,Westchester County Medical Center - (NY),NY,6.1,7,False
63351,St. Joseph's Regional Medical Center (NJ),NJ,6.1,9,False
63589,POET Biorefining- Shelbyville,IN,6.1,1,False
67762,University of Montana,MT,6.1,3,False
13948,City of Oberlin - (KS),KS,6.0,2,False
4527,City of Crete - (NE),NE,6.0,1,False
9776,City of Johnson - (KS),KS,6.0,2,False
16732,San Jose State University Fclts Dev &Ops,CA,6.0,1,False
19148,"Vicinity Energy Trenton, L.P.",NJ,6.0,1,False
9297,IPT SRI Cogeneration Inc,CA,6.0,1,False
18323,Toledo Refining Company,OH,6.0,1,False
20328,Wells Manufacturing Co,IL,6.0,6,False
17069,Shepherd Center,GA,6.0,6,False
54704,Metropolitan Pier and Exposition Auth,IL,6.0,3,False
6615,City of Fort Pierre - (SD),SD,6.0,3,False
7100,Village of Genoa - (OH),OH,6.0,3,False
56800,Brewster,MN,6.0,3,False
57066,Coastal Community Action Program,WA,6.0,1,False
16864,Seaside Heights Municipal Utility (NJ),NJ,6.0,3,False
58304,"Luminace Solar Maryland II, LLC",MD,6.0,2,False
67902,"Ka Ie Ie Waho Company, LLC",HI,6.0,1,False
59354,"LKL BLBD, LLC",FL,6.0,1,False
20135,City of Washington - (UT),UT,6.0,3,False
65170,"Bio Town Biogas, LLC",IN,6.0,6,False
6168,Farmers Electric Coop - (IA),IA,6.0,3,False
62784,Kenyon Energy KS Solar 1 LLC,KS,6.0,1,False
63450,"DG South Carolina Solar, LLC",SC,6.0,1,False
63771,"SR Rattlesnake, LLC",CO,6.0,1,False
63963,"DG Fuel Cell, LLC",NY,6.0,1,False
64572,"Hampstead Solar, LLC",MD,6.0,1,False
64846,"Google, Inc.",CA,6.0,5,False
65556,EnerSmart Chula Vista Sub Station,CA,6.0,2,False
65807,"Energy 49, LLC",AK,6.0,1,False
67964,Addicus Advisors,ME,6.0,2,False
13484,NewYork-Presbyterian Brooklyn Methodist Hospital,NY,5.9,6,False
2468,Bucknell University,PA,5.9,2,False
57229,MM Albany Energy LLC,NY,5.9,5,False
61907,"JBAB Solar I, LLC.",DC,5.9,1,False
59573,"Solar Star Prime 3, LLC",CA,5.9,2,False
10596,City of Lake Crystal - (MN),MN,5.8,4,False
40444,Truckee-Carson Irrigation District,NV,5.8,4,False
11481,City of Madison - (NE),NE,5.8,4,False
11704,Maryland Environmental Service,MD,5.8,4,False
19351,U S Gypsum Co,NY,5.8,1,False
27762,Ptarmigan Res & Engy Inc,CO,5.8,3,False
62818,Mahi Pono LLC,HI,5.8,4,False
57202,E&E Enterprises LLC,IA,5.8,4,False
58300,Ameresco Select Inc,CT,5.8,4,True
62127,"Generate Fremont Digester, LLC.",MI,5.8,2,False
62897,County of Santa Barbara - (CA),CA,5.8,5,False
67941,"SRC Partnership 3, LLC",IL,5.8,3,False
15773,City of Red Cloud - (NE),NE,5.7,4,False
39878,Solutia Inc-Indian,MA,5.7,1,False
56392,Chalmette Refining LLC,LA,5.7,1,False
57027,"Signal Hill Petroleum, Inc",CA,5.7,1,False
64635,Solar Community I LLC,CA,5.7,1,False
58540,California PV Energy LLC,CA,5.7,4,False
58828,St. Olaf College,MN,5.7,4,False
64093,White Plains Hospital Medical Center,NY,5.7,6,False
10730,City of Las Animas - (CO),CO,5.6,5,False
911,City of Ashland - (KS),KS,5.6,5,False
17886,City of St Louis - (MI),MI,5.6,6,False
1615,Town of Berlin - (MD),MD,5.6,3,False
14323,Pacific Northwest Generating Coop,OR,5.6,5,False
13697,North Central Power Co Inc,WI,5.6,2,False
65153,BBCP Kauai Operating LLC,HI,5.6,3,False
66470,Los Angeles County DHS,CA,5.6,2,False
56189,American Profol Incorporated,IA,5.6,3,True
1362,Bassett Healthcare,NY,5.6,5,False
12758,Model City Energy LLC,NY,5.6,7,False
60791,Monroe County - (NY),NY,5.6,4,False
56205,Philadelphia Water Department,PA,5.6,4,False
58622,Costco Wholesale,CA,5.6,4,False
59251,Brigham Young Univ Idaho,ID,5.6,1,False
62093,Groton Fuel Cell 1 LLC,CT,5.6,2,False
60295,University Of Arkansas,AR,5.6,1,False
62130,Foundation CA Fund X Manager LLC,CA,5.6,2,False
62821,"Syncarpha Northampton, LLC",MA,5.6,2,False
63220,ECP Uptown Campus LLC,PA,5.6,1,False
63682,"Montague Road Solar, LLC",MA,5.6,2,False
64446,ASD Cotuit MA Solar LLC,MA,5.6,2,False
65318,"SPPW1, LLC",NE,5.6,2,False
66220,Spectrum Solar LLC,MD,5.6,2,False
55810,Augusta Canal Authority,GA,5.5,7,False
50109,DeKalb Regional Health System,GA,5.5,5,False
11284,Lowndes County Hospital Authority,GA,5.5,4,False
56892,Solar Star Colorado II LLC,CO,5.5,1,False
56968,Oregon State University,OR,5.5,1,False
58195,Hoag Memorial Presbyterian Hospital,CA,5.5,4,False
58384,Clemson University - Main Campus,SC,5.5,1,False
58452,SMECO Solar LLC,MD,5.5,1,False
63258,"Arcadia Solar, LLC",MN MS,5.5,3,True
10542,La Porte City Utilities,IA,5.4,3,False
18301,City of Sumner - (IA),IA,5.4,3,False
10179,Kenyon Municipal Utilities - (MN),MN,5.4,3,False
11624,Town of Marblehead - (MA),MA,5.4,2,False
17043,City of Shelby - (OH),OH,5.4,3,False
4305,City of Coon Rapids -(IA),IA,5.4,3,False
57223,Sycamore Energy LLC,CA,5.4,3,False
22079,Yolo County Flood Control WCD,CA,5.4,4,False
3153,City of Casey - (IL),IL,5.4,3,False
67614,King County Solid Waste Division,WA,5.4,18,False
58466,SunEnergy1,NC,5.4,1,False
59452,"Ingenco Renewable Development, LLC",VA,5.4,18,False
61070,"Foundation CA Fund IX Manager, LLC",CA,5.4,3,False
62800,DG Edison New Jersey LLC,NJ,5.4,1,False
63531,POET Biorefining- Chancellor,SD,5.4,1,False
64348,ASD Three Rivers Road MA Solar LLC,MA,5.4,2,False
65525,Yuhaaviatam of San Manuel Nation,CA,5.4,2,False
2844,Department of the Navy,CA,5.3,1,False
17664,Spartanburg Commissioners PW,SC,5.3,4,False
58138,The Trustees of Smith College,MA,5.3,1,False
58985,Marion Solar LLC,IN,5.3,2,False
59287,Laurel Capital Partners,DE NJ OH PA,5.3,4,False
63491,"Partridgeville Road Solar 1, LLC",MA,5.3,2,False
64473,"299F2M WHAM8 Solar, LLC",MA,5.3,2,False
67190,GD Richmond Beaver River I LLC,RI,5.3,1,False
67512,"Solarity Aggregator, LLC",TN,5.3,1,False
12989,Village of Morrisville - (VT),VT,5.2,6,False
14600,Payson City Corporation,UT,5.2,2,False
1528,Beaver Falls Municipal Auth - (PA),PA,5.2,2,False
56917,Broadridge Customer Communications,CA,5.2,4,False
64731,County of Kern - (CA),CA,5.2,2,False
64808,Verizon Communications,CA TX,5.2,4,False
64905,"Solar Star Coastal Pirate, LLC",CA,5.2,2,False
67319,Foster Clean Power B LLC,CA,5.2,2,False
17872,City of St Francis - (KS),KS,5.1,3,False
8205,City of Hart Hydro - (MI),MI,5.1,3,False
14276,City of Oxford - (KS),KS,5.1,3,False
4562,City of Croswell - (MI),MI,5.1,5,False
56076,State Farm Insurance,IL,5.1,3,False
12869,Monterey Regional Waste Mgmt,CA,5.1,4,False
16558,City of Salem - (VA),VA,5.1,3,False
57306,Southern Illinois University Carbondale,IL,5.1,2,False
19586,Utica Water & Power Authority,CA,5.0,2,False
3599,Citizens Thermal Energy,IN,5.0,1,True
63011,"Northbrook Tuxedo, LLC",NC,5.0,2,False
20153,"Washington Island El Coop, Inc",WI,5.0,7,False
918,City of Aspen- (CO),CO,5.0,1,False
6636,Foss Manufacturing Company LLC,NH,5.0,1,False
62860,"COE Bridgewater LLC c/o Thor Equities, LLC",NJ,5.0,1,False
1678,Big Creek Water Works Ltd,CA,5.0,1,False
5226,Dodge Falls Associates LP,NH,5.0,1,False
3953,Collins Pine Co,CA,5.0,1,False
22219,Maine Waste to Energy,ME,5.0,1,False
27211,Snider Industries Inc,TX,5.0,1,False
58896,Siskiyou Power Authority,CA,5.0,2,False
60821,Olsen Power Partners,CA,5.0,1,False
11295,Los Angeles County-San Gabriel,CA,5.0,2,False
24205,HF Sinclair Parco Refining LLC,WY,5.0,4,False
64432,"SWVP Alpharetta Owners, LLC",GA,5.0,5,False
4413,"Cox Companies, LLC",KY,5.0,2,False
15917,Presence Health,IL,5.0,5,False
21466,University of Tennessee,TN,5.0,1,False
22040,Washington State University,WA,5.0,4,False
54815,AMERESCO Delaware South,DE,5.0,5,True
54816,AMERESCO Delaware Central,DE,5.0,5,True
55736,Loess Hills Wind Farm LLC,MO,5.0,1,False
55961,CalRenew-1 LLC,CA,5.0,1,False
56751,Yolo County of - (CA),CA,5.0,3,False
56926,"Hatch Solar Energy Center I, LLC",NM,5.0,1,False
57127,GL Wind LLC,MN,5.0,2,False
57340,Cashton Greens Wind Farm LLC,WI,5.0,1,False
57414,Eli Lilly and Company,IN,5.0,3,False
57425,Vitro Architectural Glass (PA),PA,5.0,3,False
19663,Utah State University,UT,5.0,1,False
58100,Middle Tennessee State University,TN,5.0,1,False
58176,Vicinity Energy Kansas City,MO,5.0,1,False
67049,"Port Huron Multimodal Hub, LLC",MI,5.0,1,False
60842,"Paradise Solar Urban Renewal, LLC",NJ,5.0,1,False
59916,Owen Solar LLC,NC,5.0,1,False
59915,Star Solar LLC,NC,5.0,1,False
64035,"Pamlico Partners Solar, LLC",NC,5.0,1,False
58760,FPC Services Inc.,IL,5.0,2,False
67363,Anderson Wind I LLC,NM,5.0,1,False
60222,"Haida Energy, Inc.",AK,5.0,1,False
59143,Old Mill Solar,OR,5.0,1,False
59157,The Methodist Hospital,TX,5.0,1,False
59174,"CD US Solar MT3, LLC",MA,5.0,1,False
59214,"RE Cranbury Solar 1, LLC",NJ,5.0,1,False
59329,"Wellons Farm, LLC",NC,5.0,1,False
59340,"Stikeleather Farm, LLC",NC,5.0,1,False
59546,"Nexamp Treasure Valley Solar, LLC",MA,5.0,1,True
59464,Current Energy Group,NC,5.0,1,False
59673,Choco Solar LLC,NC,5.0,1,False
59674,Albertson Solar LLC,NC,5.0,1,False
60990,"Cline Solar, LLC",NC,5.0,1,False
59951,"Conetoe Solar, LLC",NC,5.0,1,False
59952,"Sugar Run Solar, LLC",NC,5.0,1,False
59977,Hemlock Solar LLC,NC,5.0,1,False
59978,HXNAir Solar One LLC,NC,5.0,1,False
60071,"Trinity Solar, LLC",NC,5.0,1,False
60154,White Street Renewables LLC,NC,5.0,2,False
60190,"MC1 Solar Farm, LLC",NC,5.0,1,False
60802,"Wayne Solar III, LLC",NC,5.0,1,False
60803,"Wayne Solar II, LLC",NC,5.0,1,False
60804,"Duplin Solar I, LLC",NC,5.0,1,False
60805,"Wayne Solar I, LLC",NC,5.0,1,False
60430,Wind Colebrook South,CT,5.0,1,False
60435,Ursa Community Solar,MN,5.0,5,False
60436,Sunrise Community Solar,MN,5.0,5,False
60437,Rosemount Community Solar,MN,5.0,5,False
60438,Paynesville Community Solar,MN,5.0,5,False
60440,Northfield Community Solar,MN,5.0,5,False
60486,Webster Holdco LLC,MN,5.0,1,False
60501,Farmington Holdco LLC,MN,5.0,1,False
60485,Dodge Holdco LLC,MN,5.0,1,False
60488,"Hwy 14 Holdco, LLC",MN,5.0,1,False
60489,Big Lake Holdco LLC,MN,5.0,1,False
60491,Forest Lake Holdco LLC,MN,5.0,1,False
64281,"Thigpen Solar, LLC",NC,5.0,1,False
60594,Vega Community Solar,MN,5.0,5,False
60597,"Violet Solar, LLC",NC,5.0,1,False
60650,"Brook Street Solar 1, LLC",MA,5.0,1,False
60734,"Elizabeth Mines Solar 1, LLC",VT,5.0,1,False
60825,Corvus Community Solar,MN,5.0,5,False
60826,Capella Community Solar,MN,5.0,5,False
60828,Andromeda Community Solar,MN,5.0,5,False
61071,Northfield Holdco LLC,MN,5.0,1,False
61075,"Minnesota Solar CSG 19, LLC",MN,5.0,5,False
61073,"Minnesota Solar CSG 9, LLC",MN,5.0,5,False
61089,"CoreSite Real Estate 1656 McCarthy, L.P.",CA,5.0,5,True
61225,"SunE Corcoran SP Owner, LLC",CA,5.0,1,False
61304,Foreman's Hill CSG LLC,MN,5.0,1,False
61404,Edenton Solar,NC,5.0,1,False
61486,Scenic Hill Solar III LLC,AR,5.0,1,False
61487,Montevideo Solar LLC,MN,5.0,1,False
61518,Frontenac Holdco LLC,MN,5.0,1,False
61613,Sartell Holdco LLC,MN,5.0,1,False
61699,"SR Meridian II, LLC",MS,5.0,1,False
61888,Gloversville Community Solar LLC,NY,5.0,1,False
62073,Tanglewood Circle Solar 1 LLC,MA,5.0,1,False
62122,"Minuteman Energy Storage, LLC",MA,5.0,1,False
62652,"East Hampton Energy Storage Center, LLC",NY,5.0,1,False
62651,"Montauk Energy Storage Center, LLC",NY,5.0,1,False
62764,C2 Starratt Solar LLC,FL,5.0,1,False
62873,"Plott Hound Solar, LLC",NC,5.0,1,False
62872,"Carolina Lily Solar, LLC",NC,5.0,1,False
62871,"Ray Wilson Solar, LLC",NC,5.0,1,False
62971,South Energy Investments LLC,CT,5.0,1,False
63108,"Granby Solar, LLC",MA,5.0,2,False
63186,"1001 Ebenezer Church Solar, LLC",NC,5.0,1,False
63197,"Lang Solar Farm, LLC",NC,5.0,1,False
63189,"Rock County Wind Fuel, LLC",MN,5.0,1,False
63506,POET Biorefining - Jewell,IA,5.0,1,False
63566,BD Solar Fairfield LLC,ME,5.0,1,False
63586,POET Biorefining LLC - Corning,IA,5.0,1,False
63591,POET Biorefining - Gowrie,IA,5.0,1,False
63629,"Harrison Solar, LLC",NC,5.0,1,False
63663,"28 Livermore Hill Road Solar, LLC",MA,5.0,1,False
63696,BD Solar Palmyra LLC,ME,5.0,1,False
63710,OYA 2643 Moore Road LLC,NY,5.0,1,False
63735,Captona Canton LLC,MA,5.0,1,False
63738,Captona Ravenbrook LLC,MA,5.0,1,False
63739,Captona Hudson LLC,MA,5.0,1,False
64059,Ware Palmer Road Solar LLC,MA,5.0,2,False
63795,"Moore Solar, LLC",NC,5.0,1,False
64095,"RPCA Solar 3, LLC",CA,5.0,1,False
64175,FPS Coxsackie Solar LLC,NY,5.0,1,False
64189,"237 State Route 96 Site 2, LLC",NY,5.0,1,False
64190,"237 State Route 96 Site 1, LLC",NY,5.0,1,False
64203,BWC Connecticut River LLC,MA,5.0,1,False
64303,VESI 10 LLC,CA,5.0,2,False
64310,Bronx Community Clean Energy Project LLC,NY,5.0,1,False
64487,Coolangatta Solar LLC,CO,5.0,1,False
64500,"Norridgewock River Road Solar, LLC",ME,5.0,1,False
64527,ASA DeKalb NY Solar I LLC,NY,5.0,1,False
64531,ASA Volney NY Solar I LLC,NY,5.0,1,False
64603,DOCCS Eastern,NY,5.0,1,False
64604,DOCCS Wende,NY,5.0,1,False
64767,OYA Main Street LLC,NY,5.0,1,False
64768,OYA Church Road A LLC,NY,5.0,1,False
64848,"Maine DG Solar Baldwin, LLC",ME,5.0,1,False
64850,"Maine DG Solar Monmouth, LLC",ME,5.0,1,False
66803,"Bradford Solar, LLC",MA,5.0,1,False
64888,"RT32 Westerlo Solar 1, LLC",NY,5.0,1,False
64981,"Settlers Solar, LLC",MA,5.0,1,False
64984,"Woodland Avenue Solar 1, LLC",MA,5.0,1,False
64985,"RT405 Westerlo Solar 2, LLC",NY,5.0,1,False
64986,"LR Wheatfield Solar 1, LLC",NY,5.0,1,False
64987,"Pendleton Solar 1, LLC",NY,5.0,1,False
65862,"NY Lodi I, LLC",NY,5.0,1,False
65118,AlphaStruxure Service Co LP,MD,5.0,5,False
65121,Kearsarge West Shore Solar LLC,RI,5.0,1,False
65200,"Sugar Hill Solar 1, LLC",NY,5.0,1,False
65227,"Cathcart Solar, LLC",NC,5.0,1,False
65233,"NSF Angelica Site 1, LLC",NY,5.0,1,False
65235,"NSF Angelica Site 2, LLC",NY,5.0,1,False
65236,"NSF Angelica Site 3, LLC",NY,5.0,1,False
65237,"NSF Angelica Site 4, LLC",NY,5.0,1,False
65325,"Mohawk View Solar, LLC",NY,5.0,1,False
65324,"Van Epps Solar, LLC",NY,5.0,1,False
66157,"Morristown Solar II, LLC",NY,5.0,1,False
66150,"TJA-NY-11202 Ridge Rd Medina, LLC",NY,5.0,1,False
65447,"Royal Solar Partners, LLC",NY,5.0,1,False
65467,NY USLE Albion Long Bridge A LLC,NY,5.0,1,False
65468,NY USLE Oswego SR104 LLC,NY,5.0,1,False
65519,"ELP Livingston Solar, LLC",NY,5.0,1,False
65518,"ELP Claverack Solar, LLC",NY,5.0,1,False
65521,"Spring Hope Solar 2, LLC",NC,5.0,1,False
65538,"Moyer Solar, LLC",NC,5.0,1,False
65551,"Magruder Solar, LLC",NY,5.0,1,False
65503,"Solar DG NY Sunnyside 1, LLC",NY,5.0,1,False
65569,Afton Solar LLC,NY,5.0,1,False
65570,Amherst Community Solar LLC,NY,5.0,1,False
65571,"Solitude Solar Dix Duvall Rd Microgrid, LLC",NY,5.0,1,False
65572,Greene Community Solar LLC,NY,5.0,1,False
65573,"SL Fredonia, LLC",NY,5.0,1,False
65574,NYSolar03 LLC,NY,5.0,1,False
65575,Grand Island Sunrise LLC,NY,5.0,1,False
65629,Phillips Route 82 Solar LLC,NY,5.0,1,False
65631,French King Solar LLC,MA,5.0,1,False
65632,Green Correctional Coxsackie NY Solar LLC,NY,5.0,1,False
65637,"Beckwith Solar, LLC",NC,5.0,1,False
65638,"Arthur Solar 2, LLC",NC,5.0,1,False
65738,"Whiskey Solar, LLC",NC,5.0,1,False
65748,"Herrington Solar, LLC",NY,5.0,1,False
65758,Helios Energy New York 15 LLC,NY,5.0,1,False
65721,NY USLE Carthage SR26 A LLC,NY,5.0,1,False
65793,"DG Empire Lumen 2023, LLC",NY,5.0,1,False
67208,BAP Grounded 2 LLC,ME,5.0,1,False
65769,LSE Pegasus LLC,NY,5.0,1,False
65891,Hemings Solar Partners LLC,VA,5.0,1,False
65952,"Henry Gibson Solar, LLC",NC,5.0,1,False
65959,"SL Sherman II, LLC",NY,5.0,1,False
65960,"DG Empire Sun, LLC",NY,5.0,1,False
65880,"Byrne Solar, LLC",MI,5.0,1,False
66014,"DG Kendall, LLC",NY,5.0,1,False
66054,"Solar Star Bear Creek, LLC",CA,5.0,1,False
66068,Holden BESS 1 LLC,MA,5.0,1,False
66074,"Overlook Solar Partners, LLC",ME,5.0,1,False
66096,Helios Energy New York 3 LLC,NY,5.0,1,False
66106,Broadway CDG Solar LLC,NY,5.0,1,False
66120,McCormick NY CSG LLC,NY,5.0,1,False
66158,Locust Solar LLC,NY,5.0,1,False
66182,"Green Mile Solar, LLC",ME,5.0,1,False
66183,"Tower Solar Partners, LLC",ME,5.0,1,False
66216,LSE Fornax LLC,MA,5.0,1,False
66273,"Catalyze Newark Solar Farm 1 Microgrid, LLC",NY,5.0,1,True
66276,"Solar DG NY Sunnyside 2, LLC",NY,5.0,1,False
66288,"Catalyze Pombrio Solar Farm 1 Microgrid, LLC",NY,5.0,1,True
66289,"Catalyze Pombrio Solar Farm 2 Microgrid, LLC",NY,5.0,1,True
66293,"NSF Torrey Site 3, LLC",NY,5.0,1,False
66294,"NSF Torrey Site 2, LLC",NY,5.0,1,False
66321,NY CDG Montgomery 1 LLC,NY,5.0,1,False
66410,"127 CVF, LLC",CA,5.0,1,False
66475,"Catskill View Solar, LLC",NY,5.0,1,False
66476,"Claverack Creek Solar, LLC",NY,5.0,1,False
66481,"Bodhi Solar, LLC",NY,5.0,1,False
66528,Brookhaven 1,NY,5.0,1,False
66546,"NY CDG Ontario 2, LLC",NY,5.0,1,False
66547,Above Grid Montour Solar LLC,NY,5.0,1,False
66548,Above Grid Binghamton Solar LLC,NY,5.0,1,False
66577,"DG Niagara, LLC",NY,5.0,1,False
66601,"Ticon Solar, LLC",NY,5.0,1,False
66614,"Rush Solar Farm 1, LLC",NY,5.0,1,False
66627,Helios Energy New York 13 LLC,NY,5.0,1,False
66609,"NSF Enfield Site 2, LLC",NY,5.0,1,False
66608,"NSF Enfield Site 3, LLC",NY,5.0,1,False
66610,"NSF Enfield Site 1, LLC",NY,5.0,1,False
66612,"NSF Coventry Site 2, LLC",NY,5.0,1,False
66613,"NSF Coventry Site 3, LLC",NY,5.0,1,False
66643,Trousdale Solar I,NY,5.0,1,False
66644,"Trousdale Solar II, LLC",NY,5.0,1,False
66749,"Warrior Solar Partners, LLC",NY,5.0,1,False
67004,"Dowmont Solar, LLC",NY,5.0,1,False
67005,"Hidden Meadows Solar, LLC",NY,5.0,1,False
67007,"Heuvelton Solar, LLC",NY,5.0,1,False
67020,Kilmer Solar LLC,NY,5.0,1,False
67021,CVE US EI5 Manlius East LLC,NY,5.0,1,False
67023,CVE US EI5 Manlius West LLC,NY,5.0,1,False
67024,Mantisi Solar LLC,NY,5.0,1,False
67025,Sunrise on Knight Rd. LLC,MA,5.0,1,False
67027,CVE US EI8 Quaker LLC,NY,5.0,1,False
67028,Rak 1 Solar LLC,NY,5.0,1,False
67030,Sunrise on Clubhouse Rd. LLC,MA,5.0,1,False
67031,Sunrise on Montague Rd. LLC,MA,5.0,1,False
67053,USS Ducks Solar LLC,IL,5.0,1,False
67129,Wakefield MA BESS 1 LLC,MA,5.0,1,False
67144,"Shining Solar Partners, LLC",ME,5.0,1,False
67206,"Ohio Solar, LLC",IL,5.0,1,False
67211,"Hayworth Solar Partners, LLC",ME,5.0,1,False
67264,Penobscot Narrows Solar I LLC,ME,5.0,1,False
67330,MEVS Clark LLC,ME,5.0,1,False
67338,Mound City Solar PV,IL,5.0,1,False
67339,"Pope Creek Solar, LLC",IL,5.0,1,False
67327,"Rocky Mountain Elk Solar, LLC",IL,5.0,1,False
67323,NY 5 King LLC,NY,5.0,1,False
67324,NY 24 Sherman LLC,NY,5.0,1,False
67429,NSF Chateaugay Site 1 LLC,NY,5.0,1,False
67468,"NSF Marshall Site 2, LLC",NY,5.0,1,False
67475,"NSF Marshall Site 1, LLC",NY,5.0,1,False
67555,"Winema Solar Partners, LLC",NY,5.0,1,False
67584,Oreana Renewables LLC,IL,5.0,1,False
67801,Kearsarge St Johnsville LLC,NY,5.0,1,False
67823,"Cortlandville PV, LLC",NY,5.0,1,False
67922,"WSD Coventry, LLC",RI,5.0,1,False
68024,Alton Landfill Solar LLC,IL,5.0,1,False
68005,Peppertown Road Solar LLC,VA,5.0,1,False
17924,City of Stafford - (KS),KS,4.9,4,False
9650,City of Janesville - (MN),MN,4.9,4,False
14656,City of Pender - (NE),NE,4.9,4,False
60538,Vitro Architectural Glass,TX,4.9,3,False
59208,NRG Solar Las Vegas MB-1,NV,4.9,1,True
59247,"Bearford Solar II, LLC",NC,4.9,1,False
60054,Duke Energy Florida Solar Solutions,FL,4.9,1,False
61307,Lockheed Martin RMS,FL,4.9,9,False
63006,AGA TAG Solar IV LLC,NC,4.9,1,False
63163,Kearsarge Amesbury LLC,MA,4.9,2,False
63190,"1009 Yadkin Solar, LLC",NC,4.9,1,False
63192,"1008 Matthews Solar, LLC",NC,4.9,1,False
63193,"1045 Tomlin Mill Solar, LLC",NC,4.9,1,False
63746,"Meadowlark Solar, LLC",NC,4.9,1,False
63747,"Nash 97 Solar 2, LLC",NC,4.9,1,False
63748,"Nickelson Solar 2, LLC",NC,4.9,1,False
63749,"Siler City Solar 2, LLC",NC,4.9,1,False
63796,"Bo Biggs Solar, LLC",NC,4.9,1,False
63841,"Hadley 3 Solar, LLC (North)",MA,4.9,2,False
63823,"Solar Lee, LLC",NC,4.9,1,False
63824,"Acme Solar, LLC",NC,4.9,1,False
63962,"Solar Star Prime 2, LLC",NY,4.9,1,False
64115,"Swansboro Solar, LLC",NC,4.9,1,False
64117,"1034 Catherine Lake Solar, LLC",NC,4.9,1,False
65185,"Maine DG Solar Harmony, LLC",ME,4.9,1,False
65207,"Arctaris Saddleback Solar, LLC",ME,4.9,1,False
65340,"NextGrid Peppertree, LLC",ME,4.9,1,False
65446,"Ruler Solar Partners, LLC",NY,4.9,1,False
65683,Dublin Street LLC,ME,4.9,1,False
65864,"Maine DG Solar Pittsfield, LLC",ME,4.9,1,False
66235,"Entegrity Solar ADC, LLC",AR,4.9,1,False
67008,"REC RWD, LLC",ME,4.9,1,False
67261,Hampden Landfill Solar LLC,MA,4.9,2,False
67874,USS Auburn Solar LLC,CO,4.9,1,False
56467,Ampersand Gilman Hydro LP,VT,4.8,4,False
6667,Ergon Refining Inc,MS,4.8,1,False
3304,Central Michigan University,MI,4.8,2,False
57362,Energy 2001 Inc,CA,4.8,6,False
66969,"TMF-RIG, LLC",OR,4.8,3,False
58618,Finley BioEnergy LLC,OR,4.8,3,False
58816,Dessie Solar Center LLC,NC,4.8,1,False
58818,BearPond Solar Center LLC,NC,4.8,1,False
58820,Shankle Solar Center LLC,NC,4.8,1,False
58819,Graham Solar Center LLC,NC,4.8,1,False
59785,"Syncarpha Palmer, LLC",MA,4.8,1,False
60813,Shavano Falls Hydro LLC - Drop 4 Project,CO,4.8,1,False
60862,"ACE-Stanton, LLC",FL,4.8,1,False
61614,Rollingstone Holdco LLC,MN,4.8,1,False
61894,"BWC Origination 18, LLC",MA,4.8,1,False
62812,"Syncarpha Tewksbury, LLC",MA,4.8,2,False
64235,Kearsarge Haverhill LLC,MA,4.8,2,False
64910,"SR Greenville I, LLC",TN,4.8,1,False
64911,"SR Greenville II, LLC",TN,4.8,1,False
65357,"REV LNG SSL BC, LLC",PA,4.8,3,False
65994,"SR Clarksville II, LLC",TN,4.8,1,False
65995,"SR Byhalia, LLC",MS,4.8,1,False
66008,"SR Panola II, LLC",MS,4.8,1,False
66010,"SR Panola I, LLC",MS,4.8,1,False
66011,"SR Monroe, LLC",TN,4.8,1,False
66013,"SR West Marshall, LLC",MS,4.8,1,False
66557,"SL Jamestown II, LLC",NY,4.8,1,False
67195,Hanover II PV LLC,NY,4.8,1,False
68012,"KSI III Consolidated, LLC",OR,4.8,2,False
14293,Nalco Co,IL,4.7,2,False
60194,"Fuyao Glass Illinois, Inc",IL,4.7,3,False
49778,"Mondelez Global, LLC",IL,4.7,1,False
21965,New Mexico State University,NM,4.7,1,False
57445,Pasadena Refining System Inc,TX,4.7,1,False
59147,Broshco Fabricated Products,OH,4.7,4,False
60917,"Golden Hills Solar, LLC",MA,4.7,1,False
62656,Phoenix Solar South Farms LLC,IL,4.7,1,False
63191,"1073 Onslow Solar, LLC",NC,4.7,1,False
63382,Harlem Hospital Center,NY,4.7,6,False
63595,"Blandford Sun, LLC",MA,4.7,1,False
63667,"California PV Energy 3, LLC",CA,4.7,2,False
63742,Captona Kilvert Street Warwick LLC,RI,4.7,1,False
65641,"EnLink Processing Services, LLC",LA,4.7,1,False
65958,"SL Sherman, LLC",NY,4.7,1,False
2287,City of Brooklyn - (IA),IA,4.6,2,False
10004,King County Dept-Natural Res - (WA),WA,4.6,2,False
11329,NYU Langone Health,NY,4.6,4,False
38021,Piedmont Athens Regional Medical Center,GA,4.6,6,False
57049,NFI Solar LLC,NJ,4.6,4,False
57120,OBP Cogen LLC,NY,4.6,1,False
58607,Frito Lay Incorporated Dayville,CT,4.6,1,False
59122,The Medical Center Company,OH,4.6,3,False
59222,Qualcomm Incorporated,CA,4.6,1,False
59824,"Fisher Road Solar I, LLC",MA,4.6,1,False
62814,"Syncarpha Leicester, LLC",MA,4.6,2,False
63209,The George Washington University,DC,4.6,1,False
65160,Norton Powerhouse 2,MA,4.6,1,False
65349,"NextGrid Mastic, LLC",ME,4.6,1,False
65350,"NextGrid Mangrove, LLC",ME,4.6,1,False
65779,"SEPV Cuyama, LLC",CA,4.6,2,False
65999,"NextGrid Bitterbush, LLC",ME,4.6,1,False
66000,"NextGrid Corkwood, LLC",ME,4.6,1,False
66295,"NSF Torrey Site 1, LLC",NY,4.6,1,False
67643,Siemens Industry,NM,4.6,2,True
67733,"55 Drive BESS, LLC",NY,4.6,1,False
14433,City of Panora - (IA),IA,4.5,3,False
7726,Sharp Grossmont Hospital,CA,4.5,1,False
13945,Corewell Health Dearborn Campus,MI,4.5,3,False
13157,City of Omaha - (NE),NE,4.5,6,False
32487,Gaylord Entertainment Co,TN,4.5,1,False
49988,"Valley Queen Cheese Factory, Inc.",SD,4.5,3,False
56143,Fairfield University,CT,4.5,1,False
56439,CPV Beaver Ridge Wind LLC,ME,4.5,1,False
56619,Air Force Civil Engineer Center,MA,4.5,3,False
56689,RENEW Energy Inc,MN,4.5,3,False
56693,Fox Island Wind LLC,ME,4.5,1,False
56912,Cooper Hatchery Inc.,OH,4.5,1,False
57344,Hampton Lumber Mills - Washington Inc,WA,4.5,1,False
57477,Kern Oil & Refining Co,CA,4.5,1,False
58187,Haviland Plastic Products Co,OH,4.5,3,False
59914,Sophie Solar LLC,NC,4.5,1,False
59106,"WED Coventry Two, LLC",RI,4.5,3,False
59463,Narragansett Bay Commission,RI,4.5,1,False
59599,"Shoe Show, Inc.",NC,4.5,1,False
59905,"Findlay Wind 19, LLC",OH,4.5,3,False
60479,"Iron Horse Solar 4, LLC",MA,4.5,1,False
60645,"Marion Wind 23, LLC",OH,4.5,3,False
61210,Stenner Creek Solar LLC,CA,4.5,1,False
61278,"Greenville Wind 26, LLC",OH,4.5,3,False
61428,Kearsarge Concord II LLC,MA,4.5,1,False
61800,NYPH-Queens,NY,4.5,5,False
62128,"Findlay Wind 30, LLC",OH,4.5,3,False
62644,"Paulding Wind 28, LLC",OH,4.5,3,False
66983,SCV Water,CA,4.5,1,False
63865,"Sweet Tea Solar, LLC",NC,4.5,1,False
64204,BWC Hamilton Brook LLC,MA,4.5,1,False
64416,"RPNY Solar 2, LLC",NY,4.5,1,False
64535,"ENGIE 2019 ProjectCo MA-1, LLC",MA,4.5,1,False
65255,"Milo CSG, LLC",ME,4.5,1,False
65369,"Sandusky Wind 33, LLC",OH,4.5,3,False
65395,Ameresco HCE Solar LLC,CO,4.5,1,True
65513,Catalyze Mira Loma 3251 De Forest Circle Microgrid LLC,CA,4.5,1,True
65953,Heimlich Solar Partners LLC,DE,4.5,1,False
66097,Helios Energy New York 2 LLC,NY,4.5,1,False
65581,Grand Valley Power LLC,CO,4.5,1,False
67263,Manville Hill Road Solar LLC,RI,4.5,1,False
67334,"Buckheart Creek Solar 1, LLC",IL,4.5,1,False
67457,Tinta Wita Energy LLC,MN,4.5,1,False
67800,Kearsarge Southampton LLC,NY,4.5,1,False
20397,City of West Point - (NE),NE,4.4,3,False
5529,City of Durant - (IA),IA,4.4,2,False
7075,General Electric Co,PA,4.4,1,False
6201,Farmer's Irrigation District,OR,4.4,2,False
12850,Monterey Cnty Water Res Agency,CA,4.4,2,False
8248,Hastings Lock & Dam,MN,4.4,2,False
56707,Yuma County Water User's Association,CA,4.4,2,False
58083,"Outback Solar, LLC",OR,4.4,1,False
59553,VA Sepulveda Ambulatory Care Center,CA,4.4,1,False
58378,Jordan Hydroelectric LTD PTP,NC,4.4,2,False
58431,"Ameresco Vasco Road, LLC",CA,4.4,2,True
58432,"Ameresco San Joaquin, LLC",CA,4.4,2,True
58433,"Ameresco Forward, LLC",CA,4.4,2,True
58824,City of Santa Rosa - (CA),CA,4.4,4,False
59414,"Nelson Gardens Energy, LLC",TX,4.4,4,False
59626,Northwest Community Hospital,IL,4.4,4,True
59804,"Federal Road Solar 1, LLC",MA,4.4,1,False
61032,"Luminace Solar Georgia 2, LLC",GA,4.4,2,False
61691,"SR Jonesborough II, LLC",TN,4.4,1,False
61690,Maimonides Medical Center,NY,4.4,7,False
60868,Redwood Coast Energy Authority,CA,4.4,2,False
65577,"Potsdam Community Solar 2, LLC",NY,4.4,1,False
65980,"BESSP1, LLC.",TX,4.4,1,False
66016,"DG Moorman Creek, LLC",NY,4.4,1,False
67430,NSF Chateaugay Site 2 LLC,NY,4.4,1,False
17946,City of Stanberry - (MO),MO,4.3,4,False
42744,Deschutes Valley Water District,OR,4.3,1,False
1752,Biola University,CA,4.3,4,False
58120,Danbury Hospital,CT,4.3,1,False
58430,Gamesa Wind US LLC,WA,4.3,1,False
58473,"NVT LICENSES, LLC",MA MD,4.3,2,False
59545,"BWC Origination 4, LLC",MA,4.3,1,False
60441,Green Cow Power LLC,IN,4.3,4,False
64702,"Seaboard Energy California, LLC",CA,4.3,1,False
64790,"GD Johnson Scituate I, LLC",RI,4.3,1,False
64880,"Dartmouth Farms Solar, LLC",MA,4.3,2,False
65771,NY USLE Glenville Freemans Bridge LLC,NY,4.3,1,False
66021,"SR Albany, LLC",TN,4.3,1,False
66125,"Foster Clean Power A, LLC",CA,4.3,2,False
66301,NY CDG Genesee 4 LLC,NY,4.3,1,False
67051,USS Origami Solar LLC,IL,4.3,1,False
1172,Bancroft Municipal Utilities - (IA),IA,4.2,3,False
6957,"Garkane Energy Coop, Inc",UT,4.2,3,False
55753,Essex Hydro Associates LLC,ME,4.2,2,False
27378,Tenet Hospital Ltd,TX,4.2,2,False
12704,Mississippi Baptist Medical,MS,4.2,1,False
50035,"Electric Glass Fiber America, LLC.",NC,4.2,4,False
8683,CSL Behring LLC,IL,4.2,1,False
2769,Cargill Inc,MI,4.2,2,False
58383,CH4 Biogas LLC,NY OH,4.2,3,False
58428,UT West Tennessee Solar Farm,TN,4.2,1,False
58544,Sierra Nevada Brewing Co,CA,4.2,3,False
58753,Sunlight General Morris Solar LLC,NJ,4.2,2,False
58811,Ameresco Dallas LLC,TX,4.2,3,True
59550,Croda Inc.,DE,4.2,3,False
64638,DG Crystal Spring LLC,MA,4.2,1,False
61382,Gaston County Solid Waste and Recycling Division,NC,4.2,3,False
62876,"Department of the Army, Fort Carson",CO,4.2,1,False
64534,"Cranberry Highway Solar, LLC",MA,4.2,2,False
19980,City of Wakefield - (NE),NE,4.1,4,False
56621,Yakama Power,WA,4.1,3,False
8847,City of Hopkinton - (IA),IA,4.1,2,False
1947,Bob Jones University,SC,4.1,4,False
66981,Barber Pool Hydro LLC,ID,4.1,1,False
56610,Calpine Vineland Solar LLC,NJ,4.1,2,False
57390,Siemens Government Technologies Inc,NM,4.1,2,True
59286,Heliovaas LLC,MA,4.1,5,False
59219,Albany Medical Center,NY,4.1,1,False
60058,Hollingsworth & Vose Co West Groton,MA,4.1,1,False
60993,Goya Foods Inc.,NJ,4.1,2,False
60863,"ACE-Stanton A, LLC",FL,4.1,1,False
64948,"Canal Energy S23, LLC",CA,4.1,1,False
67435,"V Street Solar, LLC",DC,4.1,2,False
405,City of Alta - (IA),IA,4.0,2,False
10608,City of Lake Park - (IA),IA,4.0,2,False
19843,City of Villisca - (IA),IA,4.0,2,False
2547,City of Burlingame - (KS),KS,4.0,4,False
2888,City of Cambridge - (NE),NE,4.0,2,False
7444,City of Grafton - (ND),ND,4.0,4,False
49852,Great Bay Hydro Corp,VT,4.0,3,False
241,Albertville Municipal Utilities Board (AL),AL,4.0,4,False
7969,City of Halstad - (MN),MN,4.0,2,False
9370,Hydrodynamics Inc,MT,4.0,2,False
8628,City of Hillsboro - (ND),ND,4.0,2,False
10777,Town of Laverne - (OK),OK,4.0,2,False
15180,City of Pocahontas - (IA),IA,4.0,2,False
57177,"SIT Renewables, Inc.",CA,4.0,2,False
58434,City of Spearfish - (SD),SD,4.0,2,False
5070,Delaware Electric Cooperative,DE,4.0,1,False
58503,Garnet Solar Generation Station I LLC,CA,4.0,1,False
58638,"Lenape Solar II, LLC",IN,4.0,1,False
58694,"Leyline Renewable Energy, LLC",NC,4.0,8,False
61315,Solarenewal LLC,CA,4.0,3,False
59185,"CD US Solar PO 3, LLC",CA,4.0,3,False
59307,"Ashley Solar Farm, LLC",NC,4.0,1,False
59388,"Charlton Solar I, LLC",MA,4.0,1,False
59597,"Broome Energy Resources, LLC",NY,4.0,1,False
59826,"Syncarpha Bondsville, LLC",MA,4.0,1,False
60434,Chisago Community Solar,MN,4.0,4,False
61561,CCC Solar Holdings LLC,MA,4.0,2,False
60521,Equity Industrial Turbines,MA,4.0,1,False
63953,Hopewell Campus Owners LLC,NJ,4.0,2,False
60588,Aries Community Solar,MN,4.0,4,False
60649,"Redbrook Solar 1, LLC",MA,4.0,1,False
60822,Taurus Community Solar,MN,4.0,4,False
60827,Carina Community Solar,MN,4.0,4,False
60922,"Belchertown Renewables, LLC",MA,4.0,1,False
61013,Northern Westchester Hospital,NY,4.0,4,False
61101,"Minnesota Solar CSG 1, LLC",MN,4.0,4,False
61111,"DG New Jersey Solar, LLC",NJ,4.0,1,False
61149,Fort Hays State University,KS,4.0,2,False
61165,Mount Sinai Beth Israel,NY,4.0,7,False
61686,Chaffey Community College District,CA,4.0,1,False
61895,"BWC Gibbs Brook, LLC",MA,4.0,1,False
19499,"United Power, Inc",CO,4.0,1,True
61969,Altorfer Inc.,IL,4.0,3,False
62057,Kearsarge Montague LLC,MA,4.0,1,False
62071,"Route 14A CDG Solar North and South, LLC",NY,4.0,1,False
62690,Hecate Energy Blair Road LLC,FL,4.0,1,True
62838,"LSE Dorado, LLC",MA,4.0,2,False
67940,"SRC Partnership 1, LLC",MD,4.0,2,False
63344,"SunE P11L Holdings, LLC",CA,4.0,1,False
63508,"POET Biorefining-Hanlontown, LLC",IA,4.0,1,False
63632,North American Central - LLC,MI,4.0,3,False
63661,"Brick Church Solar 1, LLC",NY,4.0,1,False
63684,"Off Airport Road - West, LLC",NY,4.0,1,False
63685,"Fitchburg Renewables, LLC",MA,4.0,1,False
63686,"6140 Route 209 - North, LLC",NY,4.0,1,False
63814,"McDonough Solar 1, LLC",IL,4.0,2,False
64057,"BWC East Brook, LLC",MA,4.0,1,False
64065,City of Scribner (NE),NE,4.0,2,False
64148,Cokato Holdco LLC,MN,4.0,1,False
64327,Kearsarge Westerly LLC,RI,4.0,1,False
64458,"Enfield Solar One, LLC",CT,4.0,1,False
64524,"East Windsor Solar Two, LLC",CT,4.0,1,False
64530,ASA Gouverneur NY Solar II LLC,NY,4.0,1,False
64625,"MA CS Uxbridge, LLC",MA,4.0,1,False
64724,"Lincoln Solar Star, LLC",CA,4.0,2,False
64841,ACC Renewable Resources,CA,4.0,1,False
65032,"1639 RT 29 Solar 1, LLC",NY,4.0,1,False
65095,Unison Energy LLC,CO,4.0,2,False
65202,"3232 Batavia Solar, LLC",NY,4.0,1,False
65766,"Solar DG NJ BEMS East, LLC",NJ,4.0,1,False
65767,"Solar DG NJ BEMS West, LLC",NJ,4.0,1,False
65795,South County Packing,CA,4.0,1,False
65858,East Victory Way Solar LLC,CO,4.0,1,False
65962,"Catalyze Fort Worth 5200 Gold Spike Drive Microgrid, LLC",TX,4.0,1,True
66060,LSE Perseus LLC,NY,4.0,1,False
65749,Avon Solar Farm LLC,NY,4.0,1,False
66162,"Wyman Hill Solar, LLC",ME,4.0,1,False
66241,"Nabholz Solar FPS, LLC",AR,4.0,1,False
66242,"Entegrity Solar LRWRA, LLC",AR,4.0,1,False
66257,LSE Ophiuchus LLC,MA,4.0,2,False
66282,Frankfort Solar Farm LLC,NY,4.0,1,False
66283,"Catalyze Newark Solar Farm 2 Microgrid, LLC",NY,4.0,1,True
66342,"Catalyze Joliet 1101 Cherry Hill Road Microgrid, LLC",IL,4.0,1,True
66580,"Old Frontier Solar III PV, LLC",MA,4.0,2,False
66692,GCC Trident LLC,MT,4.0,2,False
66801,"Ellis Creek Solar, LLC",CA,4.0,1,False
66925,"NY Thompson III, LLC",NY,4.0,1,False
67019,CVE US EI7 Belair LLC,NY,4.0,1,False
67033,CVE US EI3 Wheatfield LLC,NY,4.0,1,False
67191,White Brook Renewables LLC,RI,4.0,1,False
67215,"Solar DG MD Cherry Hill, LLC",MD,4.0,1,False
67238,"Eagles Solar I, LLC",NJ,4.0,1,False
67239,"Eagles Solar II, LLC",NJ,4.0,1,False
63986,53 SP Solar Trust,NJ,4.0,2,False
67260,"ESNY-Yorktown, LLC",NY,4.0,1,False
67275,Hartly Community Energy Initiative LLC,DE,4.0,1,False
67850,"SREOG IL Partnership 1, LLC",IL,4.0,2,False
13990,City of Ogden - (IA),IA,3.9,3,False
2609,City of Burwell - (NE),NE,3.9,4,False
6723,City of Franklin - (NE),NE,3.9,4,False
34,City of Abbeville - (SC),SC,3.9,3,False
84,A & N Electric Coop,MD VA,3.9,4,False
1956,City of Bonners Ferry (ID),ID,3.9,4,False
9897,City of King Cove - (AK),AK,3.9,6,False
57311,"Luminace Solar Federal, LLC",NJ,3.9,1,False
58136,William Floyd School District,NY,3.9,3,False
58548,State of CA DGS BPM,CA,3.9,3,False
58258,SunRay Power LLC,MA NJ,3.9,3,False
59549,Targa Pipeline Mid-Continent West OK LLC,OK,3.9,3,False
60490,"Pine Island Holdco, LLC",MN,3.9,1,False
60710,"Marie's Way Solar I, LLC",MA,3.9,1,False
63439,Southern Idaho Solid Waste,ID,3.9,3,False
63530,"POET Biorefining - North Manchester, LLC",IN,3.9,1,False
64697,POET Bioprocessing- Mitchell,SD,3.9,1,False
66128,Nationwide Solar Energy LLC,MA,3.9,1,False
66550,Telyon AMZ Windsor LLC,CT,3.9,1,False
67963,Kearsarge Burrillville LLC,RI,3.9,1,False
15246,City of Portland - (MI),MI,3.8,3,False
9948,"Kyocera International, Inc",CA,3.8,2,False
60580,"Community Renewables, LLC",MN,3.8,1,False
5321,"ABC Coke - Drummond Co, Inc",AL,3.8,1,False
56103,AMERESCO Keller Canyon LLC,CA,3.8,2,True
56777,Avidan Energy Solutions,NJ,3.8,1,False
57324,Michigan Sugar Company,MI,3.8,3,False
58122,Eastern Maine Medical Center,ME,3.8,1,False
60690,"Foundation CA Fund VIII Manager, LLC",CA,3.8,2,False
62054,Kearsarge SKSC1 LLC,RI,3.8,1,False
63071,"DG Amaze New Jersey, LLC",NJ,3.8,1,False
63509,"POET Biorefining Caro, LLC",MI,3.8,1,False
64237,Kearsarge Montague BD LLC,MA,3.8,2,False
64602,DOCCS Midstate,NY,3.8,1,False
64785,Sealed Air Corporation,CA,3.8,2,False
64925,"MA CS Dighton, LLC",MA,3.8,1,False
65052,Limestone CSG 1 LLC,ME,3.8,1,False
65122,Kearsarge Beverly LLC,MA,3.8,2,False
65957,"Solitude Solar New Hartford Oxford Microgrid, LLC",NY,3.8,1,False
66177,LSE Pisces LLC,NY,3.8,1,False
67061,Sunrise on Wing Ln. LLC,MA,3.8,2,False
63560,"Sand Point Generating, LLC",AK,3.7,6,False
15348,Preston Public Utilities Comm,MN,3.7,3,False
17052,Shell Chemical LP,TX,3.7,1,False
1784,Black Creek Hydro Inc,WA,3.7,1,False
18260,Surprise Valley Electrification,OR,3.7,1,False
60403,"TRS Fuel Cell, LLC",CT,3.7,1,False
63079,Cincinnati Zoo & Botanical Garden,OH,3.7,2,False
64070,"Dresser Hill Solar, LLC",MA,3.7,1,False
64605,DOCCS Greenhaven,NY,3.7,1,False
64819,Kearsarge Ludlow LLC,MA,3.7,1,False
65760,"Solar DG NJ Brookdale, LLC",NJ,3.7,1,False
15349,City of Preston - (IA),IA,3.6,2,False
10538,City of La Plata - (MO),MO,3.6,2,False
20632,City of Wilber - (NE),NE,3.6,3,False
10604,Town of Lake Lure - (NC),NC,3.6,2,False
18205,Strawberry Water Users Assn,UT,3.6,3,False
18204,City of Strawberry Point -(IA),IA,3.6,2,False
2179,Brassua Hydroelectric LP,ME,3.6,1,False
13487,New York Zoological Society,NY,3.6,4,False
14222,Oswego County - (NY),NY,3.6,2,False
5385,Dry Creek LLC,ID,3.6,1,False
61324,Yolo County Community Services Department,CA,3.6,5,False
56728,Dow Jones & Co,NJ,3.6,2,False
58133,Mercy Medical Center,NY,3.6,4,False
58188,Central Connecticut State University,CT,3.6,4,False
58361,Triton College,IL,3.6,5,False
63059,Diamond Properties,NY,3.6,2,False
63584,POET Biorefining - Hudson,SD,3.6,1,False
63587,"POET Biorefining - Alexandria, LLC.",IN,3.6,1,False
64485,Ameresco San Joaquin Solar LLC,CA,3.6,1,True
64878,West Valley-Mission Community College District,CA,3.6,2,False
65069,"Clear Solar I, LLC",NC,3.6,1,False
65178,"Limelight Solar III, LLC",SC,3.6,1,False
65956,ME Sandy River LLC,ME,3.6,1,False
65985,"EF NY CDG 010, LLC",NY,3.6,1,False
66172,"Hat Creek Bioenergy, LLC",CA,3.6,1,False
66953,United Parcel Service,CA,3.6,2,True
67034,Wolf Solar LLC,NY,3.6,1,False
10760,City of Laurel - (NE),NE,3.5,3,False
3156,Village of Cashton - (WI),WI,3.5,3,False
19397,City of Ukiah - (CA),CA,3.5,2,False
10077,Kaweah Delta Hospital,CA,3.5,1,False
67561,"Energen Renewables, LLC",MI NY,3.5,7,False
56838,KEI (Maine) Power Management (III) LLC,ME,3.5,3,False
57184,"Ampersand Ogdensburg Hydro, LLC",NY,3.5,5,False
11390,M&M Mars Inc,IL,3.5,1,False
56431,SunE U6 Holdings LLC,CA CO,3.5,4,False
66440,RMQ Ventures LLC,NC,3.5,2,False
56914,Central Contra Costa Sanitary District,CA,3.5,1,False
57345,Butte-Glenn Community College District,CA,3.5,1,False
58748,Clean Energy LLC,NC,3.5,2,False
66044,Sun E N7 Holdings LLC,FL,3.5,1,False
20065,Walton Electric Member Corp,GA,3.5,2,False
60513,"Bird Machine Solar Farm, LLC",MA,3.5,1,False
60916,"SR Kersey, LLC",CO,3.5,1,False
61188,West Texas A&M University,TX,3.5,2,False
63260,Cobb Electric Membership Corporation,GA,3.5,3,False
63572,Marbury Point Solar LLC,DC,3.5,1,False
63588,Fostoria Ethanol,OH,3.5,1,False
63585,POET Biorefining - Portland,IN,3.5,1,False
63594,"POET Biorefining - Leipsic, LLC",OH,3.5,1,False
64255,"Acton H Road Solar 1, LLC",ME,3.5,1,False
64415,"RPNY Solar 1, LLC",NY,3.5,1,False
65204,"Niagara Depot Solar, LLC",NY,3.5,1,False
65209,"TPE RI WA1, LLC",RI,3.5,1,False
65469,NY USLE Rome Rome-Oriskany LLC,NY,3.5,1,False
65668,"ELP Kipp Solar, LLC",NY,3.5,1,False
66009,"SR Panola III, LLC",MS,3.5,1,False
66038,"SR Warren, LLC",KY,3.5,1,False
66545,"Catalyze Breesport Road Microgrid, LLC",NY,3.5,1,True
66578,Poet Bioprocessing Emmetsburg,IA,3.5,1,False
67059,Rak 2 Solar LLC,NY,3.5,1,False
67253,1519 Crandall Road LLC,RI,3.5,1,False
67352,California Family Foods,CA,3.5,1,False
67753,"Berwick Hubbard Solar 1, LLC",ME,3.5,1,False
13831,City of Norwich - (CT),CT,3.4,2,False
8122,Harlan Municipal Utilities - (IA),IA,3.4,2,False
4661,City of Curtis - (NE),NE,3.4,3,False
14277,Village of Oxford - (NE),NE,3.4,4,False
18230,City of Stuart - (NE),NE,3.4,3,False
10622,City of Lakefield - (MN),MN,3.4,2,False
9357,Hampshire Paper Co Inc,NY,3.4,1,False
59834,"GR Catalyst One, LLC",NY,3.4,2,False
19726,City of Valdosta - (GA),GA,3.4,2,False
56974,"Denver Airport Solar, LLC",CO,3.4,1,False
56977,Henkel U.S. Operations Corporation,NY,3.4,2,False
57401,Mt Wachusett Community College,MA,3.4,2,False
58604,US Space Force,MA,3.4,2,False
58844,Dept of Corrections NCCI Wind,MA,3.4,2,False
59885,"UIL Distributed Resources, LLC",CT,3.4,1,False
63060,Brass Mill Center,CT,3.4,1,False
65208,"TPE RI WA2, LLC",RI,3.4,1,False
65404,WEB Brookfield Solar LLC,MA,3.4,1,False
67006,"REC SHW, LLC",CA,3.4,2,False
38084,Great Lakes Energy Coop,MI,3.3,3,False
21086,Yakima-Tieton Irrigation Dist,WA,3.3,3,False
12502,Middle Fork Irrigation Dist,OR,3.3,3,False
59827,"Ampersand Long Falls Hydro, LLC",NY,3.3,1,False
50134,Holcomb Rock Company,VA,3.3,6,False
60539,Will County Energy LLC,IL,3.3,3,False
57408,"Luminace Solar Arizona, LLC",AZ,3.3,1,False
60608,Vitro Flat Glass LLC,CA,3.3,3,False
58464,City of Las Vegas - (NV),NV,3.3,1,False
58527,Gettysburg Energy and Nutrient Rec Facility LLC,PA,3.3,1,False
59519,"TerraForm Solar XVII, LLC",MA,3.3,2,False
59969,Whitethorn Solar LLC,CA,3.3,1,False
61335,CommonWealth New Bedford Energy LLC,MA,3.3,1,False
62819,"Syncarpha Halifax, LLC",MA,3.3,2,False
63630,New Columbia Solar,DC,3.3,3,False
63694,"Hecate Energy West Newberry, LLC",SC,3.3,1,True
64484,ASA DeKalb NY Solar III LLC,NY,3.3,1,False
64779,"Cummins, Inc.",NC,3.3,1,False
64912,"SR Bolivar, LLC",TN,3.3,1,False
65054,Easton CSG 1 LLC,ME,3.3,1,False
65247,"Lenox Renewables, LLC",NY,3.3,1,False
65258,"Livermore Falls CSG, LLC",ME,3.3,1,False
65722,NY USLE Carthage SR26 B LLC,NY,3.3,1,False
66020,"SR Christiana, LLC",TN,3.3,1,False
66679,NY CDG Oneida 2 LLC,NY,3.3,1,False
63004,Abundant Solar Power Inc.,NY,3.3,1,False
67026,Sunrise on West Main Rd. LLC,MA,3.3,1,False
14236,City of Ottumwa - (IA),IA,3.2,3,False
11273,Lower Valley Energy Inc,WY,3.2,6,False
40437,Emerald People's Utility Dist,OR,3.2,4,False
5901,Encina Joint Powers Authority,CA,3.2,4,False
12382,Metropolitan Dist of Hartford,CT,3.2,2,False
67513,Sagepoint Energy,MI,3.2,1,False
24536,Aera Energy LLC-San Ardo,CA,3.2,1,False
66478,City of Springfield - (MO),MO,3.2,1,False
54878,Oregon Environmental Industries LLC,OR,3.2,2,False
56261,Iredell Transmission LLC,NC,3.2,2,False
57029,Blue Water Renewables Inc,MI,3.2,2,True
57146,Tulsa LFG LLC,OK,3.2,2,False
57189,Hidden Hollow Energy LLC,ID,3.2,2,False
66830,Kootenai Renewable Energy LLC,ID,3.2,2,False
58081,Blue Mountain Biogas LLC,UT,3.2,2,True
58220,Northeastern Illinois University,IL,3.2,4,False
58221,LES Operations Services LLC,MD,3.2,2,False
58643,Zeeland Farm Services,MI,3.2,2,False
63479,Viresco Turtle Lake,WI,3.2,2,False
58960,Timberline Energy LLC,CO,3.2,1,False
59239,Bannock County Landfill - (ID),ID,3.2,2,False
59483,Metropolitan Airports Commission,MN,3.2,2,False
59484,Framingham State University,MA,3.2,10,False
59512,"Team-Solar, Inc.",CA,3.2,2,False
59526,State Correctnl Inst Laurel Highlands,PA,3.2,2,False
59596,Industrial Power Services Corp.,MA,3.2,1,False
59876,Lorin Industries,MI,3.2,4,False
60481,Northwestern Lake Forest Hospital,IL,3.2,4,True
63270,St. Luke's Cornwall Hospital - Newburgh,NY,3.2,3,False
6395,Flathead Electric Coop Inc,MT,3.2,2,False
64640,"8500 Balboa PV, LLC",CA,3.2,2,False
66159,"Whaling Solar, LLC",NY,3.2,1,False
65951,Randolf Solar Partners LLC,VA,3.2,1,False
66208,"Camco International Group, Inc.",ID,3.2,2,False
66274,AstraZeneca Pharmaceuticals,DE,3.2,2,False
66693,"Catalyze Oxnard 2600 Sakioka Drive Microgrid, LLC",CA,3.2,2,True
67296,Northeastern Power Systems,OH,3.2,1,False
7443,City of Graettinger - (IA),IA,3.1,2,False
5164,Denver City & County-Foothills - (CO),CO,3.1,1,False
6288,Mink Creek Hydro Entity,ID,3.1,1,False
55994,University of Arizona - Biosphere 2,AZ,3.1,2,False
12944,City of Morganton - (NC),NC,3.1,2,False
59100,"Sunlight General Solar Fund II, LLC",NJ,3.1,2,False
57276,Los Angeles Community College District,CA,3.1,2,False
56998,"Macys Corporate Services, Inc",AZ,3.1,1,False
57319,"Luminace Solar Massachusetts, LLC",MA,3.1,2,False
60511,"SR Houston Holdings, LLC",MS,3.1,1,False
64630,"DG Dighton, LLC",MA,3.1,1,False
62058,Kearsarge SKSC2 LLC,RI,3.1,1,False
62905,"Syncarpha Taos I, LLC",NM,3.1,1,False
66368,Valley Sun Solar LLC,ME,3.1,1,False
66396,"Solar Powered Ag, LLC",CA,3.1,1,False
67958,Kearsarge KWW LLC,RI,3.1,1,False
16988,City of Sharon Springs - (KS),KS,3.0,4,False
17106,Sho-Me Power Electric Coop,MO,3.0,2,False
20880,City of Wisner (NE),NE,3.0,2,False
15371,Town of Princeton - (MA),MA,3.0,1,False
58190,Bluestem LLC,NE,3.0,2,False
61979,City of Nashua - (NH),NH,3.0,2,False
23037,Errol Hydroelectric Co LLC,NH,3.0,1,False
13876,Nove Investments I LLC,CA,3.0,3,False
8453,Hendricks Regional Health,IN,3.0,3,False
3790,"600 Peachtree PropCo, LLC",GA,3.0,2,False
57232,MM Lopez Energy LLC,CA,3.0,1,False
54690,Western Renewable Energy LLC,AZ,3.0,1,False
54813,AMERESCO Janesville LLC,WI,3.0,3,True
54814,AMERESCO Santa Cruz Energy LLC,CA,3.0,3,True
56102,AMERESCO Jefferson City LLC,MO,3.0,3,True
56284,MF Mesa Lane LLC,PA,3.0,1,False
11804,Massachusetts Electric Co,MA,3.0,3,False
56741,Knouse Food Cooperative Inc,PA,3.0,1,False
56828,RV CSU Power II LLC,CO,3.0,1,False
57122,Lime Wind LLC,OR,3.0,1,False
57422,"Electric Glass Fiber America, LLC",NC,3.0,3,False
60642,"Dunn Paper East Hartford, LLC",CT,3.0,1,False
62034,Depot Park Solar Farm,CA,3.0,1,False
58129,Four Rivers Sanitation Authority,IL,3.0,3,False
58167,Arkalon Ethanol LLC,KS,3.0,1,False
58443,EBD Hydro LLC,OR,3.0,3,False
59912,Amethyst Solar LLC,NC,3.0,1,False
59910,Audrey Solar LLC,NC,3.0,1,False
59911,Milo Solar LLC,NC,3.0,1,False
59913,Minnie Solar LLC,NC,3.0,1,False
58696,Ignite Solar Holdings LLC,CA,3.0,2,False
58870,Mayor and City Council of Baltimore City - (MD),MD,3.0,3,False
58887,Michelangelo Wind 3 LLC,IA,3.0,1,False
58961,United Therapeutics Corporation,NC,3.0,1,True
59881,Port Charlotte Energy LLC,FL,3.0,2,False
59170,"North American Biofuels, LLC",KY,3.0,2,False
59332,"Yadkin 601 Farm, LLC",NC,3.0,1,False
59494,Fairhaven Wind LLC,MA,3.0,1,False
59500,"Sunny Templeton, LLC",MA,3.0,1,False
59561,"SunE Solar XVII Project 2, LLC",UT,3.0,1,False
59560,"SunE Solar XVII Project 1, LLC",UT,3.0,1,False
59672,"SunEnergy1-Scotland Neck, LLC",NC,3.0,1,False
59695,"SunE Solar XVII Project 3, LLC",UT,3.0,1,False
59716,SunE DB24 LLC,UT,3.0,1,False
59760,"Findlay Wind 20, LLC",OH,3.0,1,False
64645,Goldfinch (Lakeland),FL,3.0,1,False
63250,"Central Antelope Dry Ranch B, LLC",CA,3.0,1,False
60809,"Southern Sky Renewable Energy Berkley, LLC",MA,3.0,1,False
60439,Orion Community Solar,MN,3.0,3,False
60455,"PVN Milliken, LLC",CA,3.0,1,False
60487,Wabasha Holdco LLC,MN,3.0,1,False
60590,Gemini Community Solar,MN,3.0,3,False
60591,Mapleton Community Solar,MN,3.0,3,False
60592,Morgan Community Solar,MN,3.0,3,False
60692,Ameresco BWC Wading River LLC,MA,3.0,1,True
60731,Quichapa 1 LLC,UT,3.0,1,False
60732,Quichapa 2 LLC,UT,3.0,1,False
60733,Quichapa 3 LLC,UT,3.0,1,False
60904,ETCAP NES CS MN 06 LLC,MN,3.0,1,False
60824,Antares Community Solar,MN,3.0,3,False
60830,Lyra Community Solar,MN,3.0,3,False
60831,Argo Navis Community Solar,MN,3.0,3,False
60816,Boston Medical Center,MA,3.0,2,False
60967,Crater Community Solar,MN,3.0,3,False
60996,"Findlay Wind 25, LLC",OH,3.0,2,False
61074,"Minnesota Solar CSG 21, LLC",MN,3.0,3,False
61076,"Minnesota Solar CSG 4, LLC",MN,3.0,3,False
61102,"Minnesota Solar CSG 8, LLC",MN,3.0,3,False
64647,DG Haverhill LLC,MA,3.0,1,False
61357,"Haywood Solar, SMLLC",TN,3.0,1,False
61361,Walton Solar,GA,3.0,1,False
61568,Chisago Holdco LLC,MN,3.0,1,False
61648,"WED Green Hill, LLC",RI,3.0,1,False
61649,"WED Plainfield II, LLC",RI,3.0,1,False
61650,"WED Plainfield III, LLC",RI,3.0,1,False
61651,"WED Plainfield, LLC",RI,3.0,1,False
61652,"WED Shun I, LLC",RI,3.0,1,False
61653,"WED Shun II, LLC",RI,3.0,1,False
61654,"WED Shun III, LLC",RI,3.0,1,False
61967,Beloit Memorial Hospital,WI,3.0,2,False
61955,JLL-One Rockwood Road,NY,3.0,2,False
62070,Plainfield Solar LLC,MA,3.0,2,False
62162,"RP Napa Solar 1, LLC",CA,3.0,3,False
62748,Wildcat I Energy Storage LLC,CA,3.0,1,False
62885,"CalCity Solar 1, LLC",CA,3.0,1,False
63001,"MN CSG 2, LLC",MN,3.0,1,False
14154,Orange & Rockland Utils Inc,NY,3.0,1,False
63338,"Crown Solar Center, LLC",SC,3.0,1,False
63676,Silveira Ranch Road Solar,CA,3.0,3,False
63507,Bluebird Solar LLC,SC,3.0,1,False
63628,"Hayes Solar, LLC",NC,3.0,1,False
63741,Captona Berkley LLC,MA,3.0,1,False
63822,"Hadley 3 Solar, LLC (South)",MA,3.0,2,False
63864,"1051 Lucky Solar, LLC",NC,3.0,1,False
62679,"Luminace Solar Rhode Island, LLC",RI,3.0,1,False
63904,"WED Coventry Seven, LLC",RI,3.0,1,False
64197,AMP MA Dudley,MA,3.0,1,False
64420,"196TRE WHAM8 Solar, LLC",MA,3.0,2,False
64526,ASA DeKalb NY Solar II LLC,NY,3.0,1,False
6762,City of Fredonia - (KS),KS,3.0,2,False
64796,"Green Providence Wind II, LLC",RI,3.0,1,False
64926,Croton Solar LLC,NY,3.0,1,False
64889,"Brockelman Road Solar 2, LLC",MA,3.0,2,False
65117,Hecate Energy Upshur Rural LLC,TX,3.0,1,True
65154,Phelan Solar LLC,CA,3.0,1,False
65201,"3104 Batavia Solar, LLC",NY,3.0,1,False
65266,Putah Creek Solar Farms LLC,CA,3.0,1,False
65514,Catalyze Manteca 730 Spreckels Avenue Microgrid LLC,CA,3.0,2,True
65584,"Solar DG MD Holabird Broening ACC, LLC",MD,3.0,2,False
65585,"Solar DG MD Holabird AJCFB, LLC",MD,3.0,2,False
65776,"RPCA Solar 7, LLC",CA,3.0,1,False
66069,Paxton BESS 1 LLC,MA,3.0,1,False
67321,Dos Palos Clean Power LLC,CA,3.0,1,False
66195,"RPNY Solar 6, LLC",NY,3.0,1,False
66256,LSE Lepus LLC,MA,3.0,2,False
66279,CHI NV Solar LLC,NV,3.0,1,False
66556,"SL Jamestown, LLC",NY,3.0,1,False
66585,"SR Brownsville, LLC",TN,3.0,1,False
66732,Verde Light Community Solar LLC,OR,3.0,1,False
66811,"Belvedere Solar, LLC",OR,3.0,1,False
67029,Sunrise on Blandford Rd. LLC,MA,3.0,1,False
67137,"Chapman Creek Solar, LLC",OR,3.0,1,False
67481,"NSF Marshall Site 3, LLC",NY,3.0,1,False
67502,Pilot Rock Solar 2 LLC,OR,3.0,1,False
67759,Morongo Band of Mission Indians,CA,3.0,1,False
68022,Glenville Hollow Community Energy Initiative LLC,DE,3.0,1,False
8751,Town of Holly - (CO),CO,2.9,3,False
682,City of Anita - (IA),IA,2.9,5,False
16211,City of Rockford- (IA),IA,2.9,3,False
756,Appomattox River Associates LP,VA,2.9,1,False
2138,Brainerd Public Utilities,MN,2.9,5,False
30038,WestRock (IL),IL,2.9,4,False
56880,Shoshone Irrigation District,WY,2.9,1,False
58203,NRG Energy Center Eagles LLC,PA,2.9,1,True
58549,County of Alameda GSA - (CA),CA,2.9,3,False
59358,"REUT Origination, LLC",UT,2.9,1,False
59511,"South Street Solar, LLC",MA,2.9,1,False
59791,Lindberg Field Solar I LLC,CA,2.9,3,False
64798,"Prudential Drive Investors, LLC",NJ,2.9,2,False
16380,RTC Properties Inc,NJ,2.9,6,False
60514,"Iron Horse Solar 1, LLC",MA,2.9,1,False
60712,South Maui Renewable Resources LLC,HI,2.9,1,False
60713,Ku'ia Solar LLC,HI,2.9,1,False
61011,Kearsarge Bellingham LLC,MA,2.9,1,False
61510,National Raisin,CA,2.9,4,False
63266,Fordham University,NY,2.9,7,False
65023,Ventura Solar LLC,CA,2.9,1,False
65053,Limestone CSG 2 LLC,ME,2.9,1,False
65770,NY USLE Copenhagen CR194 LLC,NY,2.9,1,False
66249,"Entegrity Solar WRMC, LLC",AR,2.9,1,False
67177,JKB Energy,CA,2.9,1,False
67328,"10701 Seymour Ave East, LLC",IL,2.9,1,False
67378,NY 262 Libertyville LLC,NY,2.9,1,False
67832,"IL Solar Huntley Project1, LLC",IL,2.9,1,False
9928,City of Julesburg - (CO),CO,2.8,4,False
5932,City of Ephraim - (UT),UT,2.8,2,False
7833,Gwitchyaa Zhee Utility Co,AK,2.8,4,False
56590,Silverstreet Hydro,NH NY,2.8,3,False
503,American Hydro Power Company,PA,2.8,4,True
66275,Lower Lowline LLC,ID,2.8,1,False
5089,Des Moines Metro WRF,IA,2.8,2,False
17711,Solano County - (CA),CA,2.8,3,False
11082,Littlewood Irrigation District,ID,2.8,1,False
59190,Plymouth State University,NH,2.8,2,False
18065,Smithfield Packaged Meats Corp (Wilson),NC,2.8,2,False
58372,Boise Project Board of Control,ID,2.8,2,False
58495,"Syncarpha Alethea I, LLC",NJ,2.8,1,False
58498,F H Stoltze Land & Lumber Co,MT,2.8,1,False
59946,"ADS Renewable Energy- Wolf Creek, LLC",GA,2.8,2,False
60815,Shavano Falls Hydro LLC,CO,2.8,1,False
61373,MERIT SI,NJ,2.8,1,False
61467,"Central CA Fuel Cell 2, LLC",CA,2.8,1,False
65297,Cordia,CA,2.8,1,False
66501,MaxSolar,NJ,2.8,2,False
63277,Richmond University Medical Center,NY,2.8,5,False
63658,"Long Beach Trigen, LLC",CA,2.8,1,False
63842,"BCSB, LLC",NE,2.8,4,False
64067,"ISM Solar Dighton 3, LLC",MA,2.8,1,False
64845,"Gilead Sciences, Inc. - La Verne",CA,2.8,2,False
65006,"Linkville Solar, LLC",OR,2.8,1,False
65040,"Hickson Solar, LLC",SC,2.8,1,False
66144,"Camino Ramon BR 2600 Solar Project 2020, LLC",CA,2.8,3,False
66154,"Bowser Road Solar Project 2021, LLC",NJ,2.8,2,False
66194,"RPNY Solar 4, LLC",NY,2.8,1,False
66245,"Entegrity Solar SWU 2, LLC",AR,2.8,1,False
66248,"Entegrity Solar UA AG, LLC",AR,2.8,1,False
66419,ME Fort Fairfield LLC,ME,2.8,1,False
67379,NY Country Road 67 and Majorana,NY,2.8,1,False
17834,City of Springfield - (CO),CO,2.7,4,False
16583,San Antonio Regional Hospital,CA,2.7,3,False
21944,Sonoma County Water Agency - (CA),CA,2.7,1,False
56705,Pocono International Raceway Inc,PA,2.7,1,False
57309,Holyoke Solar LLC,MA,2.7,1,False
58500,City of Hayward (CA),CA,2.7,2,False
60518,"California PV Energy 2, LLC",CA,2.7,1,False
61072,Waterford Holdco LLC,MN,2.7,1,False
63057,Short Hills Mall,NJ,2.7,1,False
63061,Natick Mall,MA,2.7,1,False
63391,"C2 MA Lakeville, LLC",MA,2.7,1,False
63994,"IXYS Integrated Circuits Division, LLC",MA,2.7,4,False
64071,"Rounseville Solar 1, LLC",MA,2.7,1,False
64806,"Western Plains Wind, LLC",KS,2.7,1,False
66305,"Rio Vista Executive Boat & RV Storage, LLC",CA,2.7,1,False
67911,REC Niagara Solar I,CA,2.7,1,False
67954,"SRC Partnership 13, LLC",MD,2.7,1,False
10685,Lanesboro Public Utility Comm,MN,2.6,2,False
6915,Galena Electric Utility,AK,2.6,4,False
1751,Birch Power Co,ID,2.6,1,False
56842,Union Falls Hydro Power LP,NY,2.6,2,False
2806,California Dept of Corrections,CA,2.6,1,False
56732,Haleon PLC,PA,2.6,1,False
58577,Northern Colorado Water Conservancy District,CO,2.6,2,False
58594,Rockford Solar Partners,IL,2.6,1,False
59724,"Pepperidge Farm, Inc.- Bloomfield",CT,2.6,2,False
60404,"Luminace Solar Arizona 2, LLC",AZ,2.6,3,False
61323,"PowerFin ASL 1, LLC",TX,2.6,1,False
61618,Kingsbrook Jewish Medical Center,NY,2.6,3,False
61947,NYP-Hudson Valley Hospital Center,NY,2.6,4,False
64201,BWC Box Pond LLC,MA,2.6,1,False
64501,"Thunderhead Solar, LLC",NC,2.6,1,False
66808,"Clayfield Solar, LLC",OR,2.6,1,False
67212,Waterford Solar LLC,OR,2.6,1,False
67259,Dudley Landfill Solar LLC,MA,2.6,2,False
67349,"REG Mason City, LLC",IA,2.6,1,False
7424,Gowrie Municipal Utilities - (IA),IA,2.5,1,False
16206,Rock Rapids Municipal Utility - (IA),IA,2.5,1,False
9732,City of Jetmore -(KS),KS,2.5,1,False
11372,City of Lyons - (NE),NE,2.5,3,False
1434,Beaver City Corporation,UT,2.5,2,False
56840,Emporia Hydro Power LP,VA,2.5,2,False
12986,Morton Salt Inc,OH,2.5,1,False
18483,Tampa Wastewater Department,FL,2.5,5,False
25771,Quinebaug Associates LLC,CT,2.5,4,False
56081,Southeastern Chester County Refuse Auth,PA,2.5,2,False
56645,Aqua America Inc,PA,2.5,2,False
56952,Lincoln Electric Company,OH,2.5,1,False
57215,Regents of the University of Minnesota,MN,2.5,1,False
58492,Chattanooga Metropolitan Airport,TN,2.5,3,False
58629,TIG Sun Energy I LLC,SC,2.5,1,False
59217,"CBC Alternative Energy, LLC",NC,2.5,1,False
59345,"Colton Solar One, LLC",CA,2.5,1,False
59653,Palmer Solar LLC,MA,2.5,1,False
60920,"Peterson Road Solar, LLC",MA,2.5,1,False
61284,Scandia CSG LLC,MN,2.5,1,False
61426,Kearsarge Granby LLC,MA,2.5,5,False
61845,"Polk County Renewables, LLC",NE,2.5,1,False
61893,"Lake Region Community Hybrid, LLC",MN,2.5,2,False
62083,Arizona State University FDM,AZ,2.5,12,False
62661,"Lock 12 Hydro Partners, LLC",KY,2.5,5,False
62739,Otter River Road Solar LLC,MA,2.5,1,False
63124,Cuming County Renewables. LLC,NE,2.5,1,False
63614,"Easthampton Park Solar 1, LLC",MA,2.5,1,False
63761,"REG Juhl Glenville Wind, LLC",MN,2.5,1,False
64394,"Cuba 2.5ac, LLC",NM,2.5,1,False
64539,"CHF-Davis I, LLC",CA,2.5,2,False
64849,"Maine DG Solar Augusta, LLC",ME,2.5,1,False
65002,"Carnes Creek Solar, LLC",OR,2.5,1,False
65003,"Cosper Creek Solar, LLC",OR,2.5,1,False
65008,"Sesqui-C Solar, LLC",OR,2.5,1,False
65033,"1639 RT 29 Solar 2, LLC",NY,2.5,1,False
65913,"Scooby Solar, LLC",CA,2.5,1,False
65954,Small Mouth Bass Solar Partners LLC,VA,2.5,1,False
65996,"SR Franklin, LLC",KY,2.5,1,False
65991,"THD NJ Riverview Main Distribution Center Solar Project 2020, LLC",NJ,2.5,1,False
66591,"SR Forked Deer, LLC",TN,2.5,1,False
1167,Baltimore Gas & Electric Co,MD,2.5,1,False
66806,"Gun Club Solar, LLC",OR,2.5,1,False
66855,"Mars Hill Road Solar Farm, LLC",ME,2.5,1,False
66887,Zena Solar LLC,OR,2.5,1,False
67032,Sunrise on Drift Rd. LLC,MA,2.5,1,False
67131,PAC Aviation,CA,2.5,1,False
67145,"Buckner Creek Solar, LLC",OR,2.5,1,False
67533,Marvin Composites,ND,2.5,4,False
67647,"LSE Sculptor, LLC",NY,2.5,1,False
16667,City of Sargent - (NE),NE,2.4,3,False
11770,City of Martinsville - (VA),VA,2.4,3,False
6710,Town of Edenton - (NC),NC,2.4,2,False
12374,Metropolitan Sewerage District,NC,2.4,3,False
14539,Passaic Valley Water Comm,NJ,2.4,4,False
10723,Lateral 10 Ventures,ID,2.4,1,False
6883,Evanston Board of Education,IL,2.4,3,False
21260,"Banyan St./GAP 191 Peachtree Owner, LLC",GA,2.4,2,False
18166,Sun Trust Plaza Associates LLC,GA,2.4,2,False
13124,Murphy - Brown LLC,NC,2.4,2,False
18850,Thorton Township School Dist,IL,2.4,4,False
67548,"North American -- Erie, LLC",OH,2.4,2,False
58131,Wesleyan University,CT,2.4,1,False
58802,"Walpole Solar 2, LLC",MA,2.4,1,False
59614,"Munich Reinsurance America, Inc",NJ,2.4,2,False
60541,Ameresco Glendale Road Solar PV LLC,MA,2.4,1,True
60814,Drop 5 Hydro LLC,CO,2.4,1,False
61009,LSE Centaurus LLC,MA,2.4,1,False
63213,Jemez Cuba LLC,NM,2.4,1,False
64052,"Delanco Coopertown Rd Solar 2, LLC",NJ,2.4,1,False
64119,Merrimack Solar Farm,NH,2.4,1,False
64116,"Suncaster, LLC",NC,2.4,1,False
64120,Smithfield Solar Farm,RI,2.4,1,False
64328,Kearsarge Fogland LLC,RI,2.4,1,False
65496,"Emerald Kemble, LLC",NJ,2.4,2,False
65667,West Shore Solar LLC,NY,2.4,1,False
65806,Elk Street Solar LLC,NY,2.4,1,False
66574,EDPRNA DG CA Livermore LLC,CA,2.4,2,False
65992,"ADP Boulevard Solar Project 2021, LLC",NJ,2.4,1,False
20430,City of Westbrook - (MN),MN,2.3,1,False
56477,Tallassee Shoals LLC,GA,2.3,2,False
792,City of Argyle - (WI),WI,2.3,2,False
3490,Crystal Springs Hydro Elec LP,ID,2.3,1,False
31613,Washington Cnty Wtr Consv Dist,UT,2.3,1,False
16070,Rio Blanco Water Conserv Dist,CO,2.3,1,False
57079,Ameresco Butte County LLC,CA,2.3,1,True
57124,Nautilus Solar WPU LLC,NJ,2.3,1,False
58591,CF Jersey Gardens Owner Two LLC,NJ,2.3,1,False
65922,"SunE W12DG-B, LLC",FL,2.3,1,False
59788,Steel Bridge Solar. LLC,OR,2.3,1,False
61148,"Ameresco, Inc - GELD",MA,2.3,1,True
62766,"Somerville Solar, LLC",TN,2.3,1,False
64221,MC6 Hydro Facility,ID,2.3,1,False
66599,"SR Trenton, LLC",TN,2.3,1,False
66790,Downing Parkway Solar LLC,MA,2.3,1,False
66805,"Antelope Creek Solar, LLC",OR,2.3,1,False
66833,Orchard Knob Solar LLC,OR,2.3,1,False
66914,"Catalyze University Park Central Ave Microgrid, LLC",IL,2.3,1,True
66920,"Kelly Creek Solar, LLC",OR,2.3,1,False
67052,USS Cattail Solar LLC,IL,2.3,1,False
67194,Sunset Ridge Solar LLC,OR,2.3,1,False
14626,"Pedernales Electric Coop, Inc",TX,2.3,1,False
67525,Chabot Las Positas Community College District,CA,2.3,1,False
67583,950th Sun 2 LLC,IL,2.3,1,False
68007,Lower Mine Road LLC,NY,2.3,1,False
11588,City of Manti - (UT),UT,2.2,3,False
30076,Calleguas Mun Water District,CA,2.2,2,False
20032,City of Walla Walla - (WA),WA,2.2,1,False
5155,City of Dike - (IA),IA,2.2,1,False
56100,AMERESCO Stafford LLC,VA,2.2,2,True
56395,J&A-Whittier LLC,CA,2.2,2,False
60524,"Pico Energy, LLC",ID,2.2,2,False
63989,"Mas Durham Power, LLC",NC,2.2,2,False
56795,Chittenden County Solar Partners LLC,VT,2.2,1,False
60545,City of Auburn - (NY),NY,2.2,2,False
67691,Kaiser Permanente,CA,2.2,2,False
58883,ERWR Whitcomb Farm Solar LLC,VT,2.2,1,False
59241,Claire Solar Partners LLC,VT,2.2,1,False
59823,"Syncarpha North Adams, LLC",MA,2.2,1,False
60038,Silicon Valley Clean Water,CA,2.2,2,False
60801,"Coventry Photovoltaic, LLC",VT,2.2,1,False
60297,"Limerick Road Solar, LLC",VT,2.2,1,False
61113,"DG Camden, LLC",NJ,2.2,1,False
61577,Saint Catherine of Siena Medical Center,NY,2.2,5,False
61705,Boring Solar LLC,OR,2.2,1,False
61703,Ballston Solar LLC,OR,2.2,1,False
61704,Labish Solar LLC,OR,2.2,1,False
62989,Rafael Solar LLC,OR,2.2,1,False
62990,Case Creek Solar LLC,OR,2.2,1,False
62991,Kale Patch Solar LLC,OR,2.2,1,False
62992,O'Neill Creek Solar LLC,OR,2.2,1,False
63259,Solar Star Prime 1 LLC,CO CT,2.2,2,False
64556,"TLS Capital, Inc",OR,2.2,1,False
64754,Gilead Sciences Inc.,CA,2.2,2,False
65220,"Middleton Biogas Solar, LLC",WI,2.2,2,False
65867,Monroe Solar LLC,VA,2.2,1,False
65955,"Solitude Solar Russell County Rd 21 Microgrid, LLC",NY,2.2,1,False
66132,"MEVS DOT, LLC",ME,2.2,2,False
67164,"Anthony Vineyards, Inc.",CA,2.2,1,False
54775,Lock 7 Hydro Partners LLC,KY,2.1,3,False
17727,Village of Spalding - (NE),NE,2.1,5,False
26287,Madera-Chowchilla Power Auth,CA,2.1,1,False
56837,KEI (Maine) Power Management (II) LLC,ME,2.1,4,False
17150,Shorock Hydro Inc,ID,2.1,1,False
4566,Seven Hills New Hampshire,NH,2.1,3,False
20238,Watchtower Bible & Tract Soc-NY,NY,2.1,3,False
19198,"Trigen Inner Harbor East, LLC",MD,2.1,1,False
6258,Federated Rural Electric Assn,MN,2.1,1,False
59187,Anaheim Public Utilities,CA,2.1,1,False
60338,HQC Rock River Solar Power Generation Station LLC,WI,2.1,1,False
63348,Wyckoff Heights Medical Center,NY,2.1,3,False
62854,"Solar Star California LXXVIII, LLC",CA,2.1,2,False
66155,"ESNY-RT-ELMSFORD, LLC",NY,2.1,2,False
67312,Lineage Logistics Solar PV - Salem OR,OR,2.1,2,False
67476,"Burlingame Solar, LLC",OR,2.1,1,False
65337,Coggon Municipal Light Plant - (IA),IA,2.0,1,False
15377,City of Primghar - (IA),IA,2.0,1,False
150,Adrian Public Utilities Comm,MN,2.0,1,False
6138,City of Fairfax - (MN),MN,2.0,1,False
40548,Unalakleet Valley Elec Coop,AK,2.0,4,False
29297,Pelican Utility,AK,2.0,4,False
65429,"Cataract Hydro, LLC",MI,2.0,1,False
61958,"Hydro Sierra Energy, LLC",CA,2.0,1,False
8787,Humboldt Bay Mun Water Dist,CA,2.0,2,False
3692,Clark University,MA,2.0,1,False
16997,Shasta Hydroelectric Inc,CA,2.0,1,False
64954,Contango Oil and Gas,WY,2.0,2,False
54838,Windsor Machinery Co Inc,NY,2.0,2,False
62851,State of Minnesota Department of Administration,MN,2.0,1,False
64814,Anderson Erickson Dairy,IA,2.0,1,False
61141,TG Windfarm LLC,MN,2.0,1,False
61140,CG Windfarm LLC,MN,2.0,1,False
61139,Bisson Windfarm LLC,MN,2.0,1,False
49867,Tofteland Windfarm LLC,MN,2.0,1,False
61142,Westridge Windfarm LLC,MN,2.0,1,False
49869,Fey Windfarm LLC,MN,2.0,1,False
49870,Windcurrent Farms LLC,MN,2.0,1,False
61120,"K-brink Windfarm, LLC",MN,2.0,1,False
49874,Boeve Windfarm LLC,MN,2.0,1,False
49991,Kindred Public School,ND,2.0,1,False
56434,SunE M5 Holdings LLC,CA,2.0,2,False
56518,First State Marine Wind,DE,2.0,1,False
56701,The Hankin Group,PA,2.0,1,False
56830,Carson Solar 1 LLC,CO,2.0,1,False
57034,Watkins Manufacturing Corporation,CA,2.0,2,False
67036,NW Stadium Solar Plant,MD,2.0,1,False
57051,Frederick County Virginia,VA,2.0,2,False
58101,Solar Star California II LLC,CA,2.0,1,False
57427,RockTenn-Battle Creek Mill,MI,2.0,1,False
64252,Oberlin College,OH,2.0,1,False
58166,Bonanza BioEnergy LLC,KS,2.0,1,False
58514,"Gilbert Solar Facility I, LLC",AZ,2.0,1,False
58569,City of Rochester - (MN),MN,2.0,2,False
58628,ABEC Bidart-Old River LLC,CA,2.0,2,False
58800,Cross Pollination Inc,VT,2.0,1,False
58803,"Gardner Solar 1, LLC",MA,2.0,1,False
59160,"East Kansas Agri-Energy, LLC",KS,2.0,1,False
59171,"Suncore Photovoltaics, Inc",NM,2.0,1,False
59533,Facile Solar LLC,NC,2.0,1,False
59215,"St. Albans Solar Partners, LLC",VT,2.0,1,False
59240,"Clarendon Solar Farm, LLC",VT,2.0,1,False
59290,Solvida Energy Group/Blue Oak Energy,CA,2.0,1,False
59395,"631-56 Airport Owner, LLC",MA,2.0,1,False
59529,Robeson County Landfill - (NC),NC,2.0,2,False
59650,Pikes Peak Solar Garden 1 LLC,CO,2.0,1,False
60790,Clarkstown Solar LLC,NY,2.0,2,False
59825,"Neisler Street Solar I, LLC",NC,2.0,1,False
59822,"Syncarpha Massachusetts, LLC",MA,2.0,1,False
60067,Westside Assets LLC,CA,2.0,1,False
60150,"SunE DB42, LLC",MD,2.0,1,False
60228,CoServ Electric,TX,2.0,1,False
60231,"SEC LHNY Solar One, LLC",NY,2.0,1,False
60263,"SR Skylark B, LLC",CO,2.0,1,False
60401,"Tannery Road Solar, LLC",NY,2.0,1,False
60428,"Green City Recovery, LLC",KY,2.0,2,False
60480,Catawba Solar LLC,NC,2.0,1,False
60484,"Bashaw Solar 1, LLC",MA,2.0,1,False
60530,"Nexamp Peak, LLC",MA,2.0,1,True
60911,Town of Stafford - (CT),CT,2.0,2,False
60587,Antlia Community Solar,MN,2.0,2,False
60589,Centaurus Community Solar,MN,2.0,2,False
60593,Spica Community Solar,MN,2.0,2,False
58375,Sterling Municipal Light Department - (MA),MA,2.0,1,False
60651,"Spring Street Solar 1, LLC",MA,2.0,1,False
60652,"Stafford St Solar 1, LLC",MA,2.0,1,False
66411,Kearsarge Onset LLC,MA,2.0,2,False
60823,Pegasus Community Solar,MN,2.0,2,False
60829,Caelum Community Solar,MN,2.0,2,False
9778,Johnson County Rural E M C,IN,2.0,1,False
60924,"Upton Solar, LLC",MA,2.0,1,False
60919,"Sampson Road Solar, LLC",MA,2.0,1,False
60968,Delphinus Community Solar,MN,2.0,2,False
61025,LSE Canis Major LLC,CT,2.0,1,False
61058,"One Ten Partners, LLC",CA,2.0,1,False
64643,DG Foxborough Elm LLC,MA,2.0,1,False
64664,"DG Tufts Knoll, LLC",MA,2.0,1,False
61345,Lisbon West,NY,2.0,1,False
61391,"Gore Mountain Solar II, LLC",NY,2.0,1,False
61387,"HGS solar I, LLC",NY,2.0,1,False
61388,"Syncarpha Hancock I, LLC",MA,2.0,1,False
61389,"Syncarpha Hancock II, LLC",MA,2.0,1,False
61392,"Syncarpha Still River, LLC",MA,2.0,1,False
61415,"Hilltop Power, LLC",MN,2.0,1,False
61453,Soboba Band of Luiseno Indians,CA,2.0,2,False
61541,"1634 Solar, LLC",SC,2.0,1,False
61544,"Bani Solar, LLC",SC,2.0,1,False
61655,"Panda Solar NC 2, LLC",NC,2.0,1,False
61656,"Panda Solar NC 3, LLC",NC,2.0,1,False
61657,"Panda Solar NC 4, LLC",NC,2.0,1,False
61661,"Panda Solar NC 8, LLC",NC,2.0,1,False
61662,"Panda Solar NC 9, LLC",NC,2.0,1,False
61663,"Panda Solar NC 10, LLC",NC,2.0,1,False
61664,"Panda Solar NC 11, LLC",NC,2.0,1,False
61682,Minisink Solar 2 LLC,NY,2.0,1,False
61711,Ashley Solar (SC),SC,2.0,1,False
61693,"Griffin Road Solar, LLC",MA,2.0,1,False
61725,"Monson Solar, LLC",MA,2.0,1,False
61736,Gaines Solar,SC,2.0,1,False
61755,Marshall Solar,SC,2.0,1,False
61836,Tedder Solar,SC,2.0,1,False
61864,Washington Solar II (SC),SC,2.0,1,False
61866,Weaver Solar,SC,2.0,1,False
61929,Runway Solar Farm,SC,2.0,1,False
61952,Hanford Renewable Energy LLC,CA,2.0,2,False
62003,"CMR Solar, LLC",NY,2.0,1,False
62056,Kearsarge Johnstown 2 LLC,NY,2.0,1,False
62084,DG Florham Park Solar LLC,NJ,2.0,1,False
63286,"4 Rivers Electric Cooperative, Inc.",KS,2.0,2,False
61984,MBS TextBook Exchange LLC,MO,2.0,2,False
62634,"Chester Woods Point Solar, LLC",MD,2.0,1,False
67686,"Critical Loop, Inc.",CA,2.0,1,False
62747,Acorn I Energy Storage LLC,CA,2.0,1,False
62773,Kearsarge Gill LLC,MA,2.0,1,False
62801,DG Linden New Jersey LLC,NJ,2.0,1,False
56404,National Grid,NY,2.0,1,True
62961,"Mountain Parks Services, Inc.",CO,2.0,2,False
63016,Limelight Solar II LLC,SC,2.0,1,False
63018,ATOOD Solar III LLC,SC,2.0,1,False
63019,AGA TAG Solar III LLC,SC,2.0,1,False
63201,"Bonefish Solar, LLC",SC,2.0,1,False
63275,"Samoset Solar, LLC",ME,2.0,1,False
63276,"Woodfields Solar, LLC",SC,2.0,1,False
63368,38DN Power Fund 1 LLC,MA,2.0,1,False
63378,St. Mary's Hospital For Children,NY,2.0,2,False
63394,"MSAP 13, LLC",NY,2.0,1,False
63419,"Augusta Solar, LLC",SC,2.0,1,False
63441,Fogarty Solar LLC,NY,2.0,1,False
63444,Bluestone Solar LLC,NY,2.0,1,False
63445,Underhill Solar LLC,NY,2.0,1,False
63446,Grabinski Solar LLC,NY,2.0,1,False
63673,Ballenger Road Solar A,SC,2.0,1,False
63674,White Horse Solar A,SC,2.0,1,False
63675,Soscol Ferry Solar,CA,2.0,2,False
63461,NY- CSG- Johnstown 2,NY,2.0,1,False
63462,NY- CSG- Livingston 4,NY,2.0,1,False
63470,"Illinois PV Fulton 1, LLC",IL,2.0,1,False
63529,"Medusa NY 1, LLC",NY,2.0,1,False
63532,"Walden NY 1, LLC",NY,2.0,1,False
63533,"Westtown NY 2, LLC",NY,2.0,1,False
63534,"Middletown NY 1, LLC",NY,2.0,1,False
63535,"Westerlo NY 1, LLC",NY,2.0,1,False
63596,Clinton Solar 4 LLC,IL,2.0,1,False
63597,"Vermilion Solar 1, LLC",IL,2.0,1,False
63613,Cortland Solar 2 LLC,IL,2.0,1,False
63616,Lena Solar 1 LLC,IL,2.0,1,False
63618,Ridge Farm Solar 1 LLC,IL,2.0,1,False
63617,Mendota US Solar 1 LLC,IL,2.0,1,False
63634,"Red Toad 315 Vinson Road, LLC",NC,2.0,1,False
63643,"Peterman Solar II, LLC",IL,2.0,1,False
63644,"Kish Solar, LLC",IL,2.0,1,False
63645,"Nostrand Solar, LLC",IL,2.0,1,False
63646,"Vulcan Solar, LLC",IL,2.0,1,False
63664,"Somonauk Road Solar 1, LLC",IL,2.0,1,False
63662,"Edwardsville Solar II, LLC",IL,2.0,1,False
63660,"Route 76 Boone Solar 1, LLC",IL,2.0,1,False
63633,Red Toad Powatan Phase 2 LLC,NC,2.0,1,False
63681,"Wappinger 9D Solar, LLC",NY,2.0,1,False
63683,"Olney Solar II, LLC",IL,2.0,1,False
63691,"2662 Freeport Solar 1, LLC",IL,2.0,1,False
63692,"Whiteside Solar 1, LLC",IL,2.0,1,False
63693,Captona N.P. LLC,RI,2.0,1,False
63729,"Morgan Solar 4, LLC",IL,2.0,1,False
63745,Captona Plainfield Pike Johnston LLC,RI,2.0,1,False
63736,Captona Chicopee LLC,MA,2.0,1,False
63753,"Marlow Solar, LLC",IL,2.0,1,False
63776,"JSD Flatwood PV-1, LLC",SC,2.0,1,False
63779,"Morgan Solar 2, LLC",IL,2.0,1,False
63834,Blue Goose Solar,IL,2.0,1,True
63833,Iroquois Solar 1B LLC,IL,2.0,1,False
63845,Sullivan B Community Solar LLC,IL,2.0,1,False
63860,Kent School Road Solar 1,IL,2.0,1,False
63861,Schulte 2 Community Solar,IL,2.0,1,False
63863,Kankakee Solar 4 LLC,IL,2.0,1,False
63893,"AES Griggs Solar, LLC",IL,2.0,1,False
63895,SV CSG Lily Lake 2 LLC,IL,2.0,1,False
63896,"SRC P9 - Lena Solar, LLC",IL,2.0,1,False
64050,"Anderson Solar Farm, LLC",SC,2.0,1,False
64051,"Briarwood Solar, LLC",SC,2.0,1,False
64054,"Pontiac Solar, LLC",IL,2.0,1,False
64055,Rockford Baxter Rd Holdco LLC CSG,IL,2.0,1,False
64056,"Sandoval Holdco, LLC",IL,2.0,1,False
64089,"Pine Road Solar, LLC",IL,2.0,1,False
64103,"13 Mile Solar, LLC",MI,2.0,1,False
64104,"Captain Solar, LLC",MI,2.0,1,False
64105,"Coldwater Solar, LLC",MI,2.0,1,False
64106,"Geddes 1 Solar, LLC",MI,2.0,1,False
64111,"Jack Francis Solar, LLC",MI,2.0,1,False
64112,"May Shannon Solar, LLC",MI,2.0,1,False
64113,"Stoneheart Solar, LLC",MI,2.0,1,False
64114,"Workman Road Solar Farm, LLC",MI,2.0,1,False
64098,"Clendenin A Community Solar, LLC",IL,2.0,1,False
64099,"Kern A Community Solar, LLC",IL,2.0,1,False
64100,Lukuc B Community Solar LLC,IL,2.0,1,False
64101,"CSG Mt. Morris 2, LLC",IL,2.0,1,False
64102,"Tower Road Solar, LLC",IL,2.0,1,False
64107,"Interchange Solar, LLC",MI,2.0,1,False
64096,"RPSC Solar 3, LLC",SC,2.0,1,False
64143,"Hendershot Solar, LLC",MI,2.0,1,False
64142,"Hazel Solar, LLC",MI,2.0,1,False
64141,"Geddes 2 Solar, LLC",MI,2.0,1,False
64140,"Bullhead Solar, LLC",MI,2.0,1,False
64139,"Angola Solar, LLC",MI,2.0,1,False
64160,SoCore Clovis 1 LLC,NM,2.0,1,False
64193,Washingtonville Solar LLC,NY,2.0,1,False
64200,BWC Bass River LLC,MA,2.0,1,False
64192,Slate Hill Solar LLC,NY,2.0,1,False
64240,"Madera DP 2, LLC",CA,2.0,2,False
64256,"Van Buren Solar, LLC",NC,2.0,1,False
64257,"Naples Casco Solar 1, LLC",ME,2.0,1,False
64254,"Adams Solar SC, LLC",SC,2.0,1,False
64295,SPG IL Brush Creek I Solar LLC,IL,2.0,1,False
64297,"Segunda Solar II, LLC",IL,2.0,1,False
64298,"Woodlawn Solar II, LLC",IL,2.0,1,False
64299,"Dodds Solar, LLC",IL,2.0,1,False
64300,"Olmstead Solar II, LLC",IL,2.0,1,False
64301,"Wolfcastle Solar, LLC",IL,2.0,1,False
64304,Morgan Solar 1 LLC,IL,2.0,1,False
64305,Morgan Solar 1b LLC,IL,2.0,1,False
64316,IGS Solar LLC,IL,2.0,1,True
64330,Kearsarge East Providence LLC,RI,2.0,1,False
64338,"Long John Solar, LLC",IL,2.0,1,False
64337,"Woodlawn Solar, LLC",IL,2.0,1,False
64336,SPG IL Hurricane Creek Solar LLC,IL,2.0,1,False
64335,"Viking Solar, LLC",IL,2.0,1,False
64334,"Freehold Solar, LLC",NY,2.0,1,False
64333,"Moraine Solar, LLC",IL,2.0,1,False
64372,Keeversville Solar Energy Center LLC,IL,2.0,1,False
64399,Trona Solar III LLC,CA,2.0,1,False
64414,SV CSG Gardner 1 LLC,IL,2.0,1,False
64413,"Pretzel Solar, LLC",IL,2.0,1,False
64412,"Prophet Solar, LLC",IL,2.0,1,False
64411,"Gala Solar, LLC",IL,2.0,1,False
64470,"71CFR WHAM8 Solar, LLC",MA,2.0,2,False
64502,"Ridgeback Solar, LLC",NC,2.0,1,False
64558,OK Produce,CA,2.0,1,False
64725,Bodega Avenue Solar LLC,CA,2.0,2,False
64811,42nd Road Solar LLC,IL,2.0,1,False
66804,LSE Corona Austrina LLC,MA,2.0,1,False
64884,"Wachusett Solar, LLC",MA,2.0,1,False
64901,TPE MD MO32 LLC,MD,2.0,1,False
64902,TPE MD MO33 LLC,MD,2.0,1,False
64938,"Faunce Corner Road Dartmouth Solar 1, LLC",MA,2.0,2,False
64939,"Ventura Drive Dartmouth Solar 1, LLC",MA,2.0,2,False
64940,"Cattail Solar, LLC",IL,2.0,1,False
64980,"Long Plain Solar, LLC",MA,2.0,1,False
64990,"Rockford CS 1, LLC",IL,2.0,1,False
64988,"Rockford CS 2, LLC",IL,2.0,1,False
65005,"Kaiser Creek Solar, LLC",OR,2.0,1,False
65009,"Ahern Community Solar I, LLC",IL,2.0,1,False
65024,"Alden Road Harvard Solar 1, LLC",IL,2.0,1,False
65030,"Cream Street Solar, LLC",NY,2.0,1,False
65028,Little Falls Solar,NY,2.0,1,False
65029,"Little Falls Solar 1, LLC",NY,2.0,1,False
65041,"Ogburn Solar, LLC",SC,2.0,1,False
65038,"Magdaline Solar, LLC",SC,2.0,1,False
65058,SV CSG Baileyville 1 LLC,IL,2.0,1,False
65049,Elba Solar LLC,IL,2.0,1,False
65050,SV CSG South Dekalb 1 LLC,IL,2.0,1,False
65051,SV CSG South Dekalb 2 LLC,IL,2.0,1,False
65057,SV CSG Barrass Farms II LLC,IL,2.0,1,False
65056,NY - Mines Press,NY,2.0,2,False
65068,"Limelight Solar I, LLC",SC,2.0,1,False
65067,"233 Randolph 74 Solar I, LLC",NC,2.0,1,False
65077,SV CSG Baileyville 2 LLC,IL,2.0,1,False
65087,"SMS DC CS01B, LLC",DC,2.0,1,False
65198,"IL Sidney Project1, LLC",IL,2.0,1,False
65197,"Clay FC, LLC",IL,2.0,1,False
65199,"IL West Hallock Project1, LLC",IL,2.0,1,False
65246,"Marlborough Solar, LLC",NY,2.0,1,False
65253,"Electric Avenue Lunenburg Solar 1, LLC",MA,2.0,2,False
65254,"Harbor Road Solar 1, LLC",MA,2.0,1,True
65248,"OE IL Solar 3, LLC",IL,2.0,1,False
65249,"French Road Solar II, LLC",IL,2.0,1,False
65251,"Rockford Solar, LLC",IL,2.0,1,False
65351,"NextGrid Cliffrose, LLC",ME,2.0,1,False
67318,West Tambo Clean Power II,CA,2.0,1,False
65582,"7th Road Solar 1, LLC (Briscoe 1A)",IL,2.0,1,False
65583,"7th Road Solar 2, LLC (Briscoe 2A)",IL,2.0,1,False
65568,"Catalyze Sunnyvale 367 Long Creek Road Microgrid, LLC",TX,2.0,1,True
65673,"Blackwell Test Facility, LLC",CA,2.0,1,False
65662,KDC Solar CV Ascend One LLC,MD,2.0,1,False
65663,KDC Solar CV Cedar Lane Park LLC,MD,2.0,1,False
65664,KDC Solar CV Central MD Regional Transit LLC,MD,2.0,1,False
65665,KDC Solar CV Animal Control LLC,MD,2.0,1,False
65666,KDC Solar CV O'Donnell Property LLC,MD,2.0,1,False
65704,Oxon Run Community Renewable Energy Facility,DC,2.0,1,False
65993,"SR Clarksville, LLC",TN,2.0,1,False
65988,"Township Road 215 Solar Project 2021, LLC",OH,2.0,1,False
66033,Groton BESS 2 LLC,MA,2.0,1,False
66067,Groton BESS 1 LLC,MA,2.0,1,False
66037,"SR White Pine, LLC",TN,2.0,1,False
66146,"Ruggirello Solar, LLC",NY,2.0,1,False
66161,"FFP MD Freeland Project1, LLC",MD,2.0,1,False
66167,LSE Coma Berenices LLC,CT,2.0,1,False
66168,LSE Canes Venatici LLC,CT,2.0,1,False
66197,LSE Delphinus LLC,CT,2.0,1,False
66198,LSE Pictor LLC,CT,2.0,1,False
66215,LSE Phoenix LLC,CT,2.0,1,False
66222,"Lower Road II, LLC",NY,2.0,1,False
66223,"Lower Road III, LLC",NY,2.0,1,False
66231,LSE Indus LLC,CT,2.0,1,False
66109,"Entegrity Solar ACC, LLC",AR,2.0,1,False
66267,"Solar DG IL 4, LLC",IL,2.0,1,False
66349,"DG Harlem, LLC",IL,2.0,1,False
66353,"Solar DG IL 2, LLC",IL,2.0,1,False
66529,Mompano,OR,2.0,1,False
66573,EDPRNA DG VA Manassas LLC,VA,2.0,1,False
66743,"DG Sand Prairie, LLC",IL,2.0,1,False
66810,"Dover Solar, LLC",OR,2.0,1,False
66840,Solar DG IL 3 LLC,IL,2.0,1,False
66854,"Catalyze Bedford Park 7035 W 65th Street Microgrid, LLC",IL,2.0,1,True
66921,"Catalyze Bedford Park 6901 W 65th Street Microgrid, LLC",IL,2.0,1,True
67065,MD CDG 001 LLC,MD,2.0,1,False
67066,MD CDG 002 LLC,MD,2.0,1,False
67067,ME CDG 004 LLC,ME,2.0,1,False
67068,ME CDG 005 LLC,ME,2.0,1,False
67078,A2B Development LLC dba Mars Energy Development,CA,2.0,2,False
67087,"Aligned Digesters Co., LLC",CA,2.0,2,False
67108,"DG Richmond, LLC",IL,2.0,1,False
67118,"Newark Road Kendall Solar 1, LLC",IL,2.0,1,False
67213,"MMPS1, LLC",NE,2.0,1,False
67219,Solar DG MD Ten Oaks LLC,MD,2.0,1,False
67290,"SV CSG Gander Farms 1 A, LLC",IL,2.0,1,False
67297,"10601 Seymour Ave East, LLC",IL,2.0,1,False
67501,Pilot Rock Solar 1 LLC,OR,2.0,1,False
67531,MEVS LLC,ME,2.0,1,False
67752,"Lebanon West Lebanon Solar 1, LLC",ME,2.0,1,False
67755,Blackwater Rd Solar LLC,NH,2.0,1,False
67831,"IL Solar Brimfield Project2, LLC",IL,2.0,1,False
67893,"SREOG ME Credit Seller 1, LLC",ME,2.0,1,False
67882,"SREOG Partnership 3, LLC",ME,2.0,1,False
67981,"IL Solar Lena Project1, LLC",IL,2.0,1,False
67982,"IL Solar Lena Project2, LLC",IL,2.0,1,False
67983,"IL Solar Chillicothe Project1, LLC",IL,2.0,1,False
67984,"IL Solar Sidney Project1, LLC",IL,2.0,1,False
67990,"IL Solar Shabbona Project1, LLC",IL,2.0,1,False
68008,"Belvidere Landfill Solar 2 East, LLC",IL,2.0,1,False
68023,"IL Solar Brimfield Project 1, LLC",IL,2.0,1,False
68025,Glen Burnie Landfill Solar LLC,MD,2.0,1,False
68026,"IL Solar St. Anne Project1, LLC",IL,2.0,1,False
11359,The Town of Lyndon Elec Dept - (VT),VT,1.9,3,False
4386,Cornell Renewable,NY,1.9,2,False
56026,MMA DAS Power,CO,1.9,1,False
56493,RV CSU Power LLC,CO,1.9,1,False
61055,FRB Solar LLC,AZ,1.9,1,False
58148,U.S. General Services Administration,IN,1.9,1,False
58164,"180 Raritan Energy Solutions, LLC",NJ,1.9,1,False
58488,Alaska Environmental Power,AK,1.9,3,False
59506,"Valentine Wind, LLC",NE,1.9,1,False
59508,"Barton Solar, LLC",VT,1.9,1,False
59543,Heartland Community College,IL,1.9,2,False
59648,Lockheed Martin Solar System,FL,1.9,1,False
59894,"HCE Johnston I, LLC",NC,1.9,1,False
60302,"Wind GEM, LLC",IA,1.9,1,False
60529,"Sutton Solar, LLC",MA,1.9,1,False
60618,"Lindberg Field Solar 2, LLC",CA,1.9,1,False
60655,"Bullock Road Solar 1, LLC",MA,1.9,1,False
60653,"Stafford St Solar 2, LLC",MA,1.9,1,False
60833,"Finger Lakes Solar I, LLC",NY,1.9,1,False
60921,"Farley Road Solar, LLC",MA,1.9,1,False
60926,"Hatfield Renewables, LLC",MA,1.9,1,False
61091,Hopewell Valley High School,NJ,1.9,2,False
61152,Good Samaritan Hospital,NY,1.9,3,False
61211,Montgomery County Solar,MD,1.9,1,False
61269,"Cougar Solar, LLC",NC,1.9,1,False
61872,Gavilan District College Solar Project,CA,1.9,2,False
61700,"Hadley 2 Solar, LLC",MA,1.9,1,False
61698,"Dudley Solar, LLC",MA,1.9,1,False
62053,Kearsarge GB LLC,MA,1.9,1,False
62055,Kearsarge Uxbridge LLC,MA,1.9,1,False
63442,Mount Hope Solar 2 LLC,NY,1.9,1,False
63443,Mount Hope Solar 1 LLC,NY,1.9,1,False
64220,"Solar Star Prime 5, LLC",IL,1.9,1,False
64440,"ESIL-AL-Melrose, LLC",IL,1.9,1,False
64891,"Richlands Solar, LLC",NC,1.9,1,False
64890,"Cruise Solar, LLC",NC,1.9,1,False
64903,"Snowden River Parkway, LLC",MD,1.9,1,False
64818,Kearsarge Acushnet LLC,MA,1.9,1,False
65007,"Sandy River Solar, LLC",OR,1.9,1,False
65214,"Solar Star Prime 6, LLC",IL,1.9,1,False
65256,"Solar Star Urbana Landfill East, LLC",IL,1.9,1,False
65257,"Solar Star Urbana Landfill Central, LLC",IL,1.9,1,False
65403,WEB Brimfield Solar LLC,MA,1.9,1,False
65498,"Emerald Marshfield, LLC",MA,1.9,1,False
65565,"Catalyze Houston Express Lane Microgrid, LLC",TX,1.9,1,True
65628,North Kingstown Solar LLC,RI,1.9,1,False
66807,"Marquam Creek Solar, LLC",OR,1.9,1,False
67367,Palm Springs USD,CA,1.9,2,False
14839,City of Peru - (IN),IN,1.8,1,False
4919,City of Dayton - (IA),IA,1.8,1,False
19037,Tower Kleber Ltd Partnership,MI,1.8,4,False
2220,Brigham City Corporation,UT,1.8,3,False
9143,Hydro Technology Systems Inc,WA,1.8,4,False
5056,City of Denison - (IA),IA,1.8,1,False
5563,City of Earlville - (IA),IA,1.8,1,False
21690,Moose International,IL,1.8,4,False
66645,Watershed Hydropower Corp,NY,1.8,1,False
13542,Newman & Co Inc,PA,1.8,1,False
12221,Monterey One Water,CA,1.8,3,False
50114,"WTG Jameson, L.P.",TX,1.8,4,False
57231,MM Tulare Energy LLC,CA,1.8,2,False
4794,City of Danville - (VA),VA,1.8,1,False
62697,"Kettle Butte Digester, LLC",ID,1.8,2,False
56783,Romark Logistics of PA Inc.,PA,1.8,1,False
57318,"Luminace Solar Net Metering, LLC",MA,1.8,1,False
58373,CU Solar LLC,OH,1.8,1,False
58511,SunGen Sharon 1 LLC,VT,1.8,1,False
58578,PPS Berkshire Solar LLC,MA,1.8,1,False
58709,Richland Center Renewable Energy LLC,WI,1.8,2,False
222,City of Akron - (OH),OH,1.8,3,False
58949,Hangar 160 LLC,CO,1.8,1,False
59156,Wapsie Valley Creamery,IA,1.8,1,False
59685,JPMorgan Chase Bank,DE,1.8,2,False
61028,LSE Cassiopeia LLC,MA,1.8,1,False
61146,"Ameresco, Inc - Weston",MA,1.8,1,True
61254,"August Wind Energy, LLC",IA,1.8,1,False
61599,"Mecklenburg Solar, LLC",NY,1.8,1,False
61676,"Roseman Energy, LLC",IA,1.8,1,False
61681,Minisink Solar 1 LLC,NY,1.8,1,False
61706,Birch Power LLC,IA,1.8,1,False
61692,"Ashby Solar, LLC",MA,1.8,1,False
61821,"Northstar Macy's Maryland 2015, LLC",MD,1.8,1,False
63291,NYPH - Lawrence,NY,1.8,4,False
63903,Two Dot Wind Broadview East LLC,MT,1.8,1,False
63905,"GD Glocester White Oak I, LLC",RI,1.8,1,False
64236,Kearsarge Upper Union LLC,MA,1.8,2,False
65004,"Fruitland Creek Solar, LLC",OR,1.8,1,False
65474,"Signal Street Operating, LLC",CA,1.8,1,False
65990,Belmar Gateway Solar LLC,NJ,1.8,1,False
66221,Finchville Tpke LLC,NY,1.8,1,False
66214,Union Sanitary District,CA,1.8,2,False
66239,"Entegrity Solar El Dorado SD, LLC",AR,1.8,1,False
66304,PFMD LL Baltimore LLC,MD,1.8,1,False
66541,"Solar DG CA Long Beach, LLC",CA,1.8,1,False
66788,Aegean Drive Solar LLC,MA,1.8,1,False
66993,"REC CSD, LLC",CA,1.8,1,False
67317,Danton XI Solar LLC,MA,1.8,1,False
67785,DS Containers LLC,IL,1.8,1,False
7486,City of Grand Junction - (IA),IA,1.7,1,False
5097,City of Deshler - (NE),NE,1.7,2,False
4959,Aniak Light & Power Co Inc,AK,1.7,3,False
9188,"I-N-N Electric Coop, Inc",AK,1.7,5,False
13442,New Hampshire Hydro Associates,NH,1.7,1,False
64173,SLB Milbank LLC,SD,1.7,1,False
65897,"Stahl Wind Energy, LLC (Longroad)",MN,1.7,1,False
65898,"Carstensen Wind, LLC (Longroad)",MN,1.7,1,False
65899,Northern Lights Wind LLC (Longroad),MN,1.7,1,False
65909,"Lucky Wind, LLC (Longroad)",MN,1.7,1,False
65907,"Greenback Energy, LLC (Longroad)",MN,1.7,1,False
56617,Iowa Lakes Community College,IA,1.7,1,False
56742,Notus Clean Energy LLC,MA,1.7,1,False
57046,University of Minnesota Morris Campus,MN,1.7,1,False
57138,University of Minnesota WCROC,MN,1.7,1,False
58157,Prairie Horizon Agri Energy LLC,KS,1.7,1,False
58583,Museum of Science and Industry,IL,1.7,1,False
67156,Toledo Zoological Society,OH,1.7,1,False
60567,"Green Energy Machine, LLC",IA,1.7,1,False
60578,"CCC Hastings Renewable Energy, LLC",NE,1.7,1,False
61275,Seward Wind LLC,NE,1.7,1,False
61597,Caldwell Wastewater Treatment Plant,NJ,1.7,2,False
62749,Carolina Poultry Power,NC,1.7,3,False
63706,Newton Municipal Solar LLC - Rumford,MA,1.7,1,False
66268,"Solar DG IL 5, LLC",IL,1.7,1,False
10539,"La Plata Electric Assn, Inc",CO,1.7,1,False
66839,Solar DG IL 1 LLC,IL,1.7,1,False
67198,"KP South Sacramento Hospital Solar, LLC",CA,1.7,1,False
67262,KP Ontario Vineyard O.P. Surgicenter B Solar LLC,CA,1.7,1,False
14216,City of Osceola - (AR),AR,1.6,1,False
8490,City of Herington - (KS),KS,1.6,1,False
5850,City of Emerson - (NE),NE,1.6,3,False
12119,McGrath Light & Power Co,AK,1.6,4,False
16990,Sheep Creek Hydro Inc,WA,1.6,2,False
56844,Blackstone Hydro Inc.,RI,1.6,4,False
56843,Banister Hydro LP,VA,1.6,3,False
22614,Rocky Brook Electric Inc,WA,1.6,1,False
24979,Ampersand Chasm Hydro LLC,NY,1.6,2,False
5187,Douglas County - (OR),OR,1.6,2,False
11716,Marsh Valley Development Inc,ID,1.6,1,False
60082,ECOsponsible LLC,NY,1.6,4,False
10963,"Lewiston, City of - (ME)",ME,1.6,3,False
19102,Transcontinental Gas PL Corp,MS,1.6,2,False
29729,"Davenport, City of - (IA)",IA,1.6,2,False
54916,Phillips 66 Billings Refinery,MT,1.6,1,False
56718,DF-AP #1 LLC,ID,1.6,2,False
56760,Davidson Gas Producers LLC,NC,1.6,1,False
56898,City of Sunnyvale WPCP - (CA),CA,1.6,2,False
17573,South San Joaquin Irr District,CA,1.6,2,False
57197,Santa Cruz Energy LLC,CA,1.6,1,False
57285,Roseburg LFG Energy LLC,OR,1.6,1,False
63330,"Televison City Studios, LLC.",CA,1.6,1,False
58389,Luther College Wind Energy Project LLC,IA,1.6,1,False
58444,"Cumberland Rose Wind Energy, LLC",IA,1.6,1,False
58445,"Forward Fontanelle Power, LLC",IA,1.6,1,False
58446,"Greenfield Wind Power, LLC",IA,1.6,1,False
58447,"Meadow Ridge Wind Energy, LLC",IA,1.6,1,False
58448,"Sky Volt, LLC",IA,1.6,1,False
58449,"Wiota Wind Energy, LLC #1",IA,1.6,1,False
58860,Southbridge Recycling and Disposal Park,MA,1.6,1,False
59177,Petra Engineering,NC,1.6,1,False
61909,Equilon Enterprises LLC d/b/a Shell Oil,OR,1.6,1,False
59805,"BWC Swan Pond River, LLC",MA,1.6,1,False
59838,"SunE DB27, LLC",MD,1.6,1,False
60003,Zero Waste Energy Development Company LLC,CA,1.6,2,False
60047,Clean Water Services,OR,1.6,2,False
60800,"Soltage VUL 1600 Chemung, LLC",NY,1.6,1,True
60478,South Atlantic Services Inc,NC,1.6,1,False
61023,Sabert Corporation,NJ,1.6,1,False
61132,"Syncarpha Lexington, LLC",MA,1.6,1,False
61163,Denver Metro Solar LLC,CO,1.6,1,False
61322,"TIG Sun Energy IV, LLC",SC,1.6,1,False
61362,GWCC PV Solar Farm,MD,1.6,1,False
67228,Mondelez Global LLC (Twin Falls),ID,1.6,1,False
61927,Bell Bay Solar Farm,SC,1.6,1,False
13216,Nashville Electric Service,TN,1.6,1,False
62059,Kearsarge Wilmington LLC,MA,1.6,1,False
62110,Rockland Bakery Inc.,NY,1.6,4,False
62904,"Syncarpha El Rito I, LLC",NM,1.6,1,False
62906,"Syncarpha Questa I, LLC",NM,1.6,1,False
63054,Francis Scott Key Mall,MD,1.6,1,False
63333,NYU Langone - Orthopedic,NY,1.6,2,False
63347,North Central Bronx Hospital,NY,1.6,2,False
63371,Montefiore Nyack Hospital,NY,1.6,3,False
63740,Captona A Street 2 Johnston LLC,RI,1.6,1,False
64507,"North Haven Solar One, LLC",CT,1.6,1,False
64755,Gilead Sciences Inc. Foster City,CA,1.6,3,False
65497,"Emerald Gardens PKI, LLC",CT,1.6,2,False
66196,"RPNY Solar 7, LLC",NY,1.6,1,False
67431,Kelso Community Solar I LLC,MD,1.6,1,False
13739,Northeast Power,NE,1.6,1,False
12114,City of McGregor- (IA),IA,1.5,2,False
14597,Algonquin Northern Maine,ME,1.5,1,False
695,City of Ansley - (NE),NE,1.5,2,False
10525,La Farge Municipal Electric Co - (WI),WI,1.5,1,False
4775,Dakota Magic Casino,ND,1.5,1,False
7049,General Electric Aircraft Engines,MA,1.5,1,False
54696,Little Mac Power Company,ID,1.5,4,False
4980,Haw River Hydro Co,NC,1.5,2,False
13657,Norfork Southern Corp,PA,1.5,1,False
24010,University of San Francisco,CA,1.5,1,False
22045,City of Oxnard - (CA),CA,1.5,3,False
7857,Great Lakes Tissue Co,MI,1.5,1,False
20854,Winnebago County - (WI),WI,1.5,2,False
21116,YKK USA Inc,GA,1.5,4,False
10046,Kas Brothers Windfarm LLC,MN,1.5,1,False
56410,Mesalands Community College,NM,1.5,1,False
56874,Winona County Wind LLC,MN,1.5,1,False
56962,"Wolverine Wind Energy, LLC",IA,1.5,1,False
56961,"Bulldog Wind Energy, LLC",IA,1.5,1,False
56984,"Temescal Canyon RV, LLC",CA,1.5,1,False
57077,Adams Electric Cooperative,IL,1.5,1,False
57154,Heliocentric LLC,CA,1.5,1,False
57159,L-8 Solar Project LLC,CA,1.5,1,False
57194,City of Industry - (CA),CA,1.5,1,False
57273,SS San Antonio West LLC,CA,1.5,1,False
57409,Buffalo Center Wind LLC,IA,1.5,1,False
57443,MWRA Charlestown,MA,1.5,1,False
57468,PRC-Desoto Intl Corp./PPG,CA,1.5,2,False
67062,Taft Associates c/o Wilson Associates,NJ,1.5,1,False
58363,Oakley Solar Project LLC,CA,1.5,1,False
58366,Toro Energy of California SLO,CA,1.5,1,False
58387,Solar Star New Jersey VI LLC,NJ,1.5,1,False
58564,Paramount Group Inc,CA,1.5,3,False
58627,Puget Sound Hydro LLC,WA,1.5,1,True
58681,MSM Solar LLC,NM,1.5,1,False
58795,Hamilton Wind Energy LLC,IA,1.5,1,False
58821,Camelot Wind LLC,MA,1.5,1,False
58839,Central Valley Ag Power LLC,CA,1.5,1,False
58888,City of Pittsfield - (MA),MA,1.5,1,False
59063,"Camden Solar Center, LLC",NJ,1.5,1,False
59097,WED NK Green LLC,RI,1.5,1,False
59105,"WED Coventry One, LLC",RI,1.5,1,False
59107,"WED Coventry Three, LLC",RI,1.5,1,False
59108,"WED Coventry Four, LLC",RI,1.5,1,False
66306,Town Of Cary - (NC),NC,1.5,1,False
59205,"Baker Station Associates, LP",CA,1.5,2,False
59229,Denver Int'l Airport IV Solar,CO,1.5,1,False
59493,Scituate Wind LLC,MA,1.5,1,False
8773,"Holy Cross Electric Assn, Inc",CO,1.5,1,False
59568,"SUEZ North America, Inc.",NJ,1.5,1,False
59899,"Wyandot Wind 17, LLC",OH,1.5,1,False
60145,NRG Solar Las Vegas MB 2,NV,1.5,1,True
64658,"Solar Mule, LLC",ME,1.5,1,False
60644,"Ottawa Wind 24, LLC",OH,1.5,1,False
60812,Merck - Upper Gwynedd Solar Array,PA,1.5,1,False
60880,The Biltmore Company,NC,1.5,1,False
60923,"Theodore Drive Solar, LLC",MA,1.5,1,False
60975,"SR Innovation, LLC",TN,1.5,1,False
20326,Town of West Boylston - (MA),MA,1.5,1,False
15257,"Poudre Valley REA, Inc",CO,1.5,1,False
61226,"SunE Wasco SP Owner, LLC",CA,1.5,1,False
61253,"Hitchcock Hydro, LLC",MA,1.5,1,False
61346,Lisbon East,NY,1.5,1,False
61363,Seneca Nation,NY,1.5,1,False
61397,Town of Otis - (MA),MA,1.5,1,False
61576,Ameren Illinois,IL,1.5,4,True
61584,Brooklyn Hospital Center,NY,1.5,3,False
61619,St Johns Riverside Hospital,NY,1.5,2,False
61675,SS PA II PSU LLC,PA,1.5,1,False
61659,"Panda Solar NC 7 , LLC",NC,1.5,1,False
61688,ENGIE Generation North America LLC,MN,1.5,1,False
61740,"NJ Solar 1, LLC",NJ,1.5,1,False
61744,"Westminster Renewables, LLC",MA,1.5,1,False
61819,Western Sugar Cooperative - Billings,MT,1.5,1,False
61892,NYP-Lower Manhattan Hospital,NY,1.5,1,False
61897,"BWC Harlow Brook, LLC",MA,1.5,1,False
61898,"BWC Pocasset River, LLC",MA,1.5,1,False
62052,Kearsarge Johnstown 1 LLC,NY,1.5,1,False
62069,"Jiminy Peak Mountain Resort, LLC",MA,1.5,1,False
62677,Massachusetts Department of Correction,MA,1.5,1,False
62694,"Rappahannock Solar, LLC",VA,1.5,1,False
63332,Acushnet,MA,1.5,2,False
62772,CA ODEVI LLC,CA,1.5,1,False
62902,"Highline Services, LLC",CO,1.5,1,False
62947,Johnson Melloh Solutions,IN,1.5,2,False
63055,Altamonte Mall,FL,1.5,1,False
63245,Montefiore Weiler (Einstein) Hospital,NY,1.5,3,False
63293,Mount Sinai - Brooklyn,NY,1.5,3,False
64745,"KP Vacaville Solar, LLC",CA,1.5,1,False
63625,"CCUA Solar, LLC",NJ,1.5,1,False
63744,Captona Carver LLC,MA,1.5,1,False
64585,"JDC 65R Owner, LLC",MA,1.5,1,False
64053,"Gold Mine Solar, LLC",SC,1.5,1,False
64382,UXI CSG Venture 1 8301 LLC,CO,1.5,1,False
64457,"VCP Realty, LLC",CT,1.5,1,False
64486,"DG Nebraska Energy Storage, LLC",NE,1.5,1,False
64529,ASA Gouverneur NY Solar I LLC,NY,1.5,1,False
64550,UXI CSG Venture 2 8302 LLC,CO,1.5,1,False
64551,UXI CSG Venture 3 8303 LLC,CO,1.5,1,False
64552,UXI CSG Venture 4 8304 LLC,CO,1.5,1,False
64641,"ICFTS MD Solar, LLC",MD,1.5,1,False
64795,"Green Providence Wind I, LLC",RI,1.5,1,False
65156,Kankakee Solar 2 LLC,IL,1.5,1,False
65537,Henry Miller Reclamation District,CA,1.5,1,False
66019,"SR Blount, LLC",TN,1.5,1,False
712,Arkansas River Power Authority,CO,1.5,1,False
66303,PFMD LL Jessup LLC,MD,1.5,1,False
66343,"Catalyze Rochelle Wiscold Drive Microgrid, LLC",IL,1.5,1,True
66356,Milford Pepes Farm Road Solar LLC,CT,1.5,1,False
66362,"All World Machinery Supply, Inc.",IL,1.5,1,False
66518,180th Fighter Wing,OH,1.5,1,False
66897,Barrier Solar Inc,CA,1.5,1,False
66893,Executive Parkway BR8-O Solar Project 2020 LLC,CA,1.5,2,False
66954,Stamford Health Tully Health Center,CT,1.5,2,False
67422,Liverpool Solar Partners,PA,1.5,1,False
67426,RP SCG Texas Solar LLC,TX,1.5,1,False
67972,Four Seasons LI CSG LLC,NY,1.5,1,False
68009,"Belvidere Landfill Solar 2 West, LLC",IL,1.5,1,False
5969,City of Escondido - (CA),CA,1.4,2,False
1299,"Barton Village, Inc",VT,1.4,2,False
8596,High Shoals Hydro,GA,1.4,1,False
11278,Lower Tule River Irrgtn Dist,CA,1.4,1,False
16498,SFR Hydro Cor,NH,1.4,4,False
16713,Santa Fe Irrigation District,CA,1.4,1,False
15787,Redlands Water & Power Company,CO,1.4,1,False
15795,William G. Reed Jr,WA,1.4,7,False
56839,KEI (Maine) Power Management (IV) LLC,ME,1.4,2,False
60564,GP Center Holdings LLC,GA,1.4,2,False
56397,J&A-Santa Maria II LLC,CA,1.4,1,False
56975,"Luminace Solar Maryland, LLC",MD,1.4,1,False
57123,Middlebury College Biomass,VT,1.4,2,False
57436,Molson Coors Shenandoah Brewery,VA,1.4,1,False
58213,"New Britain Renewable Energy, LLC",CT,1.4,1,False
58382,Ameresco Johnson Canyon LLC,CA,1.4,1,True
59662,"Riverside Fuel Cell, LLC",CA,1.4,1,False
59711,Bakersfield 111 LLC,CA,1.4,1,False
60182,"SRJFC, LLC",CA,1.4,1,False
63622,CVI CleanCapital Solar 7,MA,1.4,1,False
61520,Kearsarge Oppenheim LLC,NY,1.4,1,False
61538,Ecogy Delaware II LLC.,DE,1.4,1,False
62095,Connell East LLC.,NJ,1.4,1,False
62994,"Dynamic Energy Solutions, LLC",MA,1.4,1,False
65296,UB Fuel Cell,CT,1.4,1,False
63669,"San Bernardino Fuel Cell, LLC",CA,1.4,1,False
64072,"MA CS Ware West, LLC",MA,1.4,1,False
64982,"Griffin Road Solar 2, LLC",MA,1.4,1,False
65773,Renew Solar VMC LLC,CA,1.4,1,False
65827,Fork in the Road Solar LLC,NY,1.4,1,False
66355,Bollinger Canyon Road BR 1-X Solar Project 2020,CA,1.4,3,False
66727,Blackwell Creek Solar LLC,OR,1.4,1,False
66789,Banner Solar Ironwood LLC,AZ,1.4,1,False
66832,Pine Grove Solar LLC,OR,1.4,1,False
67022,CVE US EI4 Manlius North LLC,NY,1.4,1,False
67432,Kelso Community Solar II LLC,MD,1.4,1,False
67528,"Pekin Community High School, LLC",IL,1.4,1,False
67789,Trane US Inc,CO,1.4,1,False
67916,"Twin Lanterns Solar Partner, LLC",NY,1.4,1,False
67935,Brainerd Solar LLC,MN,1.4,1,False
13037,City of Mt Pleasant - (UT),UT,1.3,1,False
20848,City of Blue Hill - (NE),NE,1.3,2,False
11079,Little Rock Water Reclamation Authority,AR,1.3,1,False
5093,Desert Water Agency,CA,1.3,1,False
6789,French Paper Co,MI,1.3,4,False
10363,Koyle Hydro Inc,ID,1.3,3,False
19532,United Water Conservation District,CA,1.3,2,True
31518,City of Fort Smith - (AR),AR,1.3,1,False
61186,"DCII-250 Williams Street NW, LLC",GA,1.3,1,False
54722,Grizzly Mountain Ranch,CA,1.3,1,False
1851,"Blind Canyon Aquaranch, Inc.",ID,1.3,1,False
55832,Shane's Wind Machine LLC,MN,1.3,1,False
56702,510 REPP One LLC,NC,1.3,1,False
56994,Carlisle Area School District,PA,1.3,2,False
57078,Ecogy Pennsylvania Systems LLC,PA,1.3,1,False
57383,Wasatch View Solar LLC,UT,1.3,2,False
57420,Jordache Enterprises,NJ,1.3,1,False
58416,"California State University, Northridge",CA,1.3,3,False
67732,Mission Owner LLC,CA,1.3,1,False
60301,158th Fighter Wing,VT,1.3,1,False
60573,Oak Leaf Solar V LLC,MN,1.3,1,False
64666,"DG Webster, LLC",MA,1.3,1,False
61305,North Gooding Main Hydro LLC,ID,1.3,1,False
61348,"PCS Energy, LLC",CA,1.3,1,False
61970,St. Joseph Hospital (NY),NY,1.3,3,False
62648,"DG 1 Acquisition Co., LLC",CA,1.3,1,False
63992,"Tranquillity Solar 1, LLC",CA,1.3,1,False
64746,"KP Sacramento Point West Medical Offices Solar, LLC",CA,1.3,1,False
64532,ASA Clayton NY Solar I LLC,NY,1.3,1,False
65811,Solops 371 Hoes LLC,NJ,1.3,2,False
65969,"SR Marion, LLC",TN,1.3,1,False
66065,"CTMW Solar, LLC",CA,1.3,1,False
66212,RA Jones,KY,1.3,1,False
66238,BluePath Solar Sacramento I LLC,CA,1.3,1,False
66438,Harris Farms Inc,CA,1.3,1,False
66603,"SR Maryville, LLC",TN,1.3,1,False
66787,515 Main Saugus LLC,MA,1.3,1,False
66794,Sutter Santa Rosa Solar LLC,CA,1.3,1,False
66809,"Cork Solar, LLC",OR,1.3,1,False
66970,Macadamia Nut Road Solar Project 2019,HI,1.3,2,False
67274,"Solar DG NJ Building 7, LLC",NJ,1.3,1,False
60994,"IGS Solar I, LLC",OH,1.3,1,True
67991,"IL Solar Shabbona Project2, LLC",IL,1.3,1,False
12866,Moon Lake Electric Assn Inc,UT,1.2,2,False
8353,Sprague Hydro LLC,OR,1.2,1,False
20148,"Watervliet, City of - (NY)",NY,1.2,1,False
13353,Nelson Creek Power Inc,CA,1.2,1,False
60832,Sugar River Power LLC,NH,1.2,2,False
15286,Marco Power Inc,ID,1.2,4,False
39245,Saint John's Health Center,CA,1.2,1,False
14395,"Palm Springs, City of - (CA)",CA,1.2,1,False
11468,Madison Hydro Partners,NC,1.2,6,False
4277,Converse Energy Inc,SC,1.2,2,False
26003,City of Kankakee - (IL),IL,1.2,3,False
6527,Ford Hydro Ltd Partnership,ID,1.2,3,False
42890,City of Woonsocket - (RI),RI,1.2,1,False
1005,Avalon Hydropower LLC,NC,1.2,3,False
56537,Evonik Degussa Corporation,IN,1.2,1,False
876,Atlanta Gift Mart LP,GA,1.2,1,False
55910,Lanai Sustainability Research LLC,HI,1.2,12,False
56105,MMA WBF Power LP,CA,1.2,4,False
56681,Kent County Levy Court Dept of Pub Work,DE,1.2,1,False
58152,Amherst College,MA,1.2,1,False
58701,Maine Township High School Dist 207,IL,1.2,2,False
58977,Bridgeport Disposal LLC,NJ,1.2,1,False
59540,"SunE SEM 1, LLC",MD,1.2,1,False
59518,"Wilzig Associates, LLC",NJ,1.2,1,False
59651,Adams Community Solar Garden LLC,CO,1.2,1,False
59652,Adams Community Solar Garden III LLC,CO,1.2,1,False
59893,Northern Water Hydropower Enterprise,CO,1.2,1,False
60365,NRG Renew Canal 1 LLC,MA,1.2,1,True
61190,Town of Foxborough - Landfill (SREC II),MA,1.2,1,False
61987,Sonoma County Junior College District,CA,1.2,1,False
61928,Jamison Solar Farm,SC,1.2,1,False
61965,St. Johns Episcopal Hospital,NY,1.2,2,False
63125,Phelan Pinon Hills Community Services District,CA,1.2,1,False
63325,Montefiore-New Rochelle,NY,1.2,3,False
63452,Ralph's Grocery Company,CA,1.2,1,False
63650,Interfaith Medical Center,NY,1.2,1,False
63680,"ACM Solar, LLC.",IL,1.2,1,False
63743,Captona A Street 1 Johnston LLC,RI,1.2,1,False
64262,City of Salem Public Works - (OR),OR,1.2,1,False
64881,"Foster Solar, LLC",RI,1.2,1,False
65472,"AJMS, LLC",ID,1.2,1,False
65646,"AFTW Storage, LLC",CA,1.2,1,False
66156,"Dudley Road Solar Project 2021, LLC",NJ,1.2,1,False
66160,"Freemans Way Solar Project 2019, LLC",MA,1.2,2,False
66236,"Entegrity Solar Green Forest, LLC",AR,1.2,1,False
66894,Executive Parkway BR8-Q Solar Project 2020 LLC,CA,1.2,2,False
66895,Alcosta Boulevard BR 15-AA Solar Project 2020 LLC,CA,1.2,3,False
66896,"Alcosta Boulevard BR 15-CC Solar Project 2020, LLC",CA,1.2,3,False
66996,"REC KDO, LLC",CA,1.2,1,False
67070,NY CDG 010 LLC,NY,1.2,1,False
3373,City of Chappell - (NE),NE,1.1,1,False
8736,Hollingworth & Vose Co Center Falls,NY,1.1,3,False
55997,Domtar Paper Company Rothschild,WI,1.1,2,False
1966,Boltonville Hydro Associates,VT,1.1,3,False
56773,"Toyon Landfill Gas Conversion, LLC",CA,1.1,1,False
56107,Highwoods Properties,GA,1.1,1,False
56396,J&A-Santa Maria LLC,CA,1.1,1,False
57275,Los Angeles County Metropolitan Transportation Authority,CA,1.1,1,False
56857,SunE M5C Holdings LLC,AZ,1.1,1,False
56982,Kern Community College District,CA,1.1,1,False
57007,"SunE WF3-ST Holdings, LLC",CA,1.1,1,False
57142,Gundersen Lutheran Biogas I LLC,WI,1.1,1,False
57262,Kern County Water Agency - (CA),CA,1.1,1,False
57423,PPG Monroeville Chemicals Center,PA,1.1,2,False
57446,FRIT Solar Inc,NJ,1.1,1,False
58459,C-Drop,OR,1.1,1,False
66224,Kenvue Brands LLC,NJ,1.1,1,False
58929,Cape May County Municipal - (NJ),NJ,1.1,1,False
60532,Bernhardt Furniture Company,NC,1.1,1,False
61224,"SunE Solano SP Owner, LLC",CA,1.1,1,False
57210,L'Oreal USA Products Inc,KY,1.1,1,False
61753,Luz Solar,SC,1.1,1,False
62087,Montefiore Mount Vernon Hospital,NY,1.1,2,False
62658,Mount Joy Wire Corp,PA,1.1,1,False
62877,Jefferson Torresdale Hospital,PA,1.1,1,False
63056,Pembroke Lakes Mall,FL,1.1,1,False
63062,White Marsh Mall,MD,1.1,1,False
63283,"SR Skylark C, LLC",CO,1.1,1,False
63357,Sheriff Rd Solar LLC,MD,1.1,1,False
63827,Bioenergy DevCo,MD,1.1,1,False
64538,Donaghy Sales Inc.,CA,1.1,1,False
64747,"KP Rancho Cordova Medical Offices Solar, LLC",CA,1.1,1,False
66143,"Alcosta Boulevard BR 15-DD Solar Project 2020, LLC",CA,1.1,3,False
67214,"Solar DG MD Appleton, LLC",MD,1.1,1,False
67258,Chesapeake Beach BESS LLC,MD,1.1,1,False
67620,"Hero Drive Solar Project 2023, LLC",CA,1.1,2,False
4604,City of Crystal Falls - (MI),MI,1.0,3,False
2931,Village of Campbell - (NE),NE,1.0,1,False
15619,City of Radford - (VA),VA,1.0,1,False
19867,Village of Viola - (WI),WI,1.0,1,False
13964,Oconto Electric Cooperative,WI,1.0,2,False
59136,Ampersand Hollow Dam Hydro LLC,NY,1.0,2,False
66499,"Lyonsdale Hydroelectric Co., Inc.",NY,1.0,2,False
17460,South Oak Hospital,NY,1.0,5,False
22635,San Gabriel Valley Mun Wtr Dt,CA,1.0,1,False
64961,"Koosh, Inc.",ID,1.0,1,False
11415,"M.A. Patout & Son Limited, LLC",LA,1.0,1,False
11290,Lacomb Irrigation Dist,OR,1.0,1,False
65338,BiOrigin Specialty Products,NY,1.0,3,False
49993,Stevens Community Medical Center,MN,1.0,1,False
56028,MMA Fresno Power LP,CA,1.0,2,False
56027,MMA LA Power LP,CA,1.0,2,False
56128,SAS Institute Inc,NC,1.0,2,False
56183,SunE NC Progress 1 LLC,NC,1.0,1,False
56294,SunE WG113 Moreno Valley LLC,CA,1.0,1,False
56296,SunE WG45 Woodland LLC,CA,1.0,1,False
56297,SunE CPA CDC2 LLC,CA,1.0,1,False
65923,"SunE WF3 KHL A Holdings, LLC",CA,1.0,1,False
56302,SunE CPA CDC1 LLC,CA,1.0,1,False
56618,Victor Valley Community College District,CA,1.0,1,False
64344,City of Los Angeles Harbor Department - (CA),CA,1.0,1,False
59551,Occidental College,CA,1.0,1,False
56706,Chevron Technology Ventures,NM,1.0,1,False
56816,Masser Farms Realty Ltd,PA,1.0,1,False
65924,"FRV SI Transport Solar, L.P. (Sacremento)",CA,1.0,1,False
56863,Kapaa Solar LLC,HI,1.0,1,False
56953,"Bos Dairy, LLC",IN,1.0,1,False
64045,Alliance HP Virginia Drive LLC,PA,1.0,1,False
57005,"SunE NLB-2, LLC",CO,1.0,1,False
57006,"SunE GIL1, LLC",CA,1.0,1,False
57213,Castle Rock Cooling,CA,1.0,1,False
57328,Shore Point Solar LLC,NJ,1.0,1,False
57441,MARTA,GA,1.0,1,False
67063,Cushman Wakefield,NJ,1.0,1,False
58229,Howard County - Maryland,MD,1.0,1,False
58238,Enfinity NorCal 1 FAA LLC,CA,1.0,1,False
58435,Collinwood BioEnergy,OH,1.0,1,False
58438,Sunstream Energy LLC,PA,1.0,1,False
58501,Five Crowns Inc,CA,1.0,1,False
16622,"San Miguel Power Assn, Inc",CO,1.0,1,False
63812,"Tillamook BioGas, LLC Digester",OR,1.0,1,False
58573,Transamerica Pyramid Properties LLC,CA,1.0,2,False
58769,Sunlight General Somerset Solar LLC,NJ,1.0,1,False
58869,Case Western Reserve University,OH,1.0,1,False
66500,700Eubanks LLC,CA,1.0,1,False
58986,AgriReNew,IA,1.0,1,False
59045,Eagle Springs Solar LLC,CO,1.0,1,False
59093,"Hidden View Dairy, LLC",IN,1.0,1,False
59125,Marlboro Mushroom,PA,1.0,1,False
17826,"Springer Electric Coop, Inc",NM,1.0,1,False
59346,"Colton Solar Two, LLC",CA,1.0,1,False
59617,"Luminace Solar Georgia, LLC",GA,1.0,1,False
59773,"SunE Solar XVI Lessor, LLC",CA,1.0,1,False
60217,San Bernardino Valley Mun. Water Dist.,CA,1.0,1,False
60462,Community Foodbank of NJ,NJ,1.0,1,False
60955,"Summit Water Nexus, Mount Holly, LLC",NJ,1.0,1,False
60516,NES Rutgers LLC,NJ,1.0,1,False
60166,Materials Innovation Recycling Authority,CT,1.0,1,False
60572,AlsoEnergy,CA,1.0,1,False
14289,Ozarks Electric Coop Corp - (AR),AR,1.0,1,False
60654,"Stafford St Solar 3, LLC",MA,1.0,1,False
60675,Montefiore-Westchester Square,NY,1.0,1,False
27316,Town of Stowe - (VT),VT,1.0,1,False
60818,"J.T. Hobby and Son, Inc.",NC,1.0,1,False
60864,Glopak Corporation,NJ,1.0,2,False
60925,"Pleasantdale Road Solar, LLC",MA,1.0,1,False
61043,LSE Canis Minor LLC,CT,1.0,1,False
61105,ABEC #2 LLC,CA,1.0,1,False
61106,ABEC #3 LLC,CA,1.0,1,False
61107,ABEC #4 LLC,CA,1.0,1,False
61108,RJC I CSG LLC,MN,1.0,1,False
61109,Huneke I CSG LLC,MN,1.0,1,False
61114,School Sisters CSG LLC,MN,1.0,1,False
61147,"Ameresco, Inc - Braintree",MA,1.0,1,True
61164,The Allen Hospital,NY,1.0,1,False
61168,Veseli Solar I LLC,MN,1.0,1,False
61169,New Germany Solar I LLC,MN,1.0,1,False
61170,Lake Waconia Solar LLC,MN,1.0,1,False
61171,Lake Waconia Solar IV LLC,MN,1.0,1,False
61172,Zumbro Solar LLC,MN,1.0,1,False
64665,"DG Tufts Science, LLC",MA,1.0,1,False
61285,RJC II CSG LLC,MN,1.0,1,False
61256,Betcher CSG LLC,MN,1.0,1,False
61287,Johnson I CSG LLC,MN,1.0,1,False
61303,Grimm CSG LLC,MN,1.0,1,False
61309,Johnson II CSG LLC,MN,1.0,1,False
61347,Scotch Settlement,NY,1.0,1,False
61364,Lockheed Martin RMS Syracuse,NY,1.0,1,False
61390,"Syncarpha Hancock III, LLC",MA,1.0,1,False
61418,"Stage Gulch Solar, LLC",CA,1.0,1,False
61417,"Lavio Solar, LLC",CA,1.0,1,False
61409,Heyer CSG LLC,MN,1.0,1,False
61420,ENGIE Storage Services NA LLC,CA,1.0,1,False
66995,Corix Cleveland Thermal Generating LP,OH,1.0,2,False
61573,"Prinsburg CSG I, LLC",MN,1.0,1,False
61571,"Clara City CSG I, LLC",MN,1.0,1,False
61616,Solar Provider Group MN I LLC,MN,1.0,1,False
61612,"Panda Solar NC 1, LLC",NC,1.0,1,False
61658,"Panda Solar NC 5, LLC",NC,1.0,1,False
61660,"Panda Solar NC 6, LLC",NC,1.0,1,False
61679,MSC-GreyCloud01 LLC,MN,1.0,1,False
61680,MSC-Scandia01 LLC,MN,1.0,1,False
61685,"Syncarpha Eagle Nest I, LLC",NM,1.0,1,False
61756,Otis Elevator Company,SC,1.0,1,False
61896,"BWC Wareham River, LLC",MA,1.0,1,False
61957,Kearny Mesa Storage LLC,CA,1.0,1,False
62035,MSC-Scott01 LLC,MN,1.0,1,False
62038,MSC-Chisago01 LLC,MN,1.0,1,False
62039,MSC-Rice01 LLC,MN,1.0,1,False
62037,MSC-Chisago02 LLC,MN,1.0,1,False
62660,"MSC-Empire01, LLC",MN,1.0,1,False
62655,RC Energy AA LLC,NM,1.0,1,False
62712,Winona Solar I LLC,MN,1.0,1,False
62711,Wabasha Solar LLC,MN,1.0,1,False
62767,"Phoenix Contact Services, Inc",PA,1.0,1,False
62962,Hartmann Community Solar LLC,MN,1.0,1,False
62963,E. Goenner Community Solar LLC,MN,1.0,1,False
62964,Prawer Community Solar LLC,MN,1.0,1,False
62965,Schwinghamer Community Solar LLC,MN,1.0,1,False
62966,STAG St. Paul Community Solar LLC,MN,1.0,1,False
60474,"Vanguard Energy Partners, LLC",NJ,1.0,2,False
63106,"Sutton Solar 2, LLC",MA,1.0,1,False
63131,Strandness Garden LLC,MN,1.0,1,False
63143,Falls Creek Garden LLC,MN,1.0,1,False
63144,Star Garden LLC,MN,1.0,1,False
63157,Buffalo Garden LLC,MN,1.0,1,False
63158,Loon Garden LLC,MN,1.0,1,False
63159,Stearns Solar I LLC,MN,1.0,1,False
63160,Olinda Trail Solar LLC,MN,1.0,1,False
63161,New Munich Solar LLC,MN,1.0,1,False
63162,Clara City Solar LLC,MN,1.0,1,False
63171,Straight Garden LLC,MN,1.0,1,False
63172,Leven Garden LLC,MN,1.0,1,False
63173,Zumbro Garden LLC,MN,1.0,1,False
63175,Mud Garden LLC,MN,1.0,1,False
63176,Erin Garden LLC,MN,1.0,1,False
63177,Chub Garden LLC,MN,1.0,1,False
63174,Maston Garden LLC,MN,1.0,1,False
63198,RE-VFO LLC,CA,1.0,2,False
63219,Roberds Garden LLC,MN,1.0,1,False
63215,Clear Garden LLC,MN,1.0,1,False
63282,"SR Kersey II, LLC",CO,1.0,1,False
63345,Flodquist Community Solar LLC,MN,1.0,1,False
63365,Siems Community Solar LLC,MN,1.0,1,False
63366,Schueler Community Solar LLC,MN,1.0,1,False
63409,"GWE Cranberry Solar RT, LLC",MA,1.0,1,False
64151,Svihel Community Solar LLC,MN,1.0,1,False
64152,Studenski Community Solar LLC,MN,1.0,1,False
63610,Severson HoldCo LLC,MN,1.0,1,False
63615,"Erving Poplar Mountain Solar 1, LLC",MA,1.0,1,False
63648,Family Tree Farms,CA,1.0,1,False
63649,Mike Woolf Farming,CA,1.0,1,False
63665,"Bainbridge Solar, LLC",GA,1.0,1,False
63728,Tweite Community Solar LLC,MN,1.0,1,False
63763,Still Water Power LLC,CA,1.0,1,False
63818,Jack's Solar Garden,CO,1.0,1,False
63979,6685 Santa Barbara Ct,MD,1.0,1,False
64063,Schull CSG LLC,MN,1.0,1,False
64149,Palmer Community Solar LLC,MN,1.0,1,False
64150,Medin 2 Community Solar LLC,MN,1.0,1,False
64198,AMP MA Joe Jenny,MA,1.0,1,False
64191,Minisink Solar LLC,NY,1.0,1,False
64202,BWC Buckmaster Pond LLC,MA,1.0,1,False
64274,Swan Garden LLC,MN,1.0,1,False
66029,Novel Froehle Solar HQ LLC,MN,1.0,1,False
66030,Novel Milbradt Solar HQ LLC,MN,1.0,1,False
64441,MN CSG 2019-16 LLC,MN,1.0,1,False
66031,Novel Brock Solar HQ LLC,MN,1.0,1,False
66032,Novel Swenson Solar HQ LLC,MN,1.0,1,False
64482,Everson Garden LLC,MN,1.0,1,False
64528,Lily Garden LLC,MN,1.0,1,False
64722,Allie L.L.C.,MN,1.0,1,False
64726,"Rivers Electric, LLC",NY,1.0,2,False
64838,"Bear Grove Solar, LLC",MN,1.0,1,False
64839,"Dodge Renewables 1, LLC",MN,1.0,1,False
64840,"Dodge Renewables 2, LLC",MN,1.0,1,False
66802,LSE Crater LLC,MA,1.0,1,False
64883,"Whatley Renewables, LLC",MA,1.0,1,False
64900,MN CSG 2019-38 DE LLC,MN,1.0,1,False
64914,"SR Jackson II, LLC",TN,1.0,1,False
64930,ENGIE 2020 ProjectCo-WI1 LLC,WI,1.0,1,False
64882,"Webster Solar, LLC",MA,1.0,1,False
65158,Elora LLC,MN,1.0,1,False
65161,South Garden LLC,MN,1.0,1,False
65172,Titlow Garden LLC,MN,1.0,1,False
65190,Cannon River LLC,MN,1.0,1,False
65189,Cascade Solar LLC,MN,1.0,1,False
65188,Ballantyne LLC,MN,1.0,1,False
65250,"Rafterville Solar, LLC",MN,1.0,1,False
65560,"SOL ME Augusta 13 York Farm, LLC",ME,1.0,1,False
65595,"Wolverine Solar, LLC",MN,1.0,1,False
65935,Preston Garden LLC,MN,1.0,1,False
66093,LSE Chamaeleon LLC,MA,1.0,1,False
66230,LSE Ara LLC,MA,1.0,1,False
66237,"Entegrity Solar Crossett SD, LLC",AR,1.0,1,False
66240,"Nabholz Solar FPS Ozarks, LLC",AR,1.0,1,False
66243,"Entegrity Solar Rivercrest SD, LLC",AR,1.0,1,False
66244,"Entegrity Solar SWU, LLC",AR,1.0,1,False
66246,"Entegrity Solar Southside SD, LLC",AR,1.0,1,False
66284,"SV CSG Afton I, LLC",MN,1.0,1,False
66285,DSI Don Solar LLC,MN,1.0,1,False
66425,Delta Electronics (Americas) Ltd,CA,1.0,2,False
66514,DSI Julie Solar LLC,MN,1.0,1,False
66562,"Lake Wilson Solar, LLC",MN,1.0,1,False
66563,"Lake Lilian Solar, LLC",MN,1.0,1,False
66638,MN CSG 2019-82 LLC,MN,1.0,1,False
66639,MN CSG 2019-60 LLC,MN,1.0,1,False
66675,DG Green Arrow LLC,MN,1.0,1,False
66745,MN CSG 2019-105 LLC,MN,1.0,1,False
66746,MN CSG 2019-67 LLC,MN,1.0,1,False
66776,DIVOCSG 13 LLC,MN,1.0,1,False
66791,Millbury MA #1092 LLC,MA,1.0,1,False
66792,Millis MA 1 LLC,MA,1.0,1,False
66793,Rochester MA 2 LLC,MA,1.0,1,False
66795,Wendell MA 1 LLC,MA,1.0,1,False
66820,DIVOCSG 14 LLC,MN,1.0,1,False
66834,Round Lake Solar LLC,OR,1.0,1,False
66872,MN CSG 2019-79 LLC,MN,1.0,1,False
66873,MN CSG 2019-22 LLC,MN,1.0,1,False
66913,MN CSG 2019-77 LLC,MN,1.0,1,False
66915,"Catalyze Bolingbrook 279 Marquette Drive Microgrid, LLC",IL,1.0,1,True
66947,"North Narragansett Avenue Solar Project 2022, LLC",IL,1.0,1,False
67073,Franklin CSG 1 LLC,MN,1.0,1,False
67089,Bavaria Solar LLC,MN,1.0,1,False
67216,MN CSG 2019-113 LLC,MN,1.0,1,False
67254,BWC Mystic River LLC,MA,1.0,1,False
67255,BWC Origination 19 LLC,MA,1.0,1,False
67256,BWC Origination 8 LLC Sturbridge 1 LLC,MA,1.0,1,False
67257,BWC Origination 8 LLC Sturbridge 2 LLC,MA,1.0,1,False
67265,Reston Town Center Solar 1 LLC,VA,1.0,1,False
67276,Novel Stumpf 1 Solar LLC,MN,1.0,1,False
67342,"USF McClellan, LLC",CA,1.0,1,False
67591,Bonneville Environmental Foundation (BEF),OR,1.0,1,False
67754,"Coast Energy Holdings, LLC",NY,1.0,1,False
67899,"JBR, Inc.",CA,1.0,1,False
67936,"Ogdensburg Solar Partners, LLC",NY,1.0,1,False
58105,University of Redlands,CA,0.9,3,False
63668,Bauer Community Solar LLC,MN,0.9,1,False
64549,Phare Garden LLC,MN,0.9,1,False
65621,Crane Garden LLC,MN,0.9,1,False
65620,Fox Garden LLC,MN,0.9,1,False
65619,Pepin Garden LLC,MN,0.9,1,False
65618,Pickerel Garden LLC,MN,0.9,1,False
65617,Sturgeon Garden LLC,MN,0.9,1,False
65616,Winona Garden LLC,MN,0.9,1,False
65872,MN CSG 2019-24 LLC,MN,0.9,1,False
64147,Rice Community Solar Two LLC,MN,0.8,1,False
59223,"BFI Waste Systems of GA, LLC",GA,0.6,1,False
1278,City of Barron - (WI),WI,0.1,1,False
