source,name,states,ownership,size,size_unit,mandate_state
EIA-860,Virginia Electric & Power Co,NC VA WV,,20208.2,nameplate_mw,True
EIA-860,U S Bureau of Reclamation,AZ CA CO ID MT NM NV OR UT WA WY,,14698.1,nameplate_mw,True
EIA-860,PacifiCorp,CA ID MT OR UT WA WY,,13627.7,nameplate_mw,True
EIA-860,Southern Power Co,AL CA GA KS ME NC NM NV OK SD TX WA WV WY,,13317.8,nameplate_mw,True
EIA-860,USACE Northwestern Division,ID MT OR WA,,13111.4,nameplate_mw,True
EIA-860,Luminant Generation Company LLC,TX VA,,11291.7,nameplate_mw,True
EIA-860,Union Electric Co - (MO),IA IL MO,,10458.2,nameplate_mw,True
EIA-860,Northern States Power Co - Minnesota,MI MN ND SD WI,,10454.5,nameplate_mw,True
EIA-860,Pacific Gas & Electric Co.,CA,,7798.9,nameplate_mw,True
EIA-860,Los Angeles Department of Water & Power,CA UT WA,,7110.5,nameplate_mw,True
EIA-860,Appalachian Power Co,IL OH VA WV,,6863.0,nameplate_mw,True
EIA-860,New York Power Authority,NY,,5895.9,nameplate_mw,True
EIA-860,Wisconsin Power & Light Co,IA MN WI,,5775.3,nameplate_mw,True
EIA-860,AES Distributed Energy,AZ CA CO GA HI ID IL IN MA ME MI NC NE NJ NY PA RI SD TX UT VA WV WY,,4417.5,nameplate_mw,True
EIA-860,"EDF Renewable Asset Holdings, Inc.",CA HI IA IL KS MN NV NY OH OK OR TX,,4250.8,nameplate_mw,True
EIA-860,AES Clean Energy,AZ CA CO IL LA MA MD ME MI MO MS NY PA RI VA,,4153.7,nameplate_mw,True
EIA-860,"Leeward Asset Management, LLC",AZ CA CO IL NC NJ NM OH PA TN TX,,3535.9,nameplate_mw,True
EIA-860,Southern California Edison Co,CA,,2827.4,nameplate_mw,True
EIA-860,MN8 Energy LLC,AL AZ CA CO CT DC IL KY MA MD ME MN NC NJ NM NV NY OR PA RI TX UT VT,,2817.5,nameplate_mw,True
EIA-860,"Tri-State G & T Assn, Inc",CO NM,,2703.3,nameplate_mw,True
EIA-860,Geronimo Power,IL KY MI MN OH SD TX WI,,2689.0,nameplate_mw,True
EIA-860,"Lightsource Renewable Energy Asset Management, LLC",AL AR CA CO IN KS LA NM OH PA TX,,2574.1,nameplate_mw,True
EIA-860,Old Dominion Electric Coop,MD VA,,2282.0,nameplate_mw,True
EIA-860,"Parkway Generation Operating, LLC",NJ,,2247.8,nameplate_mw,True
EIA-860,Sacramento Municipal Util Dist,CA,,2171.7,nameplate_mw,True
EIA-860,PUD No 2 of Grant County - (WA),WA,,2170.0,nameplate_mw,True
EIA-860,Midwest Generations EME LLC,IL,,2157.6,nameplate_mw,True
EIA-860,Ravenswood Operations LLC,NY,,2095.5,nameplate_mw,True
EIA-860,City of Seattle - (WA),WA,,2048.5,nameplate_mw,True
EIA-860,PUD No 1 of Chelan County - (WA),WA,,2037.8,nameplate_mw,True
EIA-860,"Astoria Generating Company, L.P.",NY,,1950.0,nameplate_mw,True
EIA-860,Calpine Mid-Atlantic Generation LLC,DE MD VA,,1948.8,nameplate_mw,True
EIA-860,Dynegy -Moss Landing LLC,CA,,1848.0,nameplate_mw,True
EIA-860,"Chalk Point Power, LLC",MD,,1825.0,nameplate_mw,True
EIA-860,"ALLETE, Inc.",MN ND,,1804.3,nameplate_mw,True
EIA-860,Oswego Harbor Power,NY,,1803.6,nameplate_mw,True
EIA-860,Otter Tail Power Co,MN ND SD,,1774.9,nameplate_mw,True
EIA-860,Prairie State Generating Co LLC,IL,,1766.0,nameplate_mw,True
EIA-860,Linden Combined Cycle,NJ,,1740.0,nameplate_mw,True
EIA-860,"Acciona Energy USA Global, LLC",IL OH TX,,1653.7,nameplate_mw,True
EIA-860,Clearlight Energy Holdings LP,CO ID IN KS PA SD,,1642.1,nameplate_mw,True
EIA-860,"Ormond Beach Power, LLC",CA,,1612.0,nameplate_mw,True
EIA-860,California Dept. of Water Resources,CA,,1589.3,nameplate_mw,True
EIA-860,"BHE Renewables, LLC",IL KS NE TX,,1571.2,nameplate_mw,True
EIA-860,Geysers Power Co LLC,CA,,1515.4,nameplate_mw,True
EIA-860,Canal Generating LLC,MA,,1495.0,nameplate_mw,True
EIA-860,Greenbacker Renewable Energy Corporation,AR CA CO DC IA ID IL MA MD ME MI MN MT NC NJ NV NY OR PA RI SD UT VT WI,,1435.4,nameplate_mw,True
EIA-860,Brandon Shores LLC,MD,,1370.2,nameplate_mw,True
EIA-860,Dynegy Kincaid Generation,IL,,1319.0,nameplate_mw,True
EIA-860,Algonquin Power Co,CA IL MN PA TX,,1318.7,nameplate_mw,True
EIA-860,Doswell Ltd Partnership,VA,,1313.0,nameplate_mw,True
EIA-860,Cricket Valley Energy Center LLC,NY,,1312.5,nameplate_mw,True
EIA-860,"CPV Three Rivers, LLC",IL,,1300.0,nameplate_mw,True
EIA-860,"Jackson Generation, LLC",IL,,1288.6,nameplate_mw,True
EIA-860,ALLETE Clean Energy,IA MN MT ND OK OR PA,,1262.5,nameplate_mw,True
EIA-860,Dynegy Midwest Generation Inc,IL,,1259.6,nameplate_mw,True
EIA-860,Dynegy Kendall Energy LLC,IL,,1256.0,nameplate_mw,True
EIA-860,"Bowline, LLC",NY,,1242.0,nameplate_mw,True
EIA-860,CCI Roseton LLC,NY,,1242.0,nameplate_mw,True
EIA-860,"FirstLight Power Resources, Inc. - MA",MA,,1237.4,nameplate_mw,True
EIA-860,New Athens Generating Company LLC,NY,,1221.6,nameplate_mw,True
EIA-860,"Enel Green Power NA, Inc.",MN MO OK TX,,1203.4,nameplate_mw,True
EIA-860,Hawaiian Electric Co Inc,HI,,1177.7,nameplate_mw,True
EIA-860,Sithe/Independence LLC,NY,,1157.8,nameplate_mw,True
EIA-860,CXA La Paloma LLC,CA,,1156.0,nameplate_mw,True
EIA-860,"MPH Elwood, LLC",IL,,1152.0,nameplate_mw,True
EIA-860,City of Colorado Springs - (CO),CO,,1115.2,nameplate_mw,True
EIA-860,AES Alamitos LLC,CA,,1115.0,nameplate_mw,True
EIA-860,Boralex US Operations LLC,AL CA IN NM TX,,1103.2,nameplate_mw,True
EIA-860,Aurora Generation LLC,IL,,1086.2,nameplate_mw,True
EIA-860,Tenaska Virginia Partners LP,VA,,1011.4,nameplate_mw,True
EIA-860,50LW 8me LLC,CA,,1000.0,nameplate_mw,True
EIA-860,EFS Cogen Holdings I LLC,NJ,,974.1,nameplate_mw,True
EIA-860,Archer Daniels Midland Co,IA IL MN NC ND NE,,965.2,nameplate_mw,True
EIA-860,"MRP Generation Holdings, LLC",CA,,960.0,nameplate_mw,True
EIA-860,"Lincoln Operating Services, LLC",IL,,955.5,nameplate_mw,True
EIA-860,Delta Energy Center LLC,CA,,943.5,nameplate_mw,True
EIA-860,"Strata Manager, LLC",CA MO NC VT WA,,930.5,nameplate_mw,True
EIA-860,San Diego Gas & Electric Co,CA,,922.8,nameplate_mw,True
EIA-860,Northern California Power Agny,CA,,900.0,nameplate_mw,True
EIA-860,GB II New York LLC,NY,,893.1,nameplate_mw,True
EIA-860,"Arthur Kill Power, LLC",NY,,877.5,nameplate_mw,True
EIA-860,"Calpine Fore River Energy Center, LLC",MA,,872.2,nameplate_mw,True
EIA-860,PUD No 1 of Douglas County - (WA),WA,,866.8,nameplate_mw,True
EIA-860,SunEdison LLC,CA IL MA NE NJ TX,,846.6,nameplate_mw,True
EIA-860,Parkway Generation Keys Energy Center LLC,MD,,830.6,nameplate_mw,True
EIA-860,Arizona Electric Pwr Coop Inc,AZ CA,,829.5,nameplate_mw,True
EIA-860,Marsh Landing LLC,CA,,828.0,nameplate_mw,True
EIA-860,EDP Renewables North America LLC,AZ CA CO IN NV,,827.5,nameplate_mw,True
EIA-860,Ormat Nevada Inc,CA MN MT NV,,826.2,nameplate_mw,True
EIA-860,Red Oak Operating Services LLC,NJ,,821.1,nameplate_mw,True
EIA-860,Potomac Energy Center LLC,VA,,812.0,nameplate_mw,True
EIA-860,Platte River Power Authority,CO,,800.4,nameplate_mw,True
EIA-860,Sentinel Energy Center LLC,CA,,800.0,nameplate_mw,True
EIA-860,Salem Harbor Power Development LP,MA,,798.2,nameplate_mw,True
EIA-860,Essential Power Operating Services LLC,MD,,795.6,nameplate_mw,True
EIA-860,Consolidated Edison Co-NY Inc,NY,,785.4,nameplate_mw,True
EIA-860,Calpine Corp - Pastoria Energy Center,CA,,779.0,nameplate_mw,True
EIA-860,CPV Maryland LLC,MD,,775.3,nameplate_mw,True
EIA-860,H.A. Wagner LLC,MD,,773.7,nameplate_mw,True
EIA-860,Woodbridge Energy Center,NJ,,772.9,nameplate_mw,True
EIA-860,"CPV Valley, LLC",NY,,770.5,nameplate_mw,True
EIA-860,Turlock Irrigation District,CA,,766.0,nameplate_mw,True
EIA-860,Imperial Irrigation District,CA,,761.4,nameplate_mw,True
EIA-860,West Deptford Energy LLC,NJ,,754.6,nameplate_mw,True
EIA-860,"Evergreen Wind, LLC",HI MA ME NY TX UT VT,,747.2,nameplate_mw,True
EIA-860,"Altus Power America Management, LLC",CA CO DC FL GA HI IA IL IN MA MD ME MN NC NJ NM NV NY OH PA RI SC UT VT WA WI,,742.9,nameplate_mw,True
EIA-860,"MEC Holdings, LLC",MN,,740.8,nameplate_mw,True
EIA-860,Hartree Partners LP,NJ,,735.0,nameplate_mw,True
EIA-860,TransAlta Centralia Gen LLC,WA,,730.9,nameplate_mw,True
EIA-860,LSP University Park LLC,IL,,726.0,nameplate_mw,True
EIA-860,City of Tacoma - (WA),WA,,724.8,nameplate_mw,True
EIA-860,Erie Boulevard Hydropower LP,NY,,714.8,nameplate_mw,True
EIA-860,Otay Mesa Energy Center LLC,CA,,710.7,nameplate_mw,True
EIA-860,NAES Corporation - (WA),IL,,702.1,nameplate_mw,True
EIA-860,"AES Huntington Beach Energy, LLC",CA,,699.2,nameplate_mw,True
EIA-860,Lincoln Generating Facility LLC,IL,,692.0,nameplate_mw,True
EIA-860,Lee County Generating Station - (IL),IL,,692.0,nameplate_mw,True
EIA-860,"Essential Power Operating Company, LLC",NJ,,686.0,nameplate_mw,True
EIA-860,Sunrise Power Co LLC,CA,,685.2,nameplate_mw,True
EIA-860,"Nova Power, LLC",CA,,680.0,nameplate_mw,True
EIA-860,"Eagle Creek Renewable Energy, LLC",CA CO IL MA ME MI MN NC NH NJ NY OH OR PA VA VT WA WI WV,,678.9,nameplate_mw,True
EIA-860,Los Medanos Energy Center LLC,CA,,678.3,nameplate_mw,True
EIA-860,"AES Alamitos Energy, LLC",CA,,678.0,nameplate_mw,True
EIA-860,Bear Swamp Power Company LLC,MA,,677.2,nameplate_mw,True
EIA-860,Russell City Energy Company LLC,CA,,655.0,nameplate_mw,True
EIA-860,Empire Generating Co LLC,NY,,653.7,nameplate_mw,True
EIA-860,Astoria Energy II LLC,NY,,650.0,nameplate_mw,True
EIA-860,Bayonne Energy Center LLC,NJ,,644.0,nameplate_mw,True
EIA-860,"Wellhead Services, Inc",CA,,638.4,nameplate_mw,True
EIA-860,"Middle River Power II, LLC",VA WV,,638.4,nameplate_mw,True
EIA-860,Sol Systems,IL LA NC TX,,636.6,nameplate_mw,True
EIA-860,Calpine Corp-Sutter,CA,,636.0,nameplate_mw,True
EIA-860,Massachusetts Mun Wholes Electric Co,MA,,635.1,nameplate_mw,True
EIA-860,Calpine Corp - Metcalf Energy Center,CA,,635.0,nameplate_mw,True
EIA-860,Elk Hills Power LLC,CA,,623.0,nameplate_mw,True
EIA-860,Illinois Power Generating Co,IL,,617.4,nameplate_mw,True
EIA-860,"Valcour Operating Services, LLC",NY,,612.0,nameplate_mw,True
EIA-860,Cordova Energy Co LLC,IL,,611.2,nameplate_mw,True
EIA-860,Parkway Generation Sewaren Urban Renewal Entity LLC,NJ,,609.5,nameplate_mw,True
EIA-860,Limon,CO,,600.6,nameplate_mw,True
EIA-860,Zion Energy LLC,IL,,596.7,nameplate_mw,True
EIA-860,Astoria Energy LLC,NY,,595.0,nameplate_mw,True
EIA-860,"Double Back Diamond Solar Power, LLC",IL,,592.8,nameplate_mw,True
EIA-860,AltaGas Blythe Operations Inc,CA,,591.0,nameplate_mw,True
EIA-860,Topaz Solar Farms LLC,CA,,585.9,nameplate_mw,True
EIA-860,Urban Grid Solar,MD PA VA,,579.9,nameplate_mw,True
EIA-860,Bellingham Power Generation LLC,MA,,578.0,nameplate_mw,True
EIA-860,ANP Blackstone Energy Company LLC,MA,,578.0,nameplate_mw,True
EIA-860,"Elwood Energy, LLC",IL,,576.0,nameplate_mw,True
EIA-860,City of Burbank Water and Power - (CA),CA WA,,571.6,nameplate_mw,True
EIA-860,"CalPeak Power, LLC",CA,,555.3,nameplate_mw,True
EIA-860,Acciona Wind Energy USA LLC,IL ND OK,,547.4,nameplate_mw,True
EIA-860,Danskammer Energy,NY,,537.4,nameplate_mw,True
EIA-860,MRP San Joaquin Energy LLC.,CA,,526.3,nameplate_mw,True
EIA-860,"Gilbert Power, LLC",NJ,,512.0,nameplate_mw,True
EIA-860,"McCoy Solar, LLC",CA,,500.6,nameplate_mw,True
EIA-860,Walnut Creek LLC,CA,,500.0,nameplate_mw,True
EIA-860,Rockford Generation LLC,IL,,484.0,nameplate_mw,True
EIA-860,"Shelby County Energy Center, LLC",IL,,483.0,nameplate_mw,True
EIA-860,Westlands Solar Blue,CA,,475.0,nameplate_mw,True
EIA-860,Minnesota Municipal Power Agny,MN,,474.0,nameplate_mw,True
EIA-860,Modesto Irrigation District,CA,,465.4,nameplate_mw,True
EIA-860,68SF 8me LLC,CA,,459.6,nameplate_mw,True
EIA-860,69SV 8me LLC,CA,,458.0,nameplate_mw,True
EIA-860,Yards Creek Energy,NJ,,453.0,nameplate_mw,True
EIA-860,Desert Quartzite LLC,CA,,450.0,nameplate_mw,True
EIA-860,"Neptune Energy Center, LLC",CO,,450.0,nameplate_mw,True
EIA-860,Diamond Generating Corporation,CA,,449.1,nameplate_mw,True
EIA-860,Daggett Solar Power 3 LLC,CA,,449.0,nameplate_mw,True
EIA-860,Wheelabrator Environmental Systems,CT MA MD NH NJ NY PA,,447.0,nameplate_mw,True
EIA-860,Selkirk Cogen Partners LP,NY,,446.0,nameplate_mw,True
EIA-860,"Panoche Energy Center, LLC",CA,,432.0,nameplate_mw,True
EIA-860,Sayreville Power Generation LP,NJ,,430.2,nameplate_mw,True
EIA-860,"Millennium Power Company, LLC",MA,,427.5,nameplate_mw,True
EIA-860,City & County of San Francisco - (CA),CA,,421.6,nameplate_mw,True
EIA-860,City of Springfield - (IL),IL,,418.2,nameplate_mw,True
EIA-860,Commonwealth Chesapeake Co LLC,VA,,414.5,nameplate_mw,True
EIA-860,ARCO Products Co-Watson,CA,,405.0,nameplate_mw,True
EIA-860,"Kola Energy Storage, LLC",CA,,400.0,nameplate_mw,True
EIA-860,"Arica Solar, LLC",CA,,399.0,nameplate_mw,True
EIA-860,Pio Pico Energy Center LLC,CA,,395.4,nameplate_mw,True
EIA-860,Northeast Energy Associates LP,MA,,386.1,nameplate_mw,True
EIA-860,Generate Capital,IL MN NY,,383.6,nameplate_mw,True
EIA-860,WCAC Operating Company,CA,,379.4,nameplate_mw,True
EIA-860,CalEnergy Operating Corporation,CA,,377.3,nameplate_mw,True
EIA-860,NJR Clean Energy Ventures Corporation,CT IN MI NJ NY PA RI,,372.6,nameplate_mw,True
EIA-860,Yuba County Water Agency - (CA),CA,,371.9,nameplate_mw,True
EIA-860,Arlington Energy Center II,CA,,365.0,nameplate_mw,True
EIA-860,Crete Energy Venture LLC,IL,,356.0,nameplate_mw,True
EIA-860,University Park Energy LLC,IL,,353.4,nameplate_mw,True
EIA-860,"Proxima Solar, LLC",CA,,352.0,nameplate_mw,True
EIA-860,Nautilus Solar Solutions,CA CO DE MA MD ME MN NY RI,,350.5,nameplate_mw,True
EIA-860,RE Crimson LLC,CA,,350.0,nameplate_mw,True
EIA-860,EDPR Scarlet II LLC,CA,,350.0,nameplate_mw,True
EIA-860,"Caithness Long Island, LLC",NY,,348.9,nameplate_mw,True
EIA-860,"Thunder Wolf Energy Center, LLC",CO,,348.0,nameplate_mw,True
EIA-860,Calpine New Jersey Generation LLC,NJ,,344.0,nameplate_mw,True
EIA-860,"Golden Fields Solar III, LLC",CA,,339.0,nameplate_mw,True
EIA-860,"Dickerson Power, LLC",MD,,326.0,nameplate_mw,True
EIA-860,"Desert Peak Energy Storage I, LLC",CA,,325.0,nameplate_mw,True
EIA-860,Brooklyn Navy Yard Cogen PLP,NY,,322.0,nameplate_mw,True
EIA-860,"Flat Rock Windpower, LLC",NY,,321.2,nameplate_mw,True
EIA-860,Frederickson Power LP,WA,,318.3,nameplate_mw,True
EIA-860,"Solar Star California XIX, LLC",CA,,318.0,nameplate_mw,True
EIA-860,Daggett Solar Power 2 LLC,CA,,313.0,nameplate_mw,True
EIA-860,IPA Operations Inc - Calumet,IL,,312.8,nameplate_mw,True
EIA-860,USCE-Wilmington District,VA,,310.8,nameplate_mw,True
EIA-860,Los Esteros Critical Energy Facility LLC,CA,,306.1,nameplate_mw,True
EIA-860,"Lincoln Land Wind, LLC",IL,,302.0,nameplate_mw,True
EIA-860,Kern River Cogeneration Co,CA,,300.0,nameplate_mw,True
EIA-860,Sycamore Cogeneration Co,CA,,300.0,nameplate_mw,True
EIA-860,"Bronco Plains Wind, LLC",CO,,300.0,nameplate_mw,True
EIA-860,"Prosperity Wind, LLC",IL,,300.0,nameplate_mw,True
EIA-860,FPL Energy Vansycle LLC,OR WA,,299.7,nameplate_mw,True
EIA-860,Kalaeloa Partners LP,HI,,299.4,nameplate_mw,True
EIA-860,Standard Solar,CA CO DC ID IL MA MD ME MN NM NY OR PA RI VA VT WI,,297.1,nameplate_mw,True
EIA-860,WM Renewable Energy LLC,AR AZ CA CO CT FL GA IA IL KS MA ME MI MN MS NC NH NV NY OH OR PA TN TX VA WI,,294.4,nameplate_mw,True
EIA-860,Maui Electric Co Ltd,HI,,294.3,nameplate_mw,True
EIA-860,City of Roseville - (CA),CA,,291.0,nameplate_mw,True
EIA-860,Berkshire Power Co LLC,MA,,289.0,nameplate_mw,True
EIA-860,"Alpha Generation Brandywine, LLC",MD,,288.8,nameplate_mw,True
EIA-860,Madison Energy Investments LLC,CA CO CT GA MA MD ME MN NE NJ NY OH PA VA,,287.0,nameplate_mw,True
EIA-860,"Vikings Energy Farm, LLC",CA,,286.8,nameplate_mw,True
EIA-860,Saranac Power Partners LP,NY,,285.6,nameplate_mw,True
EIA-860,Chestnut Westside LLC,CA,,285.6,nameplate_mw,True
EIA-860,City of Riverside - (CA),CA,,285.0,nameplate_mw,True
EIA-860,Shell Wind Energy Inc.,CA TX,,284.9,nameplate_mw,True
EIA-860,Cottage Grove Operating Services LLC,MN,,283.5,nameplate_mw,True
EIA-860,Orion Energy Group LLC,IL IN,,280.5,nameplate_mw,True
EIA-860,Mojave Solar LLC,CA,,280.0,nameplate_mw,True
EIA-860,"Solar Star California XX, LLC",CA,,279.0,nameplate_mw,True
EIA-860,Calpine Gilroy Cogen LP,CA,,274.0,nameplate_mw,True
EIA-860,Brush Power LLC,CO,,273.4,nameplate_mw,True
EIA-860,Coso Operating Co LLC,CA,,272.2,nameplate_mw,True
EIA-860,Gibson City Energy Center LLC,IL,,270.0,nameplate_mw,True
EIA-860,City of Pasadena - (CA),CA,,268.6,nameplate_mw,True
EIA-860,Windy Flats Partners LLC,WA,,262.2,nameplate_mw,True
EIA-860,Masspower,MA,,260.9,nameplate_mw,True
EIA-860,"Birch Creek Power, LLC",IL MO,,260.8,nameplate_mw,True
EIA-860,"Lanyard Power Holdings, LLC",MD,,260.0,nameplate_mw,True
EIA-860,"Golden Fields Solar IV, LLC",CA,,257.0,nameplate_mw,True
EIA-860,AV Solar Ranch 1 LLC,CA,,253.0,nameplate_mw,True
EIA-860,Western Minnesota Mun Pwr Agny,IA MN SD,,252.7,nameplate_mw,True
EIA-860,"Imperial Valley Solar 3, LLC",CA,,252.3,nameplate_mw,True
EIA-860,Long Beach Generation LLC,CA,,252.0,nameplate_mw,True
EIA-860,Cedar Point LLC,CO,,252.0,nameplate_mw,True
EIA-860,Eagle Point Power Generation LLC,NJ,,251.8,nameplate_mw,True
EIA-860,"Blythe Solar III, LLC",CA,,251.8,nameplate_mw,True
EIA-860,City of Santa Clara - (CA),CA,,251.7,nameplate_mw,True
EIA-860,Genesis Solar LLC,CA,,250.0,nameplate_mw,True
EIA-860,"Golden West Power Partners, LLC",CO,,250.0,nameplate_mw,True
EIA-860,"Nobles 2 Power Partners, LLC",MN,,250.0,nameplate_mw,True
EIA-860,Aqua,CA,,250.0,nameplate_mw,True
EIA-860,"SE Athos I, LLC",CA,,250.0,nameplate_mw,True
EIA-860,"Gateway Energy Storage, LLC",CA,,250.0,nameplate_mw,True
EIA-860,"Victory Pass I, LLC",CA,,250.0,nameplate_mw,True
EIA-860,Milford Power LLC,MA,,249.3,nameplate_mw,True
EIA-860,Southern Illinois Power Coop,IL,,249.0,nameplate_mw,True
EIA-860,PUD No 1 of Clark County - (WA),WA,,248.0,nameplate_mw,True
EIA-860,Crockett Cogeneration,CA,,247.0,nameplate_mw,True
EIA-860,"Blythe Solar II, LLC",CA,,246.2,nameplate_mw,True
EIA-860,"Wabash Valley Power Assn, Inc",IL IN,,244.8,nameplate_mw,True
EIA-860,"Headwater Energy, LLC",CA CO NC SC TX,,243.2,nameplate_mw,True
EIA-860,Arlington Energy Center III,CA,,241.0,nameplate_mw,True
EIA-860,Calpine Eastern Corp,NY,,239.6,nameplate_mw,True
EIA-860,Big Sky Wind LLC,IL,,239.4,nameplate_mw,True
EIA-860,FPL Energy Illinois Wind LLC,IL,,237.5,nameplate_mw,True
EIA-860,"Kendall Green Energy, LLC",MA,,234.7,nameplate_mw,True
EIA-860,Midway-Sunset Cogeneration Co,CA,,234.0,nameplate_mw,True
EIA-860,Plains End Operating Services LLC,CO,,231.6,nameplate_mw,True
EIA-860,"Sunlight Storage, LLC",CA,,230.0,nameplate_mw,True
EIA-860,Sunlight Storage II,CA,,230.0,nameplate_mw,True
EIA-860,Fountain Valley Power LLC,CO,,228.0,nameplate_mw,True
EIA-860,Placer County Water Agency - (CA),CA,,223.0,nameplate_mw,True
EIA-860,Lockport Energy Associates LP,NY,,221.3,nameplate_mw,True
EIA-860,Morris Cogeneration LLC,IL,,218.8,nameplate_mw,True
EIA-860,AES Huntington Beach LLC,CA,,218.0,nameplate_mw,True
EIA-860,"Marble River, LLC",NY,,215.3,nameplate_mw,True
EIA-860,Old Trail Wind Farm LLC,IL,,213.8,nameplate_mw,True
EIA-860,"Sayreville Power, LLC",NJ,,212.0,nameplate_mw,True
EIA-860,High Trail Wind Farm LLC,IL,,210.9,nameplate_mw,True
EIA-860,Dimension Energy LLC,CA DE IL ME NJ NY PA VA,,207.4,nameplate_mw,True
EIA-860,"Niyol Wind, LLC",CO,,205.6,nameplate_mw,True
EIA-860,Lexington Chenoa Wind Farm LLC,IL,,205.2,nameplate_mw,True
EIA-860,SoCore Energy LLC,AZ CA IA IL KS MA MD ME MN NE NJ NM NV TX VT WI,,204.7,nameplate_mw,True
EIA-860,White Creek Wind 1 LLC,WA,,204.0,nameplate_mw,True
EIA-860,"Sequitur Renewables, LLC",CA PA WV,,202.5,nameplate_mw,True
EIA-860,Sugar Creek Wind One LLC,IL,,202.0,nameplate_mw,True
EIA-860,Harvest Ridge Wind Farm,IL,,202.0,nameplate_mw,True
EIA-860,Tesla Inc.,AZ CA CT HI MA MD NE NJ NV NY OR TX UT,,201.2,nameplate_mw,True
EIA-860,Logan Wind Energy LLC,CO,,201.0,nameplate_mw,True
EIA-860,"Alta Farms II Wind Project, LLC",IL,,200.5,nameplate_mw,True
EIA-860,"Dighton Power, LLC",MA,,200.0,nameplate_mw,True
EIA-860,MPH Cross Island Power,NY,,200.0,nameplate_mw,True
EIA-860,City of Anaheim - (CA),CA,,200.0,nameplate_mw,True
EIA-860,Blackstone Wind Farm II LLC,IL,,200.0,nameplate_mw,True
EIA-860,Prairie Rose Wind Farm,MN,,200.0,nameplate_mw,True
EIA-860,Wright Solar Park LLC,CA,,200.0,nameplate_mw,True
EIA-860,"Diablo Energy Storage, LLC",CA,,200.0,nameplate_mw,True
EIA-860,"SE Athos II, LLC",CA,,200.0,nameplate_mw,True
EIA-860,"Big Rock ESS Assets, LLC",CA,,200.0,nameplate_mw,True
EIA-860,EDPR CA Solar Park LLC,CA,,200.0,nameplate_mw,True
EIA-860,"Bronco Plains Wind II, LLC",CO,,200.0,nameplate_mw,True
EIA-860,Condor Energy Storage LLC,CA,,200.0,nameplate_mw,True
EIA-860,"Peregrine Energy Storage, LLC",CA,,200.0,nameplate_mw,True
EIA-860,"Luna Valley Solar I, LLC",CA,,200.0,nameplate_mw,True
EIA-860,"Imperial Valley Solar, LLC",CA,,199.9,nameplate_mw,True
EIA-860,FPL Peetz Table Wind Energy,CO,,199.5,nameplate_mw,True
EIA-860,Hawaii Electric Light Co Inc,HI,,197.9,nameplate_mw,True
EIA-860,"Adapture Renewables, Inc.",CA CT MN MT NC NE OR RI TN TX UT,,197.8,nameplate_mw,True
EIA-860,"Prairie Power, Inc",IL,,197.0,nameplate_mw,True
EIA-860,EDPR CA Solar Park II LLC,CA,,195.4,nameplate_mw,True
EIA-860,"SWG Arapahoe, LLC",CO,,194.0,nameplate_mw,True
EIA-860,Tilton Energy LLC,IL,,188.0,nameplate_mw,True
EIA-860,City of Redding - (CA),CA,,186.6,nameplate_mw,True
EIA-860,"Hilltopper Wind Project, LLC",IL,,185.0,nameplate_mw,True
EIA-860,"Glacier Sands Wind Power, LLC",IL,,185.0,nameplate_mw,True
EIA-860,"Kapolei Energy Storage I, LLC",HI,,185.0,nameplate_mw,True
EIA-860,"Blythe Solar IV, LLC",CA,,184.4,nameplate_mw,True
EIA-860,Chevron USA Inc-El Segundo,CA,,180.1,nameplate_mw,True
EIA-860,"Morris Ridge Solar Energy Center, LLC",NY,,177.0,nameplate_mw,True
EIA-860,"Pittsfield Generating Company, LP",MA,,175.5,nameplate_mw,True
EIA-860,Green Street Power Partners,CA CO CT FL IA MA MN NJ NY VT WI,,175.1,nameplate_mw,True
EIA-860,"CPV Backbone Solar, LLC",MD,,175.0,nameplate_mw,True
EIA-860,Centinela Solar Energy LLC,CA,,174.8,nameplate_mw,True
EIA-860,Northern Colorado Wind LLC,CO,,174.3,nameplate_mw,True
EIA-860,Chevron Products Company-Richmond,CA,,173.5,nameplate_mw,True
EIA-860,Camden Energy Center,NJ,,172.9,nameplate_mw,True
EIA-860,"Blythe Solar 110, LLC",CA,,172.8,nameplate_mw,True
EIA-860,"Novis Renewables, LLC",IA MA MD NC NY VA,,172.7,nameplate_mw,True
EIA-860,City of Vernon - (CA),CA,,171.8,nameplate_mw,True
EIA-860,"Moraine Sands Wind Power, LLC",IL,,171.0,nameplate_mw,True
EIA-860,CleanCapital Holdings,CA CO FL IN MA MD ME MN NC NJ NM NY RI,,170.6,nameplate_mw,True
EIA-860,Sierra Pacific Industries,CA WA,,170.1,nameplate_mw,True
EIA-860,"Alta Wind V, LLC",CA,,168.0,nameplate_mw,True
EIA-860,"Pinyon Pines Wind I, LLC",CA,,168.0,nameplate_mw,True
EIA-860,"Big Beau Solar, LLC",CA,,168.0,nameplate_mw,True
EIA-860,"ORCAL Geothermal, Inc",CA,,166.0,nameplate_mw,True
EIA-860,"River Ferry Solar 1, LLC",IL,,165.3,nameplate_mw,True
EIA-860,Kings River Conservation Dist,CA,,165.0,nameplate_mw,True
EIA-860,Resurgence Solar,CA,,165.0,nameplate_mw,True
EIA-860,"RED-Rochester, LLC",NY,,162.8,nameplate_mw,True
EIA-860,"Mountain Peak Power, LLC",CO,,162.6,nameplate_mw,True
EIA-860,"FPLE High Winds, LLC",CA,,162.0,nameplate_mw,True
EIA-860,North Sky River Energy LLC,CA,,162.0,nameplate_mw,True
EIA-860,Chevron USA Inc,CA,,160.9,nameplate_mw,True
EIA-860,WestRock Corp,VA,,160.9,nameplate_mw,True
EIA-860,"Rancho Seco Solar II, LLC",CA,,160.0,nameplate_mw,True
EIA-860,"63SU 8me, LLC",CA,,155.0,nameplate_mw,True
EIA-860,"Cartier Energy, LLC",CT DE NJ,,154.6,nameplate_mw,True
EIA-860,"Carvers Creek, LLC",VA,,153.9,nameplate_mw,True
EIA-860,Kauai Island Utility Cooperative,HI,,152.6,nameplate_mw,True
EIA-860,"North Rosamond Solar, LLC",CA,,151.1,nameplate_mw,True
EIA-860,"Alta Wind I, LLC",CA,,150.0,nameplate_mw,True
EIA-860,"Alta Wind II, LLC",CA,,150.0,nameplate_mw,True
EIA-860,"Alta Wind III, LLC",CA,,150.0,nameplate_mw,True
EIA-860,White Oak Energy LLC,IL,,150.0,nameplate_mw,True
EIA-860,"Mustang Hills, LLC (Longroad)",CA,,150.0,nameplate_mw,True
EIA-860,Cardinal Point LLC,IL,,150.0,nameplate_mw,True
EIA-860,"Carousel Wind Farm, LLC",CO,,150.0,nameplate_mw,True
EIA-860,RE Mustang Two LLC,CA,,150.0,nameplate_mw,True
EIA-860,Cranberry Point Energy Storage LLC,MA,,150.0,nameplate_mw,True
EIA-860,"Maverick Solar 6, LLC",CA,,150.0,nameplate_mw,True
EIA-860,Contour Global,CO,,150.0,nameplate_mw,True
EIA-860,Pleasantville Solar Park LLC,IL,,150.0,nameplate_mw,True
EIA-860,"Dynegy Oakland, LLC",CA,,149.0,nameplate_mw,True
EIA-860,"Big River Solar, LLC",IL,,149.0,nameplate_mw,True
EIA-860,CSOLAR IV West LLC,CA,,148.7,nameplate_mw,True
EIA-860,Indeck-Corinth Ltd Partnership,NY,,147.0,nameplate_mw,True
EIA-860,"Rattlesnake Flat, LLC",WA,,144.0,nameplate_mw,True
EIA-860,Enchanted Rock,CA,,142.8,nameplate_mw,True
EIA-860,City of Vineland - (NJ),NJ,,141.2,nameplate_mw,True
EIA-860,University of Illinois,IL,,140.2,nameplate_mw,True
EIA-860,Spanish Peaks Solar LLC,CO,,140.0,nameplate_mw,True
EIA-860,Wolf Run Solar LLC,IL,,140.0,nameplate_mw,True
EIA-860,HF Sinclair Corporation,WA,,139.8,nameplate_mw,True
EIA-860,"Alta Wind X, LLC",CA,,138.0,nameplate_mw,True
EIA-860,Rochester Public Utilities,MN,,137.6,nameplate_mw,True
EIA-860,Washington Wind LLC,WA,,136.3,nameplate_mw,True
EIA-860,Cardinal Renewables,FL GA IN NC OR PA SC TX VA VT,,135.3,nameplate_mw,True
EIA-860,"Central Rivers Power US, LLC",CA MA NC NY PA SC VA VT WA,,135.1,nameplate_mw,True
EIA-860,Calpine King City Cogen LLC,CA,,133.2,nameplate_mw,True
EIA-860,Metropolitan Water District of S CA,CA,,132.8,nameplate_mw,True
EIA-860,PUD No 1 of Snohomish County - (WA),WA,,132.8,nameplate_mw,True
EIA-860,"Pinyon Pines Wind II, LLC",CA,,132.0,nameplate_mw,True
EIA-860,"Maverick Solar 7, LLC",CA,,132.0,nameplate_mw,True
EIA-860,"North Central Valley Energy Storage, LLC",CA,,132.0,nameplate_mw,True
EIA-860,"Chesapeake Solar Project, LLC",VA,,132.0,nameplate_mw,True
EIA-860,Cleveland Cliffs Inc,MN,,131.6,nameplate_mw,True
EIA-860,Hanford BESS LLC,CA,,131.4,nameplate_mw,True
EIA-860,South Feather Water and Power Agency,CA,,131.2,nameplate_mw,True
EIA-860,City of Taunton - (MA),MA,,131.0,nameplate_mw,True
EIA-860,"Agilitas Energy, Inc.",CA MA ME MO NY OH RI TX,,130.7,nameplate_mw,True
EIA-860,"Heelstone Energy Holdings, LLC",CA NC OR,,130.1,nameplate_mw,True
EIA-860,"California Flats Solar 130, LLC",CA,,130.0,nameplate_mw,True
EIA-860,"Bartonsville Energy Facility, LLC",VA,,130.0,nameplate_mw,True
EIA-860,Columbia Basin Hydropower,WA,,129.4,nameplate_mw,True
EIA-860,CSOLAR IV South LLC,CA,,128.9,nameplate_mw,True
EIA-860,"Onsite Partners, LLC",CO CT FL IA IL MN NE NJ NY OH PA RI VA VT WI,,127.8,nameplate_mw,True
EIA-860,RE Gaskell West LLC,CA,,125.0,nameplate_mw,True
EIA-860,"Maverick Solar, LLC",CA,,125.0,nameplate_mw,True
EIA-860,"LeConte Energy Storage, LLC",CA,,125.0,nameplate_mw,True
EIA-860,"Tumbleweed Energy Storage, LLC",CA,,125.0,nameplate_mw,True
EIA-860,Covanta Fairfax Inc,VA,,124.0,nameplate_mw,True
EIA-860,Carr Street Generating Sta LP,NY,,122.6,nameplate_mw,True
EIA-860,Ford Ridge,IL,,121.3,nameplate_mw,True
EIA-860,KIAC Partners,NY,,121.2,nameplate_mw,True
EIA-860,"Distributed Solar Development, LLC",CA CO MD NJ NY PA VA,,120.8,nameplate_mw,True
EIA-860,"Equus Power I, L.P.",NY,,120.0,nameplate_mw,True
EIA-860,Hutchinson Utilities Comm,MN,,118.9,nameplate_mw,True
EIA-860,"Flint Hills Resources Pine Bend, LLC",MN,,118.4,nameplate_mw,True
EIA-860,Town of Braintree - (MA),MA,,118.0,nameplate_mw,True
EIA-860,Orange Grove Energy LP,CA,,118.0,nameplate_mw,True
EIA-860,Great Bay Solar I LLC,MD,,118.0,nameplate_mw,True
EIA-860,"Waverly Solar, LLC",VA,,118.0,nameplate_mw,True
EIA-860,Ho'Ohana Solar 1 LLC,HI,,117.3,nameplate_mw,True
EIA-860,Veolia Energy Operating Service,VA,,114.8,nameplate_mw,True
EIA-860,Tesoro Marketing & Refining Co. LLC (Martinez),CA,,113.5,nameplate_mw,True
EIA-860,Daggett Solar Power 1 LLC,CA,,113.5,nameplate_mw,True
EIA-860,Greenidge Generation Holdings LLC,NY,,112.0,nameplate_mw,True
EIA-860,Oakdale&South San Joaquin Irrigation D.,CA,,111.9,nameplate_mw,True
EIA-860,Terraform Arcadia,AZ CA CO DC DE GA IN MA MD MN NC NM NY PA RI VA,,111.9,nameplate_mw,True
EIA-860,"Bluestone Wind, LLC",NY,,111.8,nameplate_mw,True
EIA-860,SolRiver Capital LLC,GA IN NC NY OR PA SC,,110.4,nameplate_mw,True
EIA-860,"Walleye Wind, LLC",MN,,110.0,nameplate_mw,True
EIA-860,Hickory Solar LLC,IL,,110.0,nameplate_mw,True
EIA-860,Merced Irrigation District,CA,,109.6,nameplate_mw,True
EIA-860,"Shady Oaks Wind 2, LLC",IL,,108.3,nameplate_mw,True
EIA-860,Willow Spring Solar LLC,CA,,107.9,nameplate_mw,True
EIA-860,Lakeside Beaver Falls LLC,NY,,107.8,nameplate_mw,True
EIA-860,"Ball Hill Wind Energy, LLC",NY,,107.5,nameplate_mw,True
EIA-860,Madison Energy Holdings LLC,CA DE GA IL MA MD ME MN MS NE NJ OH,,106.5,nameplate_mw,True
EIA-860,"REA Investments, LLC",IL MA ME MN,,106.3,nameplate_mw,True
EIA-860,Blackstone Wind Farm LLC,IL,,106.0,nameplate_mw,True
EIA-860,"Buffalo Ridge Wind, LLC",MN,,106.0,nameplate_mw,True
EIA-860,"62SK 8me, LLC",CA,,105.0,nameplate_mw,True
EIA-860,Desert Harvest II LLC,CA,,105.0,nameplate_mw,True
EIA-860,Power City Partners LP,NY,,104.1,nameplate_mw,True
EIA-860,"SunStrong Management, LLC",AZ CA IL MA MN NY,,103.5,nameplate_mw,True
EIA-860,Lakeside Syracuse LLC,NY,,102.7,nameplate_mw,True
EIA-860,"Alta Wind IV, LLC",CA,,102.0,nameplate_mw,True
EIA-860,"Coram California Development, L.P.",CA,,102.0,nameplate_mw,True
EIA-860,AERA Energy LLC,CA,,101.2,nameplate_mw,True
EIA-860,"Eight Point Wind, LLC",NY,,101.2,nameplate_mw,True
EIA-860,WestRock-West Point Mill,VA,,101.0,nameplate_mw,True
EIA-860,High Prairie Wind Farm II LLC,MN,,100.7,nameplate_mw,True
EIA-860,"Sagebrush Power Partners, LLC",WA,,100.7,nameplate_mw,True
EIA-860,Rail Splitter Wind Farm LLC,IL,,100.5,nameplate_mw,True
EIA-860,Covanta Honolulu Resource Recovery,HI,,100.2,nameplate_mw,True
EIA-860,Martinez Refining Co,CA,,100.0,nameplate_mw,True
EIA-860,North Star Solar PV LLC,MN,,100.0,nameplate_mw,True
EIA-860,RE Astoria LLC,CA,,100.0,nameplate_mw,True
EIA-860,"AES ES Alamitos, LLC",CA,,100.0,nameplate_mw,True
EIA-860,Drew Solar LLC,CA,,100.0,nameplate_mw,True
EIA-860,"Ventura Energy Storage, LLC",CA,,100.0,nameplate_mw,True
EIA-860,"Maverick Solar 4, LLC",CA,,100.0,nameplate_mw,True
EIA-860,Conductive Power,CA,,100.0,nameplate_mw,True
EIA-860,Cald BESS LLC,CA,,100.0,nameplate_mw,True
EIA-860,"Jackson Fuller Energy Storage, LLC",CO,,100.0,nameplate_mw,True
EIA-860,Caballero CA Storage LLC,CA,,99.7,nameplate_mw,True
EIA-860,Xeres Ventures LLC,CA,,99.6,nameplate_mw,True
EIA-860,Henrietta BESS LLC,CA,,99.4,nameplate_mw,True
EIA-860,Rising Tree Wind Farm III LLC,CA,,99.0,nameplate_mw,True
EIA-860,"Prairie State Solar, LLC",IL,,99.0,nameplate_mw,True
EIA-860,"Dressor Plains Solar, LLC",IL,,99.0,nameplate_mw,True
EIA-860,Harvest Wind Project TIC,WA,,98.9,nameplate_mw,True
EIA-860,Industrial Power Generating Company LLC,MD NC PA VA,,98.7,nameplate_mw,True
EIA-860,SEMASS Partnership,MA,,98.5,nameplate_mw,True
EIA-860,Hoopeston Wind LLC,IL,,98.0,nameplate_mw,True
EIA-860,Idemitsu Renewables,CA,,98.0,nameplate_mw,True
EIA-860,Los Angeles County Sanitation,CA,,97.6,nameplate_mw,True
EIA-860,Dartmouth Energy Center,MA,,97.4,nameplate_mw,True
EIA-860,Air Products & Chemicals Inc,CA TX,,97.1,nameplate_mw,True
EIA-860,Onyx Asset Services Group,AZ CA CT DE HI IL KS LA MA MD NJ NM NY,,97.0,nameplate_mw,True
EIA-860,Malaga BESS LLC,CA,,97.0,nameplate_mw,True
EIA-860,Jamestown Board of Public Util,NY,,96.3,nameplate_mw,True
EIA-860,Colorado Highlands Wind LLC,CO,,96.1,nameplate_mw,True
EIA-860,California Power Holdings LLC,CA,,96.0,nameplate_mw,True
EIA-860,Strauss Wind LLC,CA,,95.3,nameplate_mw,True
EIA-860,Nevada Irrigation District,CA,,95.0,nameplate_mw,True
EIA-860,Gilroy Energy Center LLC,CA,,95.0,nameplate_mw,True
EIA-860,MATEP LLC,MA,,94.8,nameplate_mw,True
EIA-860,Sappi Cloquet LLC,MN,,94.5,nameplate_mw,True
EIA-860,Calpine Corp-Yuba City,CA,,94.3,nameplate_mw,True
EIA-860,Minonk Stewardship Wind LLC,IL,,93.0,nameplate_mw,True
EIA-860,City of Burlington Electric - (VT),VT,,92.5,nameplate_mw,True
EIA-860,64KT 8me LLC,CA,,91.5,nameplate_mw,True
EIA-860,Navisun LLC,IL MA ME NJ RI TX VA,,91.1,nameplate_mw,True
EIA-860,Indeck-Olean Ltd Partnership,NY,,90.6,nameplate_mw,True
EIA-860,PUD No 1 of Pend Oreille County - (WA),WA,,90.0,nameplate_mw,True
EIA-860,CES Placerita Inc,CA,,90.0,nameplate_mw,True
EIA-860,"Alta Wind XI, LLC",CA,,90.0,nameplate_mw,True
EIA-860,"High River Energy Center, LLC",NY,,90.0,nameplate_mw,True
EIA-860,Colton Power LP,CA,,89.6,nameplate_mw,True
EIA-860,Relevate Power Management LLC,CT MA ME NY RI,,88.7,nameplate_mw,True
EIA-860,"Alliance NYGT, LLC",NY,,88.4,nameplate_mw,True
EIA-860,Southern Minnesota Mun P Agny,MN,,88.2,nameplate_mw,True
EIA-860,Rensselaer Generating LLC,NY,,88.2,nameplate_mw,True
EIA-860,"Buchanan Generation, LLC",VA,,88.0,nameplate_mw,True
EIA-860,Resurgence Solar II,CA,,88.0,nameplate_mw,True
EIA-860,Convergent Energy and Power LP,CA MD NY PA,,87.0,nameplate_mw,True
EIA-860,"Forefront Power, LLC",CA IA IL MD NY,,86.9,nameplate_mw,True
EIA-860,"Golden Hills Wind, LLC",CA,,85.9,nameplate_mw,True
EIA-860,Village of Freeport - (NY),NY,,84.6,nameplate_mw,True
EIA-860,"Foxhound Solar, LLC",VA,,83.0,nameplate_mw,True
EIA-860,Searles Valley Minerals Operations Inc.,CA,,82.5,nameplate_mw,True
EIA-860,Pinelawn Power LLC,NY,,82.0,nameplate_mw,True
EIA-860,"Oppidum Renewables USA, LLC",NC VA,,81.9,nameplate_mw,True
EIA-860,"Apple, Inc",AZ CA NC,,81.5,nameplate_mw,True
EIA-860,"Bishop Hill Energy II, LLC",IL,,81.0,nameplate_mw,True
EIA-860,City of Holyoke Gas and Elec Dept - (MA),MA,,80.6,nameplate_mw,True
EIA-860,"Pioneer Solar (CO), LLC",CO,,80.0,nameplate_mw,True
EIA-860,"Desert Harvest, LLC",CA,,80.0,nameplate_mw,True
EIA-860,"Johanna Energy Center, LLC",CA,,80.0,nameplate_mw,True
EIA-860,"Altavista Solar, LLC",VA,,80.0,nameplate_mw,True
EIA-860,VESI 12 LLC,CA,,80.0,nameplate_mw,True
EIA-860,Goose Prairie Solar LLC,WA,,80.0,nameplate_mw,True
EIA-860,Garnet Mesa Solar LLC,CO,,80.0,nameplate_mw,True
EIA-860,Rising Tree Wind Farm LLC,CA,,79.2,nameplate_mw,True
EIA-860,Covanta Hempstead Company,NY,,78.6,nameplate_mw,True
EIA-860,New Ulm Public Utilities Comm,MN,,78.5,nameplate_mw,True
EIA-860,Paulsboro Refining Company - LLC,NJ,,78.5,nameplate_mw,True
EIA-860,Arkwright Summit Wind Farm LLC,NY,,78.4,nameplate_mw,True
EIA-860,"Vasco Winds, LLC",CA,,78.2,nameplate_mw,True
EIA-860,Mililani I Solar LLC,HI,,78.0,nameplate_mw,True
EIA-860,"Black Oak Wind, LLC",MN,,78.0,nameplate_mw,True
EIA-860,Jericho Rise Wind Farm LLC,NY,,77.7,nameplate_mw,True
EIA-860,Boralex Hydro Operations Inc,NY,,77.3,nameplate_mw,True
EIA-860,ORNI 30 LLC,CA,,77.0,nameplate_mw,True
EIA-860,"Forked River Power, LLC",NJ,,76.8,nameplate_mw,True
EIA-860,RE Astoria 2 LLC,CA,,75.0,nameplate_mw,True
EIA-860,"Hunter Solar, LLC",CO,,75.0,nameplate_mw,True
EIA-860,"Desert Peak Energy Storage II, LLC",CA,,75.0,nameplate_mw,True
EIA-860,"Sunpin Holdings, LLC",CA,,74.8,nameplate_mw,True
EIA-860,"2016 ESA Project Company, LLC",CA CT DE NJ NY,,74.1,nameplate_mw,True
EIA-860,Hale Kuawehi Solar LLC,HI,,74.0,nameplate_mw,True
EIA-860,Massachusetts Wtr Rauth-Deer I,MA,,72.8,nameplate_mw,True
EIA-860,Fortistar Castleton Power,NY,,72.0,nameplate_mw,True
EIA-860,Waiawa Solar Power LLC,HI,,72.0,nameplate_mw,True
EIA-860,PUD No 1 of Lewis County - (WA),WA,,70.0,nameplate_mw,True
EIA-860,Criterion Power Partners LLC,MD,,70.0,nameplate_mw,True
EIA-860,"Titan Solar 1, LLC",CA,,70.0,nameplate_mw,True
EIA-860,"Powells Creek Farm Solar, LLC",VA,,70.0,nameplate_mw,True
EIA-860,Mulligan Solar,IL,,70.0,nameplate_mw,True
EIA-860,Easton Utilities Comm,MD,,69.9,nameplate_mw,True
EIA-860,"Calpine Greenleaf Holding, Inc.",CA,,69.8,nameplate_mw,True
EIA-860,Covanta Essex Company,NJ,,69.8,nameplate_mw,True
EIA-860,Massachusetts Bay Trans Auth,MA,,69.0,nameplate_mw,True
EIA-860,Kawailoa Wind LLC,HI,,69.0,nameplate_mw,True
EIA-860,Procter&Gamble Paper Products Co-Oxnard,CA,,68.7,nameplate_mw,True
EIA-860,Berry Petroleum Co,CA,,68.1,nameplate_mw,True
EIA-860,"Covanta Montgomery, Inc.",MD,,67.8,nameplate_mw,True
EIA-860,Seneca Power Partners LP,NY,,67.3,nameplate_mw,True
EIA-860,"Allegany Generating Station, LLC",NY,,67.0,nameplate_mw,True
EIA-860,Boise White Paper LLC,MN,,66.5,nameplate_mw,True
EIA-860,"Central Rivers Power NH, LLC",NH VT,,66.3,nameplate_mw,True
EIA-860,Justin McNeilus,MN,,66.3,nameplate_mw,True
EIA-860,Hamakua Energy LP,HI,,66.0,nameplate_mw,True
EIA-860,Alpine BESS LLC,CA,,66.0,nameplate_mw,True
EIA-860,Caden Energix Axton LLC,VA,,66.0,nameplate_mw,True
EIA-860,North American Energy Services,NY,,65.7,nameplate_mw,True
EIA-860,Sterling Power Partners LP,NY,,65.3,nameplate_mw,True
EIA-860,Whitney Hill Wind Power LLC,IL,,65.0,nameplate_mw,True
EIA-860,"San Jacinto Grid, LLC",CA,,65.0,nameplate_mw,True
EIA-860,City of Peabody - (MA),MA,,64.9,nameplate_mw,True
EIA-860,"Primary Products Ingredients Americas, LLC",IL,,64.8,nameplate_mw,True
EIA-860,Carthage Energy LLC,NY,,62.9,nameplate_mw,True
EIA-860,Spring Canyon Expansion LLC,CO,,62.6,nameplate_mw,True
EIA-860,Nippon Dynawave Packaging Co.,WA,,62.4,nameplate_mw,True
EIA-860,Marshall Solar Energy Project,MN,,62.3,nameplate_mw,True
EIA-860,New York State Elec & Gas Corp,NY,,62.1,nameplate_mw,True
EIA-860,Clearlight Energy Sanger LLC,CA,,61.5,nameplate_mw,True
EIA-860,Bayswater Peaking Facility LLC,NY,,60.5,nameplate_mw,True
EIA-860,E I Colton LLC,CA,,60.5,nameplate_mw,True
EIA-860,"Jamaica Bay Peaking Facility, LLC",NY,,60.5,nameplate_mw,True
EIA-860,Sky River Wind LLC,CA,,60.2,nameplate_mw,True
EIA-860,"Regulus Solar, LLC",CA,,60.0,nameplate_mw,True
EIA-860,"RE Barren Ridge 1, LLC",CA,,60.0,nameplate_mw,True
EIA-860,"Goleta Energy Storage, LLC",CA,,60.0,nameplate_mw,True
EIA-860,Indeck-Yerkes Ltd Partnership,NY,,59.9,nameplate_mw,True
EIA-860,City of Glendale - (CA),CA,,59.4,nameplate_mw,True
EIA-860,Connecticut Mun Elec Engy Coop,CT NY,,59.4,nameplate_mw,True
EIA-860,"Wonderful Renewable Energy, LLC.",CA,,59.4,nameplate_mw,True
EIA-860,Palmer Hydroelectric,NY,,59.0,nameplate_mw,True
EIA-860,Phillips 66 - Los Angeles,CA,,58.5,nameplate_mw,True
EIA-860,"Ellwood Power, LLC",CA,,58.0,nameplate_mw,True
EIA-860,Ecos Energy LLC,CA CT IN MA MN VT,,57.6,nameplate_mw,True
EIA-860,Indeck-Oswego Ltd Partnership,NY,,57.4,nameplate_mw,True
EIA-860,THUMS Long Beach Company,CA,,57.4,nameplate_mw,True
EIA-860,AETS OpCo Holdings LLC,CA NY TX,,57.4,nameplate_mw,True
EIA-860,"Ecoplexus, Inc",CA MN,,57.3,nameplate_mw,True
EIA-860,Clean Energy Systems Delano,CA,,57.0,nameplate_mw,True
EIA-860,Indeck-Energy Serv Silver Spg,NY,,56.6,nameplate_mw,True
EIA-860,"DG AMP Solar, LLC",DE MI OH VA,,55.9,nameplate_mw,True
EIA-860,Carson Cogeneration Co,CA,,55.8,nameplate_mw,True
EIA-860,"Tulare Solar Center, LLC",CA,,55.8,nameplate_mw,True
EIA-860,Rochester Gas & Electric Corp,NY,,55.1,nameplate_mw,True
EIA-860,Axium US Solar Holdings LLC,CA GA,,55.1,nameplate_mw,True
EIA-860,Mayacma Geothermal,CA,,55.0,nameplate_mw,True
EIA-860,Phillips 66 Company,CA,,54.9,nameplate_mw,True
EIA-860,"Shasta Sustainable Resource Management, Inc.",CA,,54.9,nameplate_mw,True
EIA-860,"Dans Mountain Wind Force, LLC",MD,,54.9,nameplate_mw,True
EIA-860,City of Manassas - (VA),VA,,54.8,nameplate_mw,True
EIA-860,Ingredion Inc - Illinois,IL,,54.6,nameplate_mw,True
EIA-860,GSA Metropolitan Service Center,MD,,54.3,nameplate_mw,True
EIA-860,Hawkeye Energy Greenport LLC,NY,,54.0,nameplate_mw,True
EIA-860,"Epic Hosting, LLC",MN WI,,53.9,nameplate_mw,True
EIA-860,NuGen Capital Management,MA NJ RI,,52.6,nameplate_mw,True
EIA-860,"Solar Star Colorado III, LLC",CO,,52.0,nameplate_mw,True
EIA-860,Lakeswind Power Partners,MN,,51.8,nameplate_mw,True
EIA-860,Goal Line LP,CA,,51.4,nameplate_mw,True
EIA-860,Puna Geothermal Venture,HI,,51.0,nameplate_mw,True
EIA-860,"Sunnybrook Farm Solar, LLC",VA,,51.0,nameplate_mw,True
EIA-860,BP Piney & Deep Creek LLC,MD PA,,50.0,nameplate_mw,True
EIA-860,"Reworld Niagara I, LLC",NY,,50.0,nameplate_mw,True
EIA-860,Roth Rock Wind Farm LLC,MD,,50.0,nameplate_mw,True
EIA-860,"41MB 8me, LLC",CA,,50.0,nameplate_mw,True
EIA-860,"83WI 8ME, LLC",CA,,50.0,nameplate_mw,True
EIA-860,"Titan Solar, LLC",CO,,50.0,nameplate_mw,True
EIA-860,"Little Bear Solar 4, LLC (Longroad)",CA,,50.0,nameplate_mw,True
EIA-860,"Little Bear Solar 5, LLC (Longroad)",CA,,50.0,nameplate_mw,True
EIA-860,"Whitehorn Solar, LLC",VA,,50.0,nameplate_mw,True
EIA-860,"East Point Energy Center, LLC",NY,,50.0,nameplate_mw,True
EIA-860,"SloughHouse Solar, LLC",CA,,50.0,nameplate_mw,True
EIA-860,Valero Refining Co California,CA,,49.9,nameplate_mw,True
EIA-860,South Boston Energy LLC,VA,,49.9,nameplate_mw,True
EIA-860,"Bluestone Farm Solar, LLC",VA,,49.9,nameplate_mw,True
EIA-860,Greenleaf Energy LLC,CA,,49.5,nameplate_mw,True
EIA-860,AltaGas Ripon Energy Inc.,CA,,49.5,nameplate_mw,True
EIA-860,"FPL Energy Operating Services, Inc.",CA,,49.5,nameplate_mw,True
EIA-860,Sable Offshore Corp,CA,,49.3,nameplate_mw,True
EIA-860,"Torrance Refining Company, LLC",CA,,49.3,nameplate_mw,True
EIA-860,"Kawailoa Solar, LLC",HI,,49.0,nameplate_mw,True
EIA-860,"EF Oxnard, LLC",CA,,48.5,nameplate_mw,True
EIA-860,U S Borax Inc,CA,,48.2,nameplate_mw,True
EIA-860,OCI Energy LLC,NJ TX,,48.1,nameplate_mw,True
EIA-860,Creed Energy Center LLC,CA,,48.0,nameplate_mw,True
EIA-860,Goose Haven Energy Center,CA,,48.0,nameplate_mw,True
EIA-860,"SRC Partnership 12, LLC",IL MD,,48.0,nameplate_mw,True
EIA-860,RockTenn-Hopewell,VA,,47.6,nameplate_mw,True
EIA-860,Calpine Corp-King City,CA,,47.3,nameplate_mw,True
EIA-860,"Sune Beacon Site 2, LLC",CA,,47.3,nameplate_mw,True
EIA-860,Vermont Public Power Supply Authority,VT,,47.2,nameplate_mw,True
EIA-860,Nissequoque Cogen Partners,NY,,47.0,nameplate_mw,True
EIA-860,Gilroy Energy Center for Riverview,CA,,47.0,nameplate_mw,True
EIA-860,University of California-LA,CA,,46.8,nameplate_mw,True
EIA-860,California Resources Elk Hills LLC,CA,,46.6,nameplate_mw,True
EIA-860,Wind Wall 1 LLC,CA,,46.5,nameplate_mw,True
EIA-860,Ogden Projects Inc-Haverhill,MA,,46.0,nameplate_mw,True
EIA-860,"Golden Hills Interconnection Wind, LLC",CA,,46.0,nameplate_mw,True
EIA-860,"Waipio PV, LLC",HI,,45.9,nameplate_mw,True
EIA-860,East Bay Municipal Util Dist - (CA),CA,,45.6,nameplate_mw,True
EIA-860,NSTAR Electric Company,MA,,45.1,nameplate_mw,True
EIA-860,"Reworld Union (NJ), LLC",NJ,,45.0,nameplate_mw,True
EIA-860,Longview Fibre Co,WA,,45.0,nameplate_mw,True
EIA-860,Avenal Solar Holdings LLC,CA,,45.0,nameplate_mw,True
EIA-860,"Palmer's Creek Wind Farm, LLC",MN,,44.6,nameplate_mw,True
EIA-860,City of Harrisonburg - (VA),VA,,44.5,nameplate_mw,True
EIA-860,CD4,CA,,44.4,nameplate_mw,True
EIA-860,City of Spokane - (WA),WA,,43.6,nameplate_mw,True
EIA-860,Riverbay Corp,NY,,43.5,nameplate_mw,True
EIA-860,ExxonMobil Oil Corp,IL,,43.4,nameplate_mw,True
EIA-860,Massachusetts Inst of Tech,MA,,43.4,nameplate_mw,True
EIA-860,City of Peru - (IL),IL,,42.8,nameplate_mw,True
EIA-860,Shadow Wolf Energy,CA,,42.8,nameplate_mw,True
EIA-860,SunShare Management,CO MN,,42.8,nameplate_mw,True
EIA-860,San Gorgonio Farms Inc,CA,,42.7,nameplate_mw,True
EIA-860,SkyHigh 2 Solar,AZ CA CO HI MA TX,,42.3,nameplate_mw,True
EIA-860,Sylvamo North America LLC,NY,,42.1,nameplate_mw,True
EIA-860,Westbound Solar LLC,CO GA MD,,42.1,nameplate_mw,True
EIA-860,"VESI Pomona Energy Storage, Inc.",CA,,40.0,nameplate_mw,True
EIA-860,"BEAM US, LLC",MN,,40.0,nameplate_mw,True
EIA-860,"Fourmile Wind Energy, LLC",MD,,40.0,nameplate_mw,True
EIA-860,"Little Bear Solar 1, LLC (Longroad)",CA,,40.0,nameplate_mw,True
EIA-860,"Cuyama Solar, LLC",CA,,40.0,nameplate_mw,True
EIA-860,"Vista Energy Storage, LLC",CA,,40.0,nameplate_mw,True
EIA-860,"Central 40, LLC",CA,,40.0,nameplate_mw,True
EIA-860,Bright Canyon Energy,CA,,40.0,nameplate_mw,True
EIA-860,Glencoe Light & Power Comm,MN,,39.5,nameplate_mw,True
EIA-860,Covanta Energy Co,MN,,39.5,nameplate_mw,True
EIA-860,Cornell University - CHP,NY,,39.5,nameplate_mw,True
EIA-860,Covanta Onondega LP,NY,,39.5,nameplate_mw,True
EIA-860,"Scale Sustainable I, LLC",CA CO NC NJ NY,,39.4,nameplate_mw,True
EIA-860,Mid Set Cogeneration Co,CA,,39.1,nameplate_mw,True
EIA-860,Salka Cabazon Wind LLC,CA,,38.9,nameplate_mw,True
EIA-860,Salinas River Cogeneration Co,CA,,38.9,nameplate_mw,True
EIA-860,Coalinga Cogeneration Co,CA,,38.4,nameplate_mw,True
EIA-860,Prologis Logistics Services Incorporated,CA IL MD NJ NV,,38.3,nameplate_mw,True
EIA-860,Sargent Canyon Cogeneration Co,CA,,38.2,nameplate_mw,True
EIA-860,City of Princeton - (IL),IL,,37.9,nameplate_mw,True
EIA-860,"Sune Beacon Site 5, LLC",CA,,37.8,nameplate_mw,True
EIA-860,Bullrock-NxtGenREA,NY,,37.6,nameplate_mw,True
EIA-860,Friant Power Authority,CA,,37.5,nameplate_mw,True
EIA-860,St Paul Cogeneration LLC,MN,,37.0,nameplate_mw,True
EIA-860,FPL Energy Montezuma Wind,CA,,36.8,nameplate_mw,True
EIA-860,KES Kingsburg LP,CA,,36.2,nameplate_mw,True
EIA-860,HL Power Company,CA,,36.2,nameplate_mw,True
EIA-860,GFC - Franklin,VA,,36.1,nameplate_mw,True
EIA-860,Big Blue Wind Farm LLC (MN),MN,,36.0,nameplate_mw,True
EIA-860,Hibbing Public Utilities Comm,MN,,35.9,nameplate_mw,True
EIA-860,Brea Power II,CA,,35.7,nameplate_mw,True
EIA-860,Whetstone Power Operations LLC,CO,,35.4,nameplate_mw,True
EIA-860,"Westbound Solar 3, LLC",AZ CA CT GA MA ME,,35.2,nameplate_mw,True
EIA-860,Molson Coors USA LLC,CO,,35.0,nameplate_mw,True
EIA-860,Covanta Camden Energy Recovery Center,NJ,,35.0,nameplate_mw,True
EIA-860,Auwahi Wind Energy LLC,HI,,35.0,nameplate_mw,True
EIA-860,"Grazing Yak Solar, LLC",CO,,35.0,nameplate_mw,True
EIA-860,"Crow Creek Solar, LLC",CA,,35.0,nameplate_mw,True
EIA-860,Franklin Heating Station,MN,,34.0,nameplate_mw,True
EIA-860,University of California San Diego,CA,,34.0,nameplate_mw,True
EIA-860,University of Minnesota Central Utilities,MN,,34.0,nameplate_mw,True
EIA-860,NYU LANGONE HEALTH,NY,,34.0,nameplate_mw,True
EIA-860,City of Geneseo - (IL),IL,,33.6,nameplate_mw,True
EIA-860,Valero Wilmington,CA,,33.5,nameplate_mw,True
EIA-860,Village of Winnetka - (IL),IL,,33.4,nameplate_mw,True
EIA-860,"Luminace Solar MC, LLC",DE MD,,33.4,nameplate_mw,True
EIA-860,Rochelle Municipal Utilities - (IL),IL,,33.2,nameplate_mw,True
EIA-860,New-Indy Ontario LLC,CA,,33.0,nameplate_mw,True
EIA-860,University of Colorado,CO,,33.0,nameplate_mw,True
EIA-860,Mendocino Forest Products,CA,,32.5,nameplate_mw,True
EIA-860,Energy Systems Group LLC,IL TN TX WI,,32.1,nameplate_mw,True
EIA-860,Trustees of Princeton University,NJ,,32.1,nameplate_mw,True
EIA-860,OLS Energy-Agnews Inc.,CA,,32.0,nameplate_mw,True
EIA-860,Caden Energix Hickory LLC,VA,,32.0,nameplate_mw,True
EIA-860,Regeneron Pharmaceuticals Inc.,NY,,31.6,nameplate_mw,True
EIA-860,Long Island Solar Farm LLC,NY,,31.5,nameplate_mw,True
EIA-860,"DG New York CS, LLC",NY,,31.5,nameplate_mw,True
EIA-860,"Portal Ridge Solar, LLC",CA,,31.4,nameplate_mw,True
EIA-860,"Caden Energix Endless Caverns, LLC",VA,,31.4,nameplate_mw,True
EIA-860,WM Illinois Renewable Energy LLC,IL,,31.2,nameplate_mw,True
EIA-860,CSUCI Site Authority,CA,,31.1,nameplate_mw,True
EIA-860,"Burney Forest Products, A Joint Venture",CA,,31.0,nameplate_mw,True
EIA-860,Linde Inc,CA,,31.0,nameplate_mw,True
EIA-860,"OneEnergy, Inc.",IA MN WI,,31.0,nameplate_mw,True
EIA-860,CamChino Leasing LLC,CA,,30.8,nameplate_mw,True
EIA-860,City of Waterloo - (IL),IL,,30.2,nameplate_mw,True
EIA-860,P66 Rodeo Solar,CA,,30.2,nameplate_mw,True
EIA-860,Wind Stream Operations LLC,CA,,30.1,nameplate_mw,True
EIA-860,Mesa Wind Power LLC,CA,,30.0,nameplate_mw,True
EIA-860,CHI Energy Inc,NY,,30.0,nameplate_mw,True
EIA-860,Solar of Alamosa LLC,CO,,30.0,nameplate_mw,True
EIA-860,"Fair Wind Power Partners, LLC",MD,,30.0,nameplate_mw,True
EIA-860,"San Isabel Solar, LLC",CO,,30.0,nameplate_mw,True
EIA-860,Bison Solar LLC,CO,,30.0,nameplate_mw,True
EIA-860,"Santa Paula Energy Storage, LLC",CA,,30.0,nameplate_mw,True
EIA-860,Malacha Hydro Limited Partnership,CA,,29.9,nameplate_mw,True
EIA-860,Solar Planet Power,NY OH,,29.6,nameplate_mw,True
EIA-860,City of Geneva - (IL),IL,,29.5,nameplate_mw,True
EIA-860,Village of Rockville Centre - (NY),NY,,29.4,nameplate_mw,True
EIA-860,CP Kelco US Inc.,CA,,29.2,nameplate_mw,True
EIA-860,Wadham Energy LP,CA,,29.1,nameplate_mw,True
EIA-860,Finch Paper LLC,NY,,29.0,nameplate_mw,True
EIA-860,Covanta Alexandria/Arlington,VA,,29.0,nameplate_mw,True
EIA-860,"New-Indy, Oxnard LLC",CA,,29.0,nameplate_mw,True
EIA-860,CalWind Resources Inc,CA,,28.8,nameplate_mw,True
EIA-860,E F Kenilworth LLC,NJ,,28.8,nameplate_mw,True
EIA-860,Seneca Energy II,NY,,28.8,nameplate_mw,True
EIA-860,BCE Seal Beach,CA,,28.7,nameplate_mw,True
EIA-860,Berkeley Cogeneration Facility,CA,,28.5,nameplate_mw,True
EIA-860,CHI Operations Inc,MN,,28.5,nameplate_mw,True
EIA-860,CVI CleanCapital Solar 4 LLC,NJ,,28.3,nameplate_mw,True
EIA-860,CVI CleanCapital Solar 5 LLC,NJ,,28.3,nameplate_mw,True
EIA-860,EE Waianae Solar Project LLC,HI,,28.3,nameplate_mw,True
EIA-860,"KSI II Consolidated, LLC",NY,,28.2,nameplate_mw,True
EIA-860,Clean Energy Systems Mendota,CA,,28.0,nameplate_mw,True
EIA-860,Huntington Resource Recovery,NY,,28.0,nameplate_mw,True
EIA-860,National Institutes of Health,MD,,28.0,nameplate_mw,True
EIA-860,"Thor Solar 1 CEI, LLC",OR VA,,28.0,nameplate_mw,True
EIA-860,Rio Bravo Rocklin,CA,,27.9,nameplate_mw,True
EIA-860,Western Power and Steam II LLC,CA,,27.7,nameplate_mw,True
EIA-860,Na Pua Makani Power Partners LLC,HI,,27.6,nameplate_mw,True
EIA-860,CD US Solar MT 2 LLC,CA MA,,27.5,nameplate_mw,True
EIA-860,"Clean Focus Yield, LLC",CA FL MA NJ,,27.5,nameplate_mw,True
EIA-860,Celanese Acetate LLC,VA,,27.2,nameplate_mw,True
EIA-860,Delano Municipal Utilities (MN),MN,,27.0,nameplate_mw,True
EIA-860,AM Wind Repower LLC,CA,,27.0,nameplate_mw,True
EIA-860,AG Energy LP,NY,,26.9,nameplate_mw,True
EIA-860,Albany Engineering Corporation,NY,,26.8,nameplate_mw,True
EIA-860,"NineDot Holdings, LLC",NY,,26.0,nameplate_mw,True
EIA-860,SRC Partnership 15 LLC,IL,,26.0,nameplate_mw,True
EIA-860,IKEA Property Inc,CA CT FL GA IL MD MI MO NV PA TN TX VA WI,,25.8,nameplate_mw,True
EIA-860,University of Rochester,NY,,25.4,nameplate_mw,True
EIA-860,Ridgewind Power Partners LLC,MN,,25.3,nameplate_mw,True
EIA-860,IHI Power Services Corp,CA,,25.0,nameplate_mw,True
EIA-860,"Mechanicsville Solar, LLC",VA,,25.0,nameplate_mw,True
EIA-860,West Ford Flat Energy Storage,CA,,25.0,nameplate_mw,True
EIA-860,Mordor ES1 LLC,CA,,25.0,nameplate_mw,True
EIA-860,Midwest Power Partners LLC,MN,,24.7,nameplate_mw,True
EIA-860,"Sacramento PV Energy, LLC",CA,,23.8,nameplate_mw,True
EIA-860,"Bowerman Power LFG, LLC",CA,,23.8,nameplate_mw,True
EIA-860,"Azimuth 180 Solar Electric, LLC",DC IA NY,,23.8,nameplate_mw,True
EIA-860,City of Sullivan - (IL),IL,,23.7,nameplate_mw,True
EIA-860,CVI CleanCapital Solar 1 LLC,CA MA NJ VT,,23.6,nameplate_mw,True
EIA-860,Orange County Sanitation Dist - (CA),CA,,23.5,nameplate_mw,True
EIA-860,CalPortland Company,CA,,23.5,nameplate_mw,True
EIA-860,Veolia NA - Municipal & Commercial Business,NY,,23.4,nameplate_mw,True
EIA-860,Koda Energy LLC,MN,,23.4,nameplate_mw,True
EIA-860,SunVest Solar LLC,IL,,23.2,nameplate_mw,True
EIA-860,EONY Generation Limited,NY,,23.0,nameplate_mw,True
EIA-860,Sunshine Gas Producers LLC,CA,,23.0,nameplate_mw,True
EIA-860,"Boott Hydro, LLC - Hybrid",MA,,22.9,nameplate_mw,True
EIA-860,NY - PRESBYTERIAN HOSPITAL- 68TH ST,NY,,22.9,nameplate_mw,True
EIA-860,"LI Solar Generation, LLC",NY,,22.9,nameplate_mw,True
EIA-860,Electron Hydro LLC,WA,,22.8,nameplate_mw,True
EIA-860,Middlesex County Utilities Authority - (NJ),NJ,,22.5,nameplate_mw,True
EIA-860,"Ewington Energy Systems, LLC",MN,,22.5,nameplate_mw,True
EIA-860,Buena Vista Biomass LLC,CA,,22.5,nameplate_mw,True
EIA-860,Nantucket Electric Co,MA,,22.4,nameplate_mw,True
EIA-860,Innovative Energy Systems Inc,NY,,22.4,nameplate_mw,True
EIA-860,Powerflex,CA CT NJ NY,,22.4,nameplate_mw,True
EIA-860,SRC Partnership 14 LLC,IL,,22.0,nameplate_mw,True
EIA-860,Litchfield Public Utilities,MN,,21.9,nameplate_mw,True
EIA-860,Denver City & County of - (CO),CO,,21.8,nameplate_mw,True
EIA-860,CD US Solar MT1 LLC,MA NJ NY,,21.8,nameplate_mw,True
EIA-860,"Montevue Lane Solar, LLC",MD,,21.7,nameplate_mw,True
EIA-860,Bristol-Myers Squibb Co,NJ,,21.6,nameplate_mw,True
EIA-860,"Ryegate Associates, LLC",VT,,21.5,nameplate_mw,True
EIA-860,"GASNA 6P, LLC",CA,,21.3,nameplate_mw,True
EIA-860,Mesquite Lake Energy Park,CA,,21.0,nameplate_mw,True
EIA-860,Apollo Energy Corp,HI,,21.0,nameplate_mw,True
EIA-860,"Grant County Wind, LLC",MN,,21.0,nameplate_mw,True
EIA-860,"38 Degrees North, LLC",MA,,20.9,nameplate_mw,True
EIA-860,Lockheed Martin Corporation,CA,,20.9,nameplate_mw,True
EIA-860,Merck & Co Inc,NJ,,20.8,nameplate_mw,True
EIA-860,University of Massachusetts Amherst,MA,,20.4,nameplate_mw,True
EIA-860,SPS Atwell Island LLC,CA,,20.2,nameplate_mw,True
EIA-860,El Dorado Irrigation District,CA,,20.0,nameplate_mw,True
EIA-860,PAR Petroleum,HI,,20.0,nameplate_mw,True
EIA-860,"Sunray Energy 2, LLC",CA,,20.0,nameplate_mw,True
EIA-860,Edom Hills Project 1 LLC,CA,,20.0,nameplate_mw,True
EIA-860,"Aspenall Energies (Delaware), LLC",MN,,20.0,nameplate_mw,True
EIA-860,RE Kansas South LLC,CA,,20.0,nameplate_mw,True
EIA-860,TA-High Desert LLC,CA,,20.0,nameplate_mw,True
EIA-860,"Sol Orchard Imperial 1, LLC",CA,,20.0,nameplate_mw,True
EIA-860,Lone Valley Solar Park II LLC,CA,,20.0,nameplate_mw,True
EIA-860,Shafter Solar LLC,CA,,20.0,nameplate_mw,True
EIA-860,"Adelanto Solar, LLC",CA,,20.0,nameplate_mw,True
EIA-860,"Giffen Solar Park, LLC",CA,,20.0,nameplate_mw,True
EIA-860,"Solar Oasis, LLC",CA,,20.0,nameplate_mw,True
EIA-860,"Vega Solar, LLC",CA,,20.0,nameplate_mw,True
EIA-860,"AP North Lake I, LP",CA,,20.0,nameplate_mw,True
EIA-860,54 KR 8me LLC,CA,,20.0,nameplate_mw,True
EIA-860,McHenry Battery Storage,IL,,20.0,nameplate_mw,True
EIA-860,"Whitney Point Solar, LLC",CA,,20.0,nameplate_mw,True
EIA-860,"Westside Solar, LLC",CA,,20.0,nameplate_mw,True
EIA-860,"LeGore Bridge Solar Center, LLC",MD,,20.0,nameplate_mw,True
EIA-860,"KCE NY 1, LLC",NY,,20.0,nameplate_mw,True
EIA-860,"Little Bear Solar 3, LLC (Longroad)",CA,,20.0,nameplate_mw,True
EIA-860,Marengo Battery Storage LLC,IL,,20.0,nameplate_mw,True
EIA-860,Wister Solar,CA,,20.0,nameplate_mw,True
EIA-860,"DePue Holdings, LLC",IL,,20.0,nameplate_mw,True
EIA-860,"Energix Nokesville, LLC",VA,,20.0,nameplate_mw,True
EIA-860,"Energix Buckingham, LLC",VA,,20.0,nameplate_mw,True
EIA-860,"Energix Leatherwood, LLC",VA,,20.0,nameplate_mw,True
EIA-860,"Briel Solar Farm, LLC",VA,,20.0,nameplate_mw,True
EIA-860,Caden Energix Wytheville LLC,VA,,20.0,nameplate_mw,True
EIA-860,"Ortega Grid, LLC",CA,,20.0,nameplate_mw,True
EIA-860,VESI 25 LLC,NJ,,20.0,nameplate_mw,True
EIA-860,VESI 23 LLC,NJ,,20.0,nameplate_mw,True
EIA-860,"Sunny Rock Solar, LLC",VA,,20.0,nameplate_mw,True
EIA-860,"River Trail Solar, LLC",VA,,20.0,nameplate_mw,True
EIA-860,"Prairie Solar, LLC (VA)",VA,,20.0,nameplate_mw,True
EIA-860,Mordor ES2 LLC,CA,,20.0,nameplate_mw,True
EIA-860,VESI 34 LLC,NJ,,20.0,nameplate_mw,True
EIA-860,"SRC Partnership 16, LLC",IL,,20.0,nameplate_mw,True
EIA-860,Westlands Almond LLC,CA,,19.9,nameplate_mw,True
EIA-860,NSF Energy One LLC,NY,,19.9,nameplate_mw,True
EIA-860,Rising Tree Wind Farm II LLC,CA,,19.8,nameplate_mw,True
EIA-860,"Stryker 22, L.L.C.",NJ,,19.8,nameplate_mw,True
EIA-860,Plumsted 537 LLC,NJ,,19.8,nameplate_mw,True
EIA-860,Jade Meadow LLC,MD,,19.8,nameplate_mw,True
EIA-860,Caden Energix Rives Road LLC,VA,,19.7,nameplate_mw,True
EIA-860,City of Worthington - (MN),MN,,19.6,nameplate_mw,True
EIA-860,Hydroland Omega LLC,CA CT ID NY SC,,19.6,nameplate_mw,True
EIA-860,"Coolidge Solar I, LLC",VT,,19.6,nameplate_mw,True
EIA-860,"Calistoga Resiliency Center, LLC",CA,,19.3,nameplate_mw,True
EIA-860,City of Rock Falls - (IL),IL,,19.2,nameplate_mw,True
EIA-860,Columbia Solar Energy LLC,CA,,19.2,nameplate_mw,True
EIA-860,City of Owatonna - (MN),MN,,19.0,nameplate_mw,True
EIA-860,University of California Irvine,CA,,19.0,nameplate_mw,True
EIA-860,Greater Sandhill I LLC,CO,,19.0,nameplate_mw,True
EIA-860,"Marshall Wind Farm, LLC",MN,,18.9,nameplate_mw,True
EIA-860,DG Fairhaven Power LLC,CA,,18.8,nameplate_mw,True
EIA-860,"Shifting Sands Solar, LLC",VA,,18.8,nameplate_mw,True
EIA-860,Montefiore Medical Center Moses Division,NY,,18.7,nameplate_mw,True
EIA-860,"Apple Grove Solar, LLC",VA,,18.6,nameplate_mw,True
EIA-860,Cascade Solar LLC,CA,,18.5,nameplate_mw,True
EIA-860,TotalEnergies Renewables USA LLC,CA CT MA MD,,18.4,nameplate_mw,True
EIA-860,"Rutgers, The State University of NJ",NJ,,18.3,nameplate_mw,True
EIA-860,City of Marshall - (MN),MN,,18.0,nameplate_mw,True
EIA-860,BioUrja Renewables LLC,IL,,18.0,nameplate_mw,True
EIA-860,U.S. Army - Radford,VA,,18.0,nameplate_mw,True
EIA-860,"NE Renewable Fitchburg, LLC",MA,,18.0,nameplate_mw,True
EIA-860,Twin Cities Hydro LLC,MN,,18.0,nameplate_mw,True
EIA-860,ClearGen LLC,CA CO GA MA TX,,17.7,nameplate_mw,True
EIA-860,Mount Sinai Hospital,NY,,17.6,nameplate_mw,True
EIA-860,University of Massachusetts Medical,MA,,17.5,nameplate_mw,True
EIA-860,International Turbine Res Inc,CA,,17.4,nameplate_mw,True
EIA-860,"Renewable Solar, Inc",CA,,17.3,nameplate_mw,True
EIA-860,City of Highland - (IL),IL,,17.2,nameplate_mw,True
EIA-860,Reworld Babylon Inc,NY,,17.0,nameplate_mw,True
EIA-860,38DN Asset Management LLC,NY,,17.0,nameplate_mw,True
EIA-860,City of Breese - (IL),IL,,16.9,nameplate_mw,True
EIA-860,City of Marshall - (IL),IL,,16.9,nameplate_mw,True
EIA-860,New Prague Utilities Comm,MN,,16.9,nameplate_mw,True
EIA-860,"Hybrid-Electric Building Technologies West Los Angeles 1, LLC",CA,,16.9,nameplate_mw,True
EIA-860,Maas Energy Works,CA,,16.7,nameplate_mw,True
EIA-860,Town of Shrewsbury - (MA),MA,,16.5,nameplate_mw,True
EIA-860,Northern Wasco County PUD - (OR),OR WA,,16.5,nameplate_mw,True
EIA-860,Eco Services Corp.,CA TX,,16.5,nameplate_mw,True
EIA-860,"Mass Solar, LLC",MA,,16.4,nameplate_mw,True
EIA-860,DOD USMC Marine Air Ground Combat,CA,,16.4,nameplate_mw,True
EIA-860,St Mary's Hospital,MN,,16.3,nameplate_mw,True
EIA-860,"Solar Star River SLB, LLC",NJ,,16.3,nameplate_mw,True
EIA-860,Tri-Dam Power Authority,CA,,16.2,nameplate_mw,True
EIA-860,Metro Wtr Recl Dist Grtr Chi,IL,,16.0,nameplate_mw,True
EIA-860,Tinton Falls Solar,NJ,,16.0,nameplate_mw,True
EIA-860,"SR Platte, LLC",CO,,16.0,nameplate_mw,True
EIA-860,Bravo REC Management LLC,CA,,15.9,nameplate_mw,True
EIA-860,Village of Freeburg - (IL),IL,,15.8,nameplate_mw,True
EIA-860,TRITEC Americas,CA,,15.8,nameplate_mw,True
EIA-860,"Energix Mt. Jackson, LLC.",VA,,15.7,nameplate_mw,True
EIA-860,Caden Energix Pamplin LLC,VA,,15.7,nameplate_mw,True
EIA-860,"Central Rivers Power MA, LLC",MA,,15.2,nameplate_mw,True
EIA-860,Sacramento County of Dpt Waste,CA,,15.2,nameplate_mw,True
EIA-860,Redwood Falls Public Util Comm,MN,,15.1,nameplate_mw,True
EIA-860,San Diego State University,CA,,15.1,nameplate_mw,True
EIA-860,Kearsarge Solar LLC,MA,,15.1,nameplate_mw,True
EIA-860,City of Red Bud - (IL),IL,,15.0,nameplate_mw,True
EIA-860,ENGIE Denver Metro LLC,CO,,15.0,nameplate_mw,True
EIA-860,Cosmo Specialty Fibers,WA,,15.0,nameplate_mw,True
EIA-860,University of Washington,WA,,15.0,nameplate_mw,True
EIA-860,HP Hood LLC,VA,,15.0,nameplate_mw,True
EIA-860,"Hartz Solar, LLC",MD NJ,,15.0,nameplate_mw,True
EIA-860,"Biggs Ford Solar Center, LLC",MD,,15.0,nameplate_mw,True
EIA-860,"Emerald Hills Holding I, LLC",VA,,15.0,nameplate_mw,True
EIA-860,"Stratford Solar Center, LLC",VA,,15.0,nameplate_mw,True
EIA-860,"Gopher Energy Storage, LLC",MN,,15.0,nameplate_mw,True
EIA-860,"Lapeer-Cortland Solar, LLC",NY,,15.0,nameplate_mw,True
EIA-860,Black Walnut Energy Storage LLC,CA,,15.0,nameplate_mw,True
EIA-860,"Boulder, City of - (CO)",CO,,14.8,nameplate_mw,True
EIA-860,Lanikuhana Solar LLC,HI,,14.7,nameplate_mw,True
EIA-860,"SJA Solar, LLC",MA,,14.7,nameplate_mw,True
EIA-860,"Hypower Energy, LLC",CA,,14.5,nameplate_mw,True
EIA-860,Village of Rantoul - (IL),IL,,14.4,nameplate_mw,True
EIA-860,"Luminace Solar New Jersey, LLC",NJ,,14.4,nameplate_mw,True
EIA-860,The Gillette Company,MA,,14.2,nameplate_mw,True
EIA-860,"CS Wind America, Inc.",CO,,14.1,nameplate_mw,True
EIA-860,DC Water,DC,,14.1,nameplate_mw,True
EIA-860,Olcese Water District,CA,,14.0,nameplate_mw,True
EIA-860,Merck & Co Inc,VA,,14.0,nameplate_mw,True
EIA-860,Thomson Corp,MN,,14.0,nameplate_mw,True
EIA-860,San Jose/Santa Clara Water P C,CA,,14.0,nameplate_mw,True
EIA-860,LAX Airport,CA,,14.0,nameplate_mw,True
EIA-860,"Gardy's Mill Solar, LLC",VA,,14.0,nameplate_mw,True
EIA-860,"SolAmerica Energy, LLC",GA IL,,14.0,nameplate_mw,True
EIA-860,Wellesley College,MA,,13.9,nameplate_mw,True
EIA-860,City of Mora - (MN),MN,,13.8,nameplate_mw,True
EIA-860,Sunray Energy 3 LLC,CA,,13.8,nameplate_mw,True
EIA-860,"South Fork Wind, LLC",MN,,13.8,nameplate_mw,True
EIA-860,BQ Energy LLC,NY,,13.7,nameplate_mw,True
EIA-860,Tesoro Carson Refinery,CA,,13.5,nameplate_mw,True
EIA-860,New York University,NY,,13.5,nameplate_mw,True
EIA-860,"Java Solar, LLC",CA,,13.5,nameplate_mw,True
EIA-860,City of Carmi - (IL),IL,,13.4,nameplate_mw,True
EIA-860,Roseburg Forest Products,CA,,13.4,nameplate_mw,True
EIA-860,University of California-San Francisco,CA,,13.4,nameplate_mw,True
EIA-860,Golden Springs Development Company LLC,CA,,13.3,nameplate_mw,True
EIA-860,Rivanna Solar LLC,VA,,13.3,nameplate_mw,True
EIA-860,Glass House Camarillo Cultivation,CA,,13.2,nameplate_mw,True
EIA-860,Loma Linda University,CA,,13.1,nameplate_mw,True
EIA-860,California Institute-Technology,CA,,13.0,nameplate_mw,True
EIA-860,Philip Morris USA - Park 500,VA,,13.0,nameplate_mw,True
EIA-860,ENI New Energy US Inc,HI IN,,13.0,nameplate_mw,True
EIA-860,"Solar Star California XXXII, LLC",CA,,13.0,nameplate_mw,True
EIA-860,"SR Jenkins, LLC",CO,,13.0,nameplate_mw,True
EIA-860,"Energix Hollyfield, LLC",VA,,13.0,nameplate_mw,True
EIA-860,"DG Central 1, LLC",MN OK TX,,13.0,nameplate_mw,True
EIA-860,Bear Canyon Energy Storage,CA,,13.0,nameplate_mw,True
EIA-860,"NSF Energy Two, LLC",NY,,13.0,nameplate_mw,True
EIA-860,"SREOG IL Partnership 4, LLC",IL,,13.0,nameplate_mw,True
EIA-860,City of Moorhead - (MN),MN,,12.9,nameplate_mw,True
EIA-860,Town of Hudson - (MA),MA,,12.9,nameplate_mw,True
EIA-860,"Viridity Energy Solutions, Inc.",CA NJ VT,,12.9,nameplate_mw,True
EIA-860,Veolia North America,NY,,12.8,nameplate_mw,True
EIA-860,McKinley Paper Co. - Washington Mill,WA,,12.6,nameplate_mw,True
EIA-860,"DG Northeast Solar II, LLC",NJ,,12.6,nameplate_mw,True
EIA-860,Town of Ipswich - (MA),MA,,12.5,nameplate_mw,True
EIA-860,City of Detroit Lakes - (MN),MN,,12.5,nameplate_mw,True
EIA-860,Reworld MacArthur Renewable Energy,NY,,12.5,nameplate_mw,True
EIA-860,Ampersand Chowchilla Biomass LLC,CA,,12.5,nameplate_mw,True
EIA-860,Merced Power LLC,CA,,12.5,nameplate_mw,True
EIA-860,Frontier Operation Services,GA IL NC WA,,12.5,nameplate_mw,True
EIA-860,"Sentinel Peak Resources California, LLC",CA,,12.4,nameplate_mw,True
EIA-860,City of Carlyle - (IL),IL,,12.3,nameplate_mw,True
EIA-860,Princeton Public Utils Comm,MN,,12.3,nameplate_mw,True
EIA-860,"Mars Wrigley Confectionery US, LLC",NJ,,12.3,nameplate_mw,True
EIA-860,Valta Energy,CA HI NE NY,,12.3,nameplate_mw,True
EIA-860,Electrodes,CA,,12.3,nameplate_mw,True
EIA-860,Island Energy Services,HI,,12.2,nameplate_mw,True
EIA-860,City of St James - (MN),MN,,12.0,nameplate_mw,True
EIA-860,City of Centralia - (WA),WA,,12.0,nameplate_mw,True
EIA-860,Willmar Municipal Utilities (MN),MN,,12.0,nameplate_mw,True
EIA-860,Palmetto Power Management LLC,CA NC,,12.0,nameplate_mw,True
EIA-860,Orion Solar I LLC,CA,,12.0,nameplate_mw,True
EIA-860,The NY Times Production Facility,NY,,12.0,nameplate_mw,True
EIA-860,Newfield Solar LLC,NY,,12.0,nameplate_mw,True
EIA-860,"Oswego, City of - (NY)",NY,,11.9,nameplate_mw,True
EIA-860,New York Presbyterian Hospital- 168th Street,NY,,11.9,nameplate_mw,True
EIA-860,The Greater Light USA LLC,CA,,11.9,nameplate_mw,True
EIA-860,City of Madelia - (MN),MN,,11.8,nameplate_mw,True
EIA-860,"Northbrook Virginia Hydro, LLC",VA,,11.8,nameplate_mw,True
EIA-860,Isabella Partners,CA,,11.8,nameplate_mw,True
EIA-860,"Shaokatan Hills, LLC (Longroad)",MN,,11.8,nameplate_mw,True
EIA-860,Rattlesnake Ridge Energy Storage LLC,CO,,11.8,nameplate_mw,True
EIA-860,Davis UP Energy Storage LLC,CO,,11.8,nameplate_mw,True
EIA-860,Bromley Energy Storage LLC,CO,,11.8,nameplate_mw,True
EIA-860,Keenesburg Energy Storage LLC,CO,,11.8,nameplate_mw,True
EIA-860,City of Windom (MN),MN,,11.6,nameplate_mw,True
EIA-860,Village of Swanton - (VT),VT,,11.6,nameplate_mw,True
EIA-860,Solano Irrigation District,CA,,11.5,nameplate_mw,True
EIA-860,Kern and Tule Hydro LLC,CA,,11.5,nameplate_mw,True
EIA-860,Madison Windpower LLC,NY,,11.5,nameplate_mw,True
EIA-860,"Energix Aditya, LLC",VA,,11.5,nameplate_mw,True
EIA-860,Sleepy Eye Public Utility Comm,MN,,11.4,nameplate_mw,True
EIA-860,G&S Operations LLC,NJ,,11.4,nameplate_mw,True
EIA-860,City of Farmer City - (IL),IL,,11.3,nameplate_mw,True
EIA-860,Olmsted County Public Works - (MN),MN,,11.3,nameplate_mw,True
EIA-860,"SEPV Sierra, LLC",CA,,11.3,nameplate_mw,True
EIA-860,"Lakota Ridge, LLC (Longroad)",MN,,11.2,nameplate_mw,True
EIA-860,Phillips 66,NJ,,11.2,nameplate_mw,True
EIA-860,North Branch Water & Light Comm,MN,,11.0,nameplate_mw,True
EIA-860,Janssen Pharmaceutical Co,NJ PA,,11.0,nameplate_mw,True
EIA-860,ZGlobal Inc,CA,,11.0,nameplate_mw,True
EIA-860,"Silverstrand Grid, LLC",CA,,11.0,nameplate_mw,True
EIA-860,"Pacific Energy Solutions, LLC",HI,,11.0,nameplate_mw,True
EIA-860,"DG Empire Shine, LLC",NY,,11.0,nameplate_mw,True
EIA-860,"Irwindale Brew Yard, LLC",CA,,10.9,nameplate_mw,True
EIA-860,Camp Riley Solar Facility,MN,,10.9,nameplate_mw,True
EIA-860,Marvin,MN,,10.9,nameplate_mw,True
EIA-860,City of Bushnell - (IL),IL,,10.8,nameplate_mw,True
EIA-860,US GSA Heating and Transmission,DC,,10.8,nameplate_mw,True
EIA-860,"Rancho Seco Solar, LLC",CA,,10.8,nameplate_mw,True
EIA-860,Princeton Energy Center LLC,NJ,,10.8,nameplate_mw,True
EIA-860,Mount Sinai South Nassau Hospital,NY,,10.8,nameplate_mw,True
EIA-860,"PB Nutclif Master, LLC",NJ,,10.6,nameplate_mw,True
EIA-860,Loyola University Health System,IL,,10.6,nameplate_mw,True
EIA-860,City of Chicopee - (MA),MA,,10.5,nameplate_mw,True
EIA-860,GR Catalyst Two LLC,NY,,10.5,nameplate_mw,True
EIA-860,Doc Brown LLC,VA,,10.5,nameplate_mw,True
EIA-860,Wailuku Holding Company LLC,HI,,10.4,nameplate_mw,True
EIA-860,Eastridge Wind Project,MN,,10.4,nameplate_mw,True
EIA-860,Mahipapa LLC,HI,,10.3,nameplate_mw,True
EIA-860,Rockfish Solar LLC,MD,,10.3,nameplate_mw,True
EIA-860,Moose Lake Water & Light Comm,MN,,10.2,nameplate_mw,True
EIA-860,Snow Mountain Hydro LLC,CA,,10.2,nameplate_mw,True
EIA-860,"MSS Energy Holdings, LLC (d.b.a. Calibrant Energy)",MA,,10.2,nameplate_mw,True
EIA-860,"AC Power 14, LLC",NY,,10.2,nameplate_mw,True
EIA-860,Village of Greenport - (NY),NY,,10.1,nameplate_mw,True
EIA-860,"Foundation HA Energy Generation, LLC",CA,,10.1,nameplate_mw,True
EIA-860,Western Sugar Cooperative,CO NE,,10.1,nameplate_mw,True
EIA-860,EIF Haypress LLC,CA,,10.0,nameplate_mw,True
EIA-860,Lone Valley Solar Park I LLC,CA,,10.0,nameplate_mw,True
EIA-860,OYA Blanchard Road LLC,NY,,10.0,nameplate_mw,True
EIA-860,OYA Blanchard Road 2 LLC,NY,,10.0,nameplate_mw,True
EIA-860,OYA NYS Rte 12 LLC,NY,,10.0,nameplate_mw,True
EIA-860,OYA Great Lakes Seaway LLC,NY,,10.0,nameplate_mw,True
EIA-860,"Blodgett Street Solar 1, LLC",MA,,10.0,nameplate_mw,True
EIA-860,"59FED WHAM8 Solar, LLC",MA,,10.0,nameplate_mw,True
EIA-860,"West Valley Solar, LLC",NY,,10.0,nameplate_mw,True
EIA-860,"Westside Solar, LLC (Ecofin)",MN,,10.0,nameplate_mw,True
EIA-860,"FFP NY Goshen Project2, LLC",NY,,10.0,nameplate_mw,True
EIA-860,Kearsarge Riverpark I LLC,MA,,10.0,nameplate_mw,True
EIA-860,"South River OnSite Generation, LLC",NJ,,9.9,nameplate_mw,True
EIA-860,Town of Bedford - (VA),VA,,9.8,nameplate_mw,True
EIA-860,CVI CleanCapital Solar 6,MA,,9.8,nameplate_mw,True
EIA-860,"0HAM WHAM8 Solar, LLC",MA,,9.8,nameplate_mw,True
EIA-860,City of Luverne - (MN),MN,,9.7,nameplate_mw,True
EIA-860,NSF Energy Three LLC,NY,,9.7,nameplate_mw,True
EIA-860,Eagle Materials Co LLC,CO,,9.6,nameplate_mw,True
EIA-860,Bridge Energy LLC,CA,,9.6,nameplate_mw,True
EIA-860,"Chautauqua Green Energy, LLC",NY,,9.6,nameplate_mw,True
EIA-860,SAF Hydroelectric LLC,MN,,9.6,nameplate_mw,True
EIA-860,Cinnamon Bay LLC,NJ,,9.6,nameplate_mw,True
EIA-860,Vassar Brothers Medical Center,NY,,9.5,nameplate_mw,True
EIA-860,Big Valley Power (BVP) LLC,CA,,9.3,nameplate_mw,True
EIA-860,"Bay4 Energy Services, LLC",CA IL,,9.3,nameplate_mw,True
EIA-860,City of Trinidad - (CO),CO,,9.2,nameplate_mw,True
EIA-860,City of Alexandria - (MN),MN,,9.2,nameplate_mw,True
EIA-860,Melrose Public Utilities,MN,,9.2,nameplate_mw,True
EIA-860,Dutchess County RRA - (NY),NY,,9.2,nameplate_mw,True
EIA-860,"CADC MSP01, LLC",MN,,9.2,nameplate_mw,True
EIA-860,City of Tulare Water Pollution Control - (CA),CA,,9.2,nameplate_mw,True
EIA-860,Atlantic Health System,NJ,,9.2,nameplate_mw,True
EIA-860,Jacobi Medical Center,NY,,9.1,nameplate_mw,True
EIA-860,"DG Illinois Solar, LLC",IL,,9.1,nameplate_mw,True
EIA-860,City of Benson - (MN),MN,,9.0,nameplate_mw,True
EIA-860,Springfield Public Utils Comm - (MN),MN,,9.0,nameplate_mw,True
EIA-860,City of Wells - (MN),MN,,9.0,nameplate_mw,True
EIA-860,Washington Electric Coop - (VT),VT,,9.0,nameplate_mw,True
EIA-860,Illinois Municipal Elec Agency (IL),IL,,9.0,nameplate_mw,True
EIA-860,City of Flora - (IL),IL,,9.0,nameplate_mw,True
EIA-860,"Luminace Solar Chicago, LLC",IL,,9.0,nameplate_mw,True
EIA-860,"SL Babylon, LLC",NY,,9.0,nameplate_mw,True
EIA-860,"Syncarpha Puddon I, LLC",MA,,9.0,nameplate_mw,True
EIA-860,"Syncarpha Puddon II, LLC",MA,,9.0,nameplate_mw,True
EIA-860,"Syncarpha Northbridge I, LLC",MA,,9.0,nameplate_mw,True
EIA-860,Spreckels Sugar Company,CA,,8.9,nameplate_mw,True
EIA-860,California State University at Fullerton,CA,,8.9,nameplate_mw,True
EIA-860,City of St Charles - (MN),MN,,8.8,nameplate_mw,True
EIA-860,"Syncarpha Millbury, LLC",MA,,8.8,nameplate_mw,True
EIA-860,"Syncarpha Blandford, LLC",MA,,8.8,nameplate_mw,True
EIA-860,Dynamic Energy Holdings LLC,NJ NY,,8.8,nameplate_mw,True
EIA-860,ASD Wallum MA Solar LLC,MA,,8.8,nameplate_mw,True
EIA-860,Costen Solar LLC,MD,,8.8,nameplate_mw,True
EIA-860,Gay & Robinson Inc,HI,,8.7,nameplate_mw,True
EIA-860,Plumas Sierra Rural Electric Coop,CA,,8.7,nameplate_mw,True
EIA-860,"Luminace Solar Holding, LLC",AZ MD NY OH,,8.7,nameplate_mw,True
EIA-860,City of Blooming Prairie - (MN),MN,,8.6,nameplate_mw,True
EIA-860,Mega Renewables,CA,,8.6,nameplate_mw,True
EIA-860,Northbrook Lyons Falls LLC,NY,,8.6,nameplate_mw,True
EIA-860,"Luminace Solar Illinois 2, LLC",IL,,8.6,nameplate_mw,True
EIA-860,St. Cloud Hydroelectric Generation Facility,MN,,8.6,nameplate_mw,True
EIA-860,Tule Hydro LLC,CA,,8.4,nameplate_mw,True
EIA-860,Bear Valley Electric Service,CA,,8.4,nameplate_mw,True
EIA-860,"Agriwind Holdings, LLC",IL,,8.4,nameplate_mw,True
EIA-860,Albert Einstein College of Medicine,NY,,8.4,nameplate_mw,True
EIA-860,"Yaphank Fuel Cell Park, LLC",NY,,8.4,nameplate_mw,True
EIA-860,"FFP NY Goshen Project1, LLC",NY,,8.4,nameplate_mw,True
EIA-860,"147 Williamsville Solar 1, LLC",MA,,8.3,nameplate_mw,True
EIA-860,"Clark Road Solar 1, LLC",MA,,8.3,nameplate_mw,True
EIA-860,"276FED WHAM8 Solar, LLC",MA,,8.3,nameplate_mw,True
EIA-860,"160TIH WHAM8 Solar, LLC",MA,,8.3,nameplate_mw,True
EIA-860,"SL Evans, LLC",NY,,8.3,nameplate_mw,True
EIA-860,SunE Alamosa1 LLC,CO,,8.2,nameplate_mw,True
EIA-860,Foundation CA Fund VI Manager LLC,CA,,8.2,nameplate_mw,True
EIA-860,City of Watertown - (NY),NY,,8.1,nameplate_mw,True
EIA-860,"Luminace Solar New Jersey II, LLC",NJ,,8.1,nameplate_mw,True
EIA-860,"Foundation CA Fund V Manager, LLC",CA,,8.1,nameplate_mw,True
EIA-860,East Brookfield Adams Road Solar LLC,MA,,8.1,nameplate_mw,True
EIA-860,City of Lamar - (CO),CO,,8.0,nameplate_mw,True
EIA-860,County of Sonoma Dept of Trnsp,CA,,8.0,nameplate_mw,True
EIA-860,C&H Sugar Company Inc,CA,,8.0,nameplate_mw,True
EIA-860,"Huerfano River Wind, LLC",CO,,8.0,nameplate_mw,True
EIA-860,Hometown Bio Energy LLC,MN,,8.0,nameplate_mw,True
EIA-860,"Orion Solar II, LLC",CA,,8.0,nameplate_mw,True
EIA-860,Tri-County Water Conservancy District,CO,,8.0,nameplate_mw,True
EIA-860,"Potrero Hills Energy Producers, LLC",CA,,8.0,nameplate_mw,True
EIA-860,"SR Clinch, LLC",CO,,8.0,nameplate_mw,True
EIA-860,Woodhull Hospital,NY,,8.0,nameplate_mw,True
EIA-860,"Syncarpha Northbridge II, LLC",MA,,8.0,nameplate_mw,True
EIA-860,"Lansing Renewables, LLC",NY,,8.0,nameplate_mw,True
EIA-860,"Hales Mills Solar, LLC",NY,,8.0,nameplate_mw,True
EIA-860,"Owlville Creek Solar 2, LLC",NY,,8.0,nameplate_mw,True
EIA-860,"Owlville Creek Solar, LLC",NY,,8.0,nameplate_mw,True
EIA-860,CalCom Energy,CA,,8.0,nameplate_mw,True
EIA-860,GP Big Island LLC,VA,,7.9,nameplate_mw,True
EIA-860,"Integrys MA Solar, LLC",MA,,7.9,nameplate_mw,True
EIA-860,"US Dept of Army, Garrison, APG",MD,,7.9,nameplate_mw,True
EIA-860,Cox Enterprises,MA NJ WV,,7.9,nameplate_mw,True
EIA-860,Leprino Foods,CA,,7.9,nameplate_mw,True
EIA-860,City of Stockton MUD - (CA),CA,,7.8,nameplate_mw,True
EIA-860,Carleton College,MN,,7.8,nameplate_mw,True
EIA-860,"SR Mavericks, LLC",CO,,7.8,nameplate_mw,True
EIA-860,NYC-HH Coney Island Hospital,NY,,7.8,nameplate_mw,True
EIA-860,Annadale Community Clean Energy Projects LLC,NY,,7.8,nameplate_mw,True
EIA-860,Parkway Energy Storage LLC,CO,,7.8,nameplate_mw,True
EIA-860,Frederick Energy Storage LLC,CO,,7.8,nameplate_mw,True
EIA-860,Mead Energy Storage LLC,CO,,7.8,nameplate_mw,True
EIA-860,Platte Valley Energy Storage LLC,CO,,7.8,nameplate_mw,True
EIA-860,City of San Diego - (CA),CA,,7.7,nameplate_mw,True
EIA-860,Apex Power Generation Corp.,CA,,7.7,nameplate_mw,True
EIA-860,"Mt. Tom Solar, LLC",MA,,7.6,nameplate_mw,True
EIA-860,"Syncarpha Westminster, LLC",MA,,7.6,nameplate_mw,True
EIA-860,"RPCA Solar 1, LLC",CA,,7.6,nameplate_mw,True
EIA-860,"SREOG IL Partnership 3, LLC",IL,,7.6,nameplate_mw,True
EIA-860,Cushaw Hydro LLC,VA,,7.5,nameplate_mw,True
EIA-860,Port Townsend Paper Co,WA,,7.5,nameplate_mw,True
EIA-860,Southern Minnesota Beet Sugar,MN,,7.5,nameplate_mw,True
EIA-860,G2 Energy LLC,CA FL,,7.5,nameplate_mw,True
EIA-860,Riverside Renewable Energy,NJ,,7.5,nameplate_mw,True
EIA-860,Delta-Montrose Electric Association,CO,,7.5,nameplate_mw,True
EIA-860,Sunlight General Mercer Solar LLC,NJ,,7.5,nameplate_mw,True
EIA-860,SDGE Batteries,CA,,7.5,nameplate_mw,True
EIA-860,"Architect of the Capitol, Capitol Power Plant",DC,,7.5,nameplate_mw,True
EIA-860,James W. Broderick Hydropower Plant,CO,,7.5,nameplate_mw,True
EIA-860,"SREOG IL Partnership 2, LLC",IL,,7.5,nameplate_mw,True
EIA-860,University of California Santa Cruz,CA,,7.4,nameplate_mw,True
EIA-860,NYC-HH-New Bellevue Hospital,NY,,7.4,nameplate_mw,True
EIA-860,City of Granite Falls - (MN),MN,,7.3,nameplate_mw,True
EIA-860,MM San Diego Energy-Miramar,CA,,7.3,nameplate_mw,True
EIA-860,Marina Energy LLC,NJ,,7.3,nameplate_mw,True
EIA-860,Excelsior Energy Capital,MN VT,,7.3,nameplate_mw,True
EIA-860,"Solar Star California XXXI, LLC",CA,,7.3,nameplate_mw,True
EIA-860,"Wilmarth Lane Solar 1, LLC",MA,,7.3,nameplate_mw,True
EIA-860,South Sutter Water District,CA,,7.2,nameplate_mw,True
EIA-860,City of Mountain Lake - (MN),MN,,7.2,nameplate_mw,True
EIA-860,City of Altamont - (IL),IL,,7.2,nameplate_mw,True
EIA-860,Hoffer Plastics,IL,,7.2,nameplate_mw,True
EIA-860,The Bank of New York,NY,,7.2,nameplate_mw,True
EIA-860,"Breckenridge Street Solar 1, LLC",MA,,7.2,nameplate_mw,True
EIA-860,"77F2M WHAM8 Solar, LLC",MA,,7.2,nameplate_mw,True
EIA-860,Spring Valley Pub Utils Comm,MN,,7.1,nameplate_mw,True
EIA-860,Ocean County Utilities Auth - (NJ),NJ,,7.1,nameplate_mw,True
EIA-860,HQC Tatanka Wi Solar Power Generation LLC,MN,,7.1,nameplate_mw,True
EIA-860,Saint Agnes Medical Center,CA,,7.0,nameplate_mw,True
EIA-860,President & Trustees of Williams College,MA,,7.0,nameplate_mw,True
EIA-860,POET Biorefining Lake Crystal,MN,,7.0,nameplate_mw,True
EIA-860,"Adelanto Solar II, LLC",CA,,7.0,nameplate_mw,True
EIA-860,"SCDA Solar 1, LLC",CA,,7.0,nameplate_mw,True
EIA-860,BQ Energy Development,IL,,7.0,nameplate_mw,True
EIA-860,County of Santa Clara - (CA),CA,,7.0,nameplate_mw,True
EIA-860,Kearsarge William Way LLC,MA,,7.0,nameplate_mw,True
EIA-860,"RPNY Solar 3, LLC",NY,,7.0,nameplate_mw,True
EIA-860,VESI 24 LLC,NJ,,7.0,nameplate_mw,True
EIA-860,"Blacksmith Road Solar 1, LLC",MA,,7.0,nameplate_mw,True
EIA-860,Solar Star Prime 4 LLC,CA,,7.0,nameplate_mw,True
EIA-860,Town of Culpeper- (VA),VA,,6.9,nameplate_mw,True
EIA-860,Mt. Sinai- Morningside,NY,,6.9,nameplate_mw,True
EIA-860,Aera Energy LLC-Coalinga,CA,,6.8,nameplate_mw,True
EIA-860,MM West Covina Energy LLC,CA,,6.8,nameplate_mw,True
EIA-860,Adkins Energy LLC,IL,,6.8,nameplate_mw,True
EIA-860,City of Grand Marais - (MN),MN,,6.7,nameplate_mw,True
EIA-860,Massachusetts Water Res Auth,MA,,6.7,nameplate_mw,True
EIA-860,Prince George's County - (MD),MD,,6.7,nameplate_mw,True
EIA-860,"Vista Solar, Inc.",CA RI,,6.7,nameplate_mw,True
EIA-860,Western Massachusetts Electric Company,MA,,6.6,nameplate_mw,True
EIA-860,ILR Landfill,NJ,,6.6,nameplate_mw,True
EIA-860,"C-S Canal Hydro, LLC",NY,,6.6,nameplate_mw,True
EIA-860,SunSelect Produce (California) Inc,CA,,6.6,nameplate_mw,True
EIA-860,City of Thief River Falls - (MN),MN,,6.5,nameplate_mw,True
EIA-860,ERCAM LLC,HI,,6.5,nameplate_mw,True
EIA-860,City of Worcester DPW - (MA),MA,,6.5,nameplate_mw,True
EIA-860,"West Deptford Distributed Solar, LLC",NJ,,6.5,nameplate_mw,True
EIA-860,City of Franklin - (VA),VA,,6.4,nameplate_mw,True
EIA-860,Casella Waste Systems,NY,,6.4,nameplate_mw,True
EIA-860,Richmond Energy LLC,VA,,6.4,nameplate_mw,True
EIA-860,Lincoln Medical and Mental Health Center,NY,,6.4,nameplate_mw,True
EIA-860,Virginia Polytechnic Inst and State Unv,VA,,6.3,nameplate_mw,True
EIA-860,"Peak Power 1, LLC",NY,,6.3,nameplate_mw,True
EIA-860,Argonne National Laboratory,IL,,6.3,nameplate_mw,True
EIA-860,"Maple Street Solar 1, LLC",MA,,6.3,nameplate_mw,True
EIA-860,City of Truman - (MN),MN,,6.2,nameplate_mw,True
EIA-860,Erving Paper Mills Inc,MA,,6.2,nameplate_mw,True
EIA-860,The College of New Jersey,NJ,,6.2,nameplate_mw,True
EIA-860,Essex County Correctional Facility Cogen,NJ,,6.2,nameplate_mw,True
EIA-860,CES Agawam Tuckahoe Solar LLC,MA,,6.2,nameplate_mw,True
EIA-860,Shapham Place Solar Project 2020 LLC,NY,,6.2,nameplate_mw,True
EIA-860,"SE Municipal Colorado, LLC",CO,,6.2,nameplate_mw,True
EIA-860,City of McLeansboro - (IL),IL,,6.1,nameplate_mw,True
EIA-860,Harvest Midstream Co,CO,,6.1,nameplate_mw,True
EIA-860,Westchester County Medical Center - (NY),NY,,6.1,nameplate_mw,True
EIA-860,St. Joseph's Regional Medical Center (NJ),NJ,,6.1,nameplate_mw,True
EIA-860,San Jose State University Fclts Dev &Ops,CA,,6.0,nameplate_mw,True
EIA-860,"Vicinity Energy Trenton, L.P.",NJ,,6.0,nameplate_mw,True
EIA-860,IPT SRI Cogeneration Inc,CA,,6.0,nameplate_mw,True
EIA-860,Wells Manufacturing Co,IL,,6.0,nameplate_mw,True
EIA-860,Metropolitan Pier and Exposition Auth,IL,,6.0,nameplate_mw,True
EIA-860,Brewster,MN,,6.0,nameplate_mw,True
EIA-860,Coastal Community Action Program,WA,,6.0,nameplate_mw,True
EIA-860,Seaside Heights Municipal Utility (NJ),NJ,,6.0,nameplate_mw,True
EIA-860,"Luminace Solar Maryland II, LLC",MD,,6.0,nameplate_mw,True
EIA-860,"Ka Ie Ie Waho Company, LLC",HI,,6.0,nameplate_mw,True
EIA-860,"SR Rattlesnake, LLC",CO,,6.0,nameplate_mw,True
EIA-860,"DG Fuel Cell, LLC",NY,,6.0,nameplate_mw,True
EIA-860,"Hampstead Solar, LLC",MD,,6.0,nameplate_mw,True
EIA-860,"Google, Inc.",CA,,6.0,nameplate_mw,True
EIA-860,EnerSmart Chula Vista Sub Station,CA,,6.0,nameplate_mw,True
EIA-860,NewYork-Presbyterian Brooklyn Methodist Hospital,NY,,5.9,nameplate_mw,True
EIA-860,MM Albany Energy LLC,NY,,5.9,nameplate_mw,True
EIA-860,"JBAB Solar I, LLC.",DC,,5.9,nameplate_mw,True
EIA-860,"Solar Star Prime 3, LLC",CA,,5.9,nameplate_mw,True
EIA-860,City of Lake Crystal - (MN),MN,,5.8,nameplate_mw,True
EIA-860,Maryland Environmental Service,MD,,5.8,nameplate_mw,True
EIA-860,U S Gypsum Co,NY,,5.8,nameplate_mw,True
EIA-860,Ptarmigan Res & Engy Inc,CO,,5.8,nameplate_mw,True
EIA-860,Mahi Pono LLC,HI,,5.8,nameplate_mw,True
EIA-860,County of Santa Barbara - (CA),CA,,5.8,nameplate_mw,True
EIA-860,"SRC Partnership 3, LLC",IL,,5.8,nameplate_mw,True
EIA-860,Solutia Inc-Indian,MA,,5.7,nameplate_mw,True
EIA-860,"Signal Hill Petroleum, Inc",CA,,5.7,nameplate_mw,True
EIA-860,Solar Community I LLC,CA,,5.7,nameplate_mw,True
EIA-860,California PV Energy LLC,CA,,5.7,nameplate_mw,True
EIA-860,St. Olaf College,MN,,5.7,nameplate_mw,True
EIA-860,White Plains Hospital Medical Center,NY,,5.7,nameplate_mw,True
EIA-860,City of Las Animas - (CO),CO,,5.6,nameplate_mw,True
EIA-860,Town of Berlin - (MD),MD,,5.6,nameplate_mw,True
EIA-860,BBCP Kauai Operating LLC,HI,,5.6,nameplate_mw,True
EIA-860,Los Angeles County DHS,CA,,5.6,nameplate_mw,True
EIA-860,Bassett Healthcare,NY,,5.6,nameplate_mw,True
EIA-860,Model City Energy LLC,NY,,5.6,nameplate_mw,True
EIA-860,Monroe County - (NY),NY,,5.6,nameplate_mw,True
EIA-860,Costco Wholesale,CA,,5.6,nameplate_mw,True
EIA-860,Foundation CA Fund X Manager LLC,CA,,5.6,nameplate_mw,True
EIA-860,"Syncarpha Northampton, LLC",MA,,5.6,nameplate_mw,True
EIA-860,"Montague Road Solar, LLC",MA,,5.6,nameplate_mw,True
EIA-860,ASD Cotuit MA Solar LLC,MA,,5.6,nameplate_mw,True
EIA-860,Spectrum Solar LLC,MD,,5.6,nameplate_mw,True
EIA-860,Solar Star Colorado II LLC,CO,,5.5,nameplate_mw,True
EIA-860,Hoag Memorial Presbyterian Hospital,CA,,5.5,nameplate_mw,True
EIA-860,SMECO Solar LLC,MD,,5.5,nameplate_mw,True
EIA-860,Kenyon Municipal Utilities - (MN),MN,,5.4,nameplate_mw,True
EIA-860,Town of Marblehead - (MA),MA,,5.4,nameplate_mw,True
EIA-860,Sycamore Energy LLC,CA,,5.4,nameplate_mw,True
EIA-860,Yolo County Flood Control WCD,CA,,5.4,nameplate_mw,True
EIA-860,City of Casey - (IL),IL,,5.4,nameplate_mw,True
EIA-860,King County Solid Waste Division,WA,,5.4,nameplate_mw,True
EIA-860,"Ingenco Renewable Development, LLC",VA,,5.4,nameplate_mw,True
EIA-860,"Foundation CA Fund IX Manager, LLC",CA,,5.4,nameplate_mw,True
EIA-860,DG Edison New Jersey LLC,NJ,,5.4,nameplate_mw,True
EIA-860,ASD Three Rivers Road MA Solar LLC,MA,,5.4,nameplate_mw,True
EIA-860,Yuhaaviatam of San Manuel Nation,CA,,5.4,nameplate_mw,True
EIA-860,Department of the Navy,CA,,5.3,nameplate_mw,True
EIA-860,The Trustees of Smith College,MA,,5.3,nameplate_mw,True
EIA-860,Laurel Capital Partners,DE NJ OH PA,,5.3,nameplate_mw,True
EIA-860,"Partridgeville Road Solar 1, LLC",MA,,5.3,nameplate_mw,True
EIA-860,"299F2M WHAM8 Solar, LLC",MA,,5.3,nameplate_mw,True
EIA-860,Village of Morrisville - (VT),VT,,5.2,nameplate_mw,True
EIA-860,Broadridge Customer Communications,CA,,5.2,nameplate_mw,True
EIA-860,County of Kern - (CA),CA,,5.2,nameplate_mw,True
EIA-860,Verizon Communications,CA TX,,5.2,nameplate_mw,True
EIA-860,"Solar Star Coastal Pirate, LLC",CA,,5.2,nameplate_mw,True
EIA-860,Foster Clean Power B LLC,CA,,5.2,nameplate_mw,True
EIA-860,State Farm Insurance,IL,,5.1,nameplate_mw,True
EIA-860,Monterey Regional Waste Mgmt,CA,,5.1,nameplate_mw,True
EIA-860,City of Salem - (VA),VA,,5.1,nameplate_mw,True
EIA-860,Southern Illinois University Carbondale,IL,,5.1,nameplate_mw,True
EIA-860,Utica Water & Power Authority,CA,,5.0,nameplate_mw,True
EIA-860,City of Aspen- (CO),CO,,5.0,nameplate_mw,True
EIA-860,"COE Bridgewater LLC c/o Thor Equities, LLC",NJ,,5.0,nameplate_mw,True
EIA-860,Big Creek Water Works Ltd,CA,,5.0,nameplate_mw,True
EIA-860,Collins Pine Co,CA,,5.0,nameplate_mw,True
EIA-860,Siskiyou Power Authority,CA,,5.0,nameplate_mw,True
EIA-860,Olsen Power Partners,CA,,5.0,nameplate_mw,True
EIA-860,Los Angeles County-San Gabriel,CA,,5.0,nameplate_mw,True
EIA-860,Presence Health,IL,,5.0,nameplate_mw,True
EIA-860,Washington State University,WA,,5.0,nameplate_mw,True
EIA-860,CalRenew-1 LLC,CA,,5.0,nameplate_mw,True
EIA-860,Yolo County of - (CA),CA,,5.0,nameplate_mw,True
EIA-860,GL Wind LLC,MN,,5.0,nameplate_mw,True
EIA-860,"Paradise Solar Urban Renewal, LLC",NJ,,5.0,nameplate_mw,True
EIA-860,FPC Services Inc.,IL,,5.0,nameplate_mw,True
EIA-860,"CD US Solar MT3, LLC",MA,,5.0,nameplate_mw,True
EIA-860,"RE Cranbury Solar 1, LLC",NJ,,5.0,nameplate_mw,True
EIA-860,Ursa Community Solar,MN,,5.0,nameplate_mw,True
EIA-860,Sunrise Community Solar,MN,,5.0,nameplate_mw,True
EIA-860,Rosemount Community Solar,MN,,5.0,nameplate_mw,True
EIA-860,Paynesville Community Solar,MN,,5.0,nameplate_mw,True
EIA-860,Northfield Community Solar,MN,,5.0,nameplate_mw,True
EIA-860,Webster Holdco LLC,MN,,5.0,nameplate_mw,True
EIA-860,Farmington Holdco LLC,MN,,5.0,nameplate_mw,True
EIA-860,Dodge Holdco LLC,MN,,5.0,nameplate_mw,True
EIA-860,"Hwy 14 Holdco, LLC",MN,,5.0,nameplate_mw,True
EIA-860,Big Lake Holdco LLC,MN,,5.0,nameplate_mw,True
EIA-860,Forest Lake Holdco LLC,MN,,5.0,nameplate_mw,True
EIA-860,Vega Community Solar,MN,,5.0,nameplate_mw,True
EIA-860,"Brook Street Solar 1, LLC",MA,,5.0,nameplate_mw,True
EIA-860,"Elizabeth Mines Solar 1, LLC",VT,,5.0,nameplate_mw,True
EIA-860,Corvus Community Solar,MN,,5.0,nameplate_mw,True
EIA-860,Capella Community Solar,MN,,5.0,nameplate_mw,True
EIA-860,Andromeda Community Solar,MN,,5.0,nameplate_mw,True
EIA-860,Northfield Holdco LLC,MN,,5.0,nameplate_mw,True
EIA-860,"Minnesota Solar CSG 19, LLC",MN,,5.0,nameplate_mw,True
EIA-860,"Minnesota Solar CSG 9, LLC",MN,,5.0,nameplate_mw,True
EIA-860,"SunE Corcoran SP Owner, LLC",CA,,5.0,nameplate_mw,True
EIA-860,Foreman's Hill CSG LLC,MN,,5.0,nameplate_mw,True
EIA-860,Montevideo Solar LLC,MN,,5.0,nameplate_mw,True
EIA-860,Frontenac Holdco LLC,MN,,5.0,nameplate_mw,True
EIA-860,Sartell Holdco LLC,MN,,5.0,nameplate_mw,True
EIA-860,Gloversville Community Solar LLC,NY,,5.0,nameplate_mw,True
EIA-860,Tanglewood Circle Solar 1 LLC,MA,,5.0,nameplate_mw,True
EIA-860,"Minuteman Energy Storage, LLC",MA,,5.0,nameplate_mw,True
EIA-860,"East Hampton Energy Storage Center, LLC",NY,,5.0,nameplate_mw,True
EIA-860,"Montauk Energy Storage Center, LLC",NY,,5.0,nameplate_mw,True
EIA-860,"Granby Solar, LLC",MA,,5.0,nameplate_mw,True
EIA-860,"Rock County Wind Fuel, LLC",MN,,5.0,nameplate_mw,True
EIA-860,"28 Livermore Hill Road Solar, LLC",MA,,5.0,nameplate_mw,True
EIA-860,OYA 2643 Moore Road LLC,NY,,5.0,nameplate_mw,True
EIA-860,Captona Canton LLC,MA,,5.0,nameplate_mw,True
EIA-860,Captona Ravenbrook LLC,MA,,5.0,nameplate_mw,True
EIA-860,Captona Hudson LLC,MA,,5.0,nameplate_mw,True
EIA-860,Ware Palmer Road Solar LLC,MA,,5.0,nameplate_mw,True
EIA-860,"RPCA Solar 3, LLC",CA,,5.0,nameplate_mw,True
EIA-860,FPS Coxsackie Solar LLC,NY,,5.0,nameplate_mw,True
EIA-860,"237 State Route 96 Site 2, LLC",NY,,5.0,nameplate_mw,True
EIA-860,"237 State Route 96 Site 1, LLC",NY,,5.0,nameplate_mw,True
EIA-860,BWC Connecticut River LLC,MA,,5.0,nameplate_mw,True
EIA-860,VESI 10 LLC,CA,,5.0,nameplate_mw,True
EIA-860,Bronx Community Clean Energy Project LLC,NY,,5.0,nameplate_mw,True
EIA-860,Coolangatta Solar LLC,CO,,5.0,nameplate_mw,True
EIA-860,ASA DeKalb NY Solar I LLC,NY,,5.0,nameplate_mw,True
EIA-860,ASA Volney NY Solar I LLC,NY,,5.0,nameplate_mw,True
EIA-860,DOCCS Eastern,NY,,5.0,nameplate_mw,True
EIA-860,DOCCS Wende,NY,,5.0,nameplate_mw,True
EIA-860,OYA Main Street LLC,NY,,5.0,nameplate_mw,True
EIA-860,OYA Church Road A LLC,NY,,5.0,nameplate_mw,True
EIA-860,"Bradford Solar, LLC",MA,,5.0,nameplate_mw,True
EIA-860,"RT32 Westerlo Solar 1, LLC",NY,,5.0,nameplate_mw,True
EIA-860,"Settlers Solar, LLC",MA,,5.0,nameplate_mw,True
EIA-860,"Woodland Avenue Solar 1, LLC",MA,,5.0,nameplate_mw,True
EIA-860,"RT405 Westerlo Solar 2, LLC",NY,,5.0,nameplate_mw,True
EIA-860,"LR Wheatfield Solar 1, LLC",NY,,5.0,nameplate_mw,True
EIA-860,"Pendleton Solar 1, LLC",NY,,5.0,nameplate_mw,True
EIA-860,"NY Lodi I, LLC",NY,,5.0,nameplate_mw,True
EIA-860,AlphaStruxure Service Co LP,MD,,5.0,nameplate_mw,True
EIA-860,"Sugar Hill Solar 1, LLC",NY,,5.0,nameplate_mw,True
EIA-860,"NSF Angelica Site 1, LLC",NY,,5.0,nameplate_mw,True
EIA-860,"NSF Angelica Site 2, LLC",NY,,5.0,nameplate_mw,True
EIA-860,"NSF Angelica Site 3, LLC",NY,,5.0,nameplate_mw,True
EIA-860,"NSF Angelica Site 4, LLC",NY,,5.0,nameplate_mw,True
EIA-860,"Mohawk View Solar, LLC",NY,,5.0,nameplate_mw,True
EIA-860,"Van Epps Solar, LLC",NY,,5.0,nameplate_mw,True
EIA-860,"Morristown Solar II, LLC",NY,,5.0,nameplate_mw,True
EIA-860,"TJA-NY-11202 Ridge Rd Medina, LLC",NY,,5.0,nameplate_mw,True
EIA-860,"Royal Solar Partners, LLC",NY,,5.0,nameplate_mw,True
EIA-860,NY USLE Albion Long Bridge A LLC,NY,,5.0,nameplate_mw,True
EIA-860,NY USLE Oswego SR104 LLC,NY,,5.0,nameplate_mw,True
EIA-860,"ELP Livingston Solar, LLC",NY,,5.0,nameplate_mw,True
EIA-860,"ELP Claverack Solar, LLC",NY,,5.0,nameplate_mw,True
EIA-860,"Magruder Solar, LLC",NY,,5.0,nameplate_mw,True
EIA-860,"Solar DG NY Sunnyside 1, LLC",NY,,5.0,nameplate_mw,True
EIA-860,Afton Solar LLC,NY,,5.0,nameplate_mw,True
EIA-860,Amherst Community Solar LLC,NY,,5.0,nameplate_mw,True
EIA-860,"Solitude Solar Dix Duvall Rd Microgrid, LLC",NY,,5.0,nameplate_mw,True
EIA-860,Greene Community Solar LLC,NY,,5.0,nameplate_mw,True
EIA-860,"SL Fredonia, LLC",NY,,5.0,nameplate_mw,True
EIA-860,NYSolar03 LLC,NY,,5.0,nameplate_mw,True
EIA-860,Grand Island Sunrise LLC,NY,,5.0,nameplate_mw,True
EIA-860,Phillips Route 82 Solar LLC,NY,,5.0,nameplate_mw,True
EIA-860,French King Solar LLC,MA,,5.0,nameplate_mw,True
EIA-860,Green Correctional Coxsackie NY Solar LLC,NY,,5.0,nameplate_mw,True
EIA-860,"Herrington Solar, LLC",NY,,5.0,nameplate_mw,True
EIA-860,Helios Energy New York 15 LLC,NY,,5.0,nameplate_mw,True
EIA-860,NY USLE Carthage SR26 A LLC,NY,,5.0,nameplate_mw,True
EIA-860,"DG Empire Lumen 2023, LLC",NY,,5.0,nameplate_mw,True
EIA-860,LSE Pegasus LLC,NY,,5.0,nameplate_mw,True
EIA-860,Hemings Solar Partners LLC,VA,,5.0,nameplate_mw,True
EIA-860,"SL Sherman II, LLC",NY,,5.0,nameplate_mw,True
EIA-860,"DG Empire Sun, LLC",NY,,5.0,nameplate_mw,True
EIA-860,"DG Kendall, LLC",NY,,5.0,nameplate_mw,True
EIA-860,"Solar Star Bear Creek, LLC",CA,,5.0,nameplate_mw,True
EIA-860,Holden BESS 1 LLC,MA,,5.0,nameplate_mw,True
EIA-860,Helios Energy New York 3 LLC,NY,,5.0,nameplate_mw,True
EIA-860,Broadway CDG Solar LLC,NY,,5.0,nameplate_mw,True
EIA-860,McCormick NY CSG LLC,NY,,5.0,nameplate_mw,True
EIA-860,Locust Solar LLC,NY,,5.0,nameplate_mw,True
EIA-860,LSE Fornax LLC,MA,,5.0,nameplate_mw,True
EIA-860,"Solar DG NY Sunnyside 2, LLC",NY,,5.0,nameplate_mw,True
EIA-860,"NSF Torrey Site 3, LLC",NY,,5.0,nameplate_mw,True
EIA-860,"NSF Torrey Site 2, LLC",NY,,5.0,nameplate_mw,True
EIA-860,NY CDG Montgomery 1 LLC,NY,,5.0,nameplate_mw,True
EIA-860,"127 CVF, LLC",CA,,5.0,nameplate_mw,True
EIA-860,"Catskill View Solar, LLC",NY,,5.0,nameplate_mw,True
EIA-860,"Claverack Creek Solar, LLC",NY,,5.0,nameplate_mw,True
EIA-860,"Bodhi Solar, LLC",NY,,5.0,nameplate_mw,True
EIA-860,Brookhaven 1,NY,,5.0,nameplate_mw,True
EIA-860,"NY CDG Ontario 2, LLC",NY,,5.0,nameplate_mw,True
EIA-860,Above Grid Montour Solar LLC,NY,,5.0,nameplate_mw,True
EIA-860,Above Grid Binghamton Solar LLC,NY,,5.0,nameplate_mw,True
EIA-860,"DG Niagara, LLC",NY,,5.0,nameplate_mw,True
EIA-860,"Ticon Solar, LLC",NY,,5.0,nameplate_mw,True
EIA-860,"Rush Solar Farm 1, LLC",NY,,5.0,nameplate_mw,True
EIA-860,Helios Energy New York 13 LLC,NY,,5.0,nameplate_mw,True
EIA-860,"NSF Enfield Site 2, LLC",NY,,5.0,nameplate_mw,True
EIA-860,"NSF Enfield Site 3, LLC",NY,,5.0,nameplate_mw,True
EIA-860,"NSF Enfield Site 1, LLC",NY,,5.0,nameplate_mw,True
EIA-860,"NSF Coventry Site 2, LLC",NY,,5.0,nameplate_mw,True
EIA-860,"NSF Coventry Site 3, LLC",NY,,5.0,nameplate_mw,True
EIA-860,Trousdale Solar I,NY,,5.0,nameplate_mw,True
EIA-860,"Trousdale Solar II, LLC",NY,,5.0,nameplate_mw,True
EIA-860,"Warrior Solar Partners, LLC",NY,,5.0,nameplate_mw,True
EIA-860,"Dowmont Solar, LLC",NY,,5.0,nameplate_mw,True
EIA-860,"Hidden Meadows Solar, LLC",NY,,5.0,nameplate_mw,True
EIA-860,"Heuvelton Solar, LLC",NY,,5.0,nameplate_mw,True
EIA-860,Kilmer Solar LLC,NY,,5.0,nameplate_mw,True
EIA-860,CVE US EI5 Manlius East LLC,NY,,5.0,nameplate_mw,True
EIA-860,CVE US EI5 Manlius West LLC,NY,,5.0,nameplate_mw,True
EIA-860,Mantisi Solar LLC,NY,,5.0,nameplate_mw,True
EIA-860,Sunrise on Knight Rd. LLC,MA,,5.0,nameplate_mw,True
EIA-860,CVE US EI8 Quaker LLC,NY,,5.0,nameplate_mw,True
EIA-860,Rak 1 Solar LLC,NY,,5.0,nameplate_mw,True
EIA-860,Sunrise on Clubhouse Rd. LLC,MA,,5.0,nameplate_mw,True
EIA-860,Sunrise on Montague Rd. LLC,MA,,5.0,nameplate_mw,True
EIA-860,USS Ducks Solar LLC,IL,,5.0,nameplate_mw,True
EIA-860,Wakefield MA BESS 1 LLC,MA,,5.0,nameplate_mw,True
EIA-860,"Ohio Solar, LLC",IL,,5.0,nameplate_mw,True
EIA-860,Mound City Solar PV,IL,,5.0,nameplate_mw,True
EIA-860,"Pope Creek Solar, LLC",IL,,5.0,nameplate_mw,True
EIA-860,"Rocky Mountain Elk Solar, LLC",IL,,5.0,nameplate_mw,True
EIA-860,NY 5 King LLC,NY,,5.0,nameplate_mw,True
EIA-860,NY 24 Sherman LLC,NY,,5.0,nameplate_mw,True
EIA-860,NSF Chateaugay Site 1 LLC,NY,,5.0,nameplate_mw,True
EIA-860,"NSF Marshall Site 2, LLC",NY,,5.0,nameplate_mw,True
EIA-860,"NSF Marshall Site 1, LLC",NY,,5.0,nameplate_mw,True
EIA-860,"Winema Solar Partners, LLC",NY,,5.0,nameplate_mw,True
EIA-860,Oreana Renewables LLC,IL,,5.0,nameplate_mw,True
EIA-860,Kearsarge St Johnsville LLC,NY,,5.0,nameplate_mw,True
EIA-860,"Cortlandville PV, LLC",NY,,5.0,nameplate_mw,True
EIA-860,Alton Landfill Solar LLC,IL,,5.0,nameplate_mw,True
EIA-860,Peppertown Road Solar LLC,VA,,5.0,nameplate_mw,True
EIA-860,City of Janesville - (MN),MN,,4.9,nameplate_mw,True
EIA-860,Kearsarge Amesbury LLC,MA,,4.9,nameplate_mw,True
EIA-860,"Hadley 3 Solar, LLC (North)",MA,,4.9,nameplate_mw,True
EIA-860,"Solar Star Prime 2, LLC",NY,,4.9,nameplate_mw,True
EIA-860,"Ruler Solar Partners, LLC",NY,,4.9,nameplate_mw,True
EIA-860,Hampden Landfill Solar LLC,MA,,4.9,nameplate_mw,True
EIA-860,USS Auburn Solar LLC,CO,,4.9,nameplate_mw,True
EIA-860,Ampersand Gilman Hydro LP,VT,,4.8,nameplate_mw,True
EIA-860,Energy 2001 Inc,CA,,4.8,nameplate_mw,True
EIA-860,"Syncarpha Palmer, LLC",MA,,4.8,nameplate_mw,True
EIA-860,Shavano Falls Hydro LLC - Drop 4 Project,CO,,4.8,nameplate_mw,True
EIA-860,Rollingstone Holdco LLC,MN,,4.8,nameplate_mw,True
EIA-860,"BWC Origination 18, LLC",MA,,4.8,nameplate_mw,True
EIA-860,"Syncarpha Tewksbury, LLC",MA,,4.8,nameplate_mw,True
EIA-860,Kearsarge Haverhill LLC,MA,,4.8,nameplate_mw,True
EIA-860,"SL Jamestown II, LLC",NY,,4.8,nameplate_mw,True
EIA-860,Hanover II PV LLC,NY,,4.8,nameplate_mw,True
EIA-860,Nalco Co,IL,,4.7,nameplate_mw,True
EIA-860,"Fuyao Glass Illinois, Inc",IL,,4.7,nameplate_mw,True
EIA-860,"Mondelez Global, LLC",IL,,4.7,nameplate_mw,True
EIA-860,"Golden Hills Solar, LLC",MA,,4.7,nameplate_mw,True
EIA-860,Phoenix Solar South Farms LLC,IL,,4.7,nameplate_mw,True
EIA-860,Harlem Hospital Center,NY,,4.7,nameplate_mw,True
EIA-860,"Blandford Sun, LLC",MA,,4.7,nameplate_mw,True
EIA-860,"California PV Energy 3, LLC",CA,,4.7,nameplate_mw,True
EIA-860,"SL Sherman, LLC",NY,,4.7,nameplate_mw,True
EIA-860,King County Dept-Natural Res - (WA),WA,,4.6,nameplate_mw,True
EIA-860,NYU Langone Health,NY,,4.6,nameplate_mw,True
EIA-860,NFI Solar LLC,NJ,,4.6,nameplate_mw,True
EIA-860,OBP Cogen LLC,NY,,4.6,nameplate_mw,True
EIA-860,Qualcomm Incorporated,CA,,4.6,nameplate_mw,True
EIA-860,"Fisher Road Solar I, LLC",MA,,4.6,nameplate_mw,True
EIA-860,"Syncarpha Leicester, LLC",MA,,4.6,nameplate_mw,True
EIA-860,The George Washington University,DC,,4.6,nameplate_mw,True
EIA-860,Norton Powerhouse 2,MA,,4.6,nameplate_mw,True
EIA-860,"SEPV Cuyama, LLC",CA,,4.6,nameplate_mw,True
EIA-860,"NSF Torrey Site 1, LLC",NY,,4.6,nameplate_mw,True
EIA-860,"55 Drive BESS, LLC",NY,,4.6,nameplate_mw,True
EIA-860,Sharp Grossmont Hospital,CA,,4.5,nameplate_mw,True
EIA-860,Air Force Civil Engineer Center,MA,,4.5,nameplate_mw,True
EIA-860,RENEW Energy Inc,MN,,4.5,nameplate_mw,True
EIA-860,Hampton Lumber Mills - Washington Inc,WA,,4.5,nameplate_mw,True
EIA-860,Kern Oil & Refining Co,CA,,4.5,nameplate_mw,True
EIA-860,"Iron Horse Solar 4, LLC",MA,,4.5,nameplate_mw,True
EIA-860,Stenner Creek Solar LLC,CA,,4.5,nameplate_mw,True
EIA-860,Kearsarge Concord II LLC,MA,,4.5,nameplate_mw,True
EIA-860,NYPH-Queens,NY,,4.5,nameplate_mw,True
EIA-860,SCV Water,CA,,4.5,nameplate_mw,True
EIA-860,BWC Hamilton Brook LLC,MA,,4.5,nameplate_mw,True
EIA-860,"RPNY Solar 2, LLC",NY,,4.5,nameplate_mw,True
EIA-860,"ENGIE 2019 ProjectCo MA-1, LLC",MA,,4.5,nameplate_mw,True
EIA-860,Helios Energy New York 2 LLC,NY,,4.5,nameplate_mw,True
EIA-860,Grand Valley Power LLC,CO,,4.5,nameplate_mw,True
EIA-860,"Buckheart Creek Solar 1, LLC",IL,,4.5,nameplate_mw,True
EIA-860,Tinta Wita Energy LLC,MN,,4.5,nameplate_mw,True
EIA-860,Kearsarge Southampton LLC,NY,,4.5,nameplate_mw,True
EIA-860,Monterey Cnty Water Res Agency,CA,,4.4,nameplate_mw,True
EIA-860,Hastings Lock & Dam,MN,,4.4,nameplate_mw,True
EIA-860,Yuma County Water User's Association,CA,,4.4,nameplate_mw,True
EIA-860,VA Sepulveda Ambulatory Care Center,CA,,4.4,nameplate_mw,True
EIA-860,City of Santa Rosa - (CA),CA,,4.4,nameplate_mw,True
EIA-860,"Federal Road Solar 1, LLC",MA,,4.4,nameplate_mw,True
EIA-860,Maimonides Medical Center,NY,,4.4,nameplate_mw,True
EIA-860,Redwood Coast Energy Authority,CA,,4.4,nameplate_mw,True
EIA-860,"Potsdam Community Solar 2, LLC",NY,,4.4,nameplate_mw,True
EIA-860,"DG Moorman Creek, LLC",NY,,4.4,nameplate_mw,True
EIA-860,NSF Chateaugay Site 2 LLC,NY,,4.4,nameplate_mw,True
EIA-860,Biola University,CA,,4.3,nameplate_mw,True
EIA-860,Gamesa Wind US LLC,WA,,4.3,nameplate_mw,True
EIA-860,"NVT LICENSES, LLC",MA MD,,4.3,nameplate_mw,True
EIA-860,"BWC Origination 4, LLC",MA,,4.3,nameplate_mw,True
EIA-860,"Seaboard Energy California, LLC",CA,,4.3,nameplate_mw,True
EIA-860,"Dartmouth Farms Solar, LLC",MA,,4.3,nameplate_mw,True
EIA-860,NY USLE Glenville Freemans Bridge LLC,NY,,4.3,nameplate_mw,True
EIA-860,"Foster Clean Power A, LLC",CA,,4.3,nameplate_mw,True
EIA-860,NY CDG Genesee 4 LLC,NY,,4.3,nameplate_mw,True
EIA-860,USS Origami Solar LLC,IL,,4.3,nameplate_mw,True
EIA-860,CSL Behring LLC,IL,,4.2,nameplate_mw,True
EIA-860,CH4 Biogas LLC,NY OH,,4.2,nameplate_mw,True
EIA-860,Sierra Nevada Brewing Co,CA,,4.2,nameplate_mw,True
EIA-860,Sunlight General Morris Solar LLC,NJ,,4.2,nameplate_mw,True
EIA-860,DG Crystal Spring LLC,MA,,4.2,nameplate_mw,True
EIA-860,"Department of the Army, Fort Carson",CO,,4.2,nameplate_mw,True
EIA-860,"Cranberry Highway Solar, LLC",MA,,4.2,nameplate_mw,True
EIA-860,Yakama Power,WA,,4.1,nameplate_mw,True
EIA-860,Calpine Vineland Solar LLC,NJ,,4.1,nameplate_mw,True
EIA-860,Heliovaas LLC,MA,,4.1,nameplate_mw,True
EIA-860,Albany Medical Center,NY,,4.1,nameplate_mw,True
EIA-860,Hollingsworth & Vose Co West Groton,MA,,4.1,nameplate_mw,True
EIA-860,Goya Foods Inc.,NJ,,4.1,nameplate_mw,True
EIA-860,"Canal Energy S23, LLC",CA,,4.1,nameplate_mw,True
EIA-860,"V Street Solar, LLC",DC,,4.1,nameplate_mw,True
EIA-860,Great Bay Hydro Corp,VT,,4.0,nameplate_mw,True
EIA-860,City of Halstad - (MN),MN,,4.0,nameplate_mw,True
EIA-860,"SIT Renewables, Inc.",CA,,4.0,nameplate_mw,True
EIA-860,Garnet Solar Generation Station I LLC,CA,,4.0,nameplate_mw,True
EIA-860,Solarenewal LLC,CA,,4.0,nameplate_mw,True
EIA-860,"CD US Solar PO 3, LLC",CA,,4.0,nameplate_mw,True
EIA-860,"Charlton Solar I, LLC",MA,,4.0,nameplate_mw,True
EIA-860,"Broome Energy Resources, LLC",NY,,4.0,nameplate_mw,True
EIA-860,"Syncarpha Bondsville, LLC",MA,,4.0,nameplate_mw,True
EIA-860,Chisago Community Solar,MN,,4.0,nameplate_mw,True
EIA-860,CCC Solar Holdings LLC,MA,,4.0,nameplate_mw,True
EIA-860,Equity Industrial Turbines,MA,,4.0,nameplate_mw,True
EIA-860,Hopewell Campus Owners LLC,NJ,,4.0,nameplate_mw,True
EIA-860,Aries Community Solar,MN,,4.0,nameplate_mw,True
EIA-860,"Redbrook Solar 1, LLC",MA,,4.0,nameplate_mw,True
EIA-860,Taurus Community Solar,MN,,4.0,nameplate_mw,True
EIA-860,Carina Community Solar,MN,,4.0,nameplate_mw,True
EIA-860,"Belchertown Renewables, LLC",MA,,4.0,nameplate_mw,True
EIA-860,Northern Westchester Hospital,NY,,4.0,nameplate_mw,True
EIA-860,"Minnesota Solar CSG 1, LLC",MN,,4.0,nameplate_mw,True
EIA-860,"DG New Jersey Solar, LLC",NJ,,4.0,nameplate_mw,True
EIA-860,Mount Sinai Beth Israel,NY,,4.0,nameplate_mw,True
EIA-860,Chaffey Community College District,CA,,4.0,nameplate_mw,True
EIA-860,"BWC Gibbs Brook, LLC",MA,,4.0,nameplate_mw,True
EIA-860,Altorfer Inc.,IL,,4.0,nameplate_mw,True
EIA-860,Kearsarge Montague LLC,MA,,4.0,nameplate_mw,True
EIA-860,"Route 14A CDG Solar North and South, LLC",NY,,4.0,nameplate_mw,True
EIA-860,"LSE Dorado, LLC",MA,,4.0,nameplate_mw,True
EIA-860,"SRC Partnership 1, LLC",MD,,4.0,nameplate_mw,True
EIA-860,"SunE P11L Holdings, LLC",CA,,4.0,nameplate_mw,True
EIA-860,"Brick Church Solar 1, LLC",NY,,4.0,nameplate_mw,True
EIA-860,"Off Airport Road - West, LLC",NY,,4.0,nameplate_mw,True
EIA-860,"Fitchburg Renewables, LLC",MA,,4.0,nameplate_mw,True
EIA-860,"6140 Route 209 - North, LLC",NY,,4.0,nameplate_mw,True
EIA-860,"McDonough Solar 1, LLC",IL,,4.0,nameplate_mw,True
EIA-860,"BWC East Brook, LLC",MA,,4.0,nameplate_mw,True
EIA-860,Cokato Holdco LLC,MN,,4.0,nameplate_mw,True
EIA-860,ASA Gouverneur NY Solar II LLC,NY,,4.0,nameplate_mw,True
EIA-860,"MA CS Uxbridge, LLC",MA,,4.0,nameplate_mw,True
EIA-860,"Lincoln Solar Star, LLC",CA,,4.0,nameplate_mw,True
EIA-860,ACC Renewable Resources,CA,,4.0,nameplate_mw,True
EIA-860,"1639 RT 29 Solar 1, LLC",NY,,4.0,nameplate_mw,True
EIA-860,Unison Energy LLC,CO,,4.0,nameplate_mw,True
EIA-860,"3232 Batavia Solar, LLC",NY,,4.0,nameplate_mw,True
EIA-860,"Solar DG NJ BEMS East, LLC",NJ,,4.0,nameplate_mw,True
EIA-860,"Solar DG NJ BEMS West, LLC",NJ,,4.0,nameplate_mw,True
EIA-860,South County Packing,CA,,4.0,nameplate_mw,True
EIA-860,East Victory Way Solar LLC,CO,,4.0,nameplate_mw,True
EIA-860,LSE Perseus LLC,NY,,4.0,nameplate_mw,True
EIA-860,Avon Solar Farm LLC,NY,,4.0,nameplate_mw,True
EIA-860,LSE Ophiuchus LLC,MA,,4.0,nameplate_mw,True
EIA-860,Frankfort Solar Farm LLC,NY,,4.0,nameplate_mw,True
EIA-860,"Old Frontier Solar III PV, LLC",MA,,4.0,nameplate_mw,True
EIA-860,"Ellis Creek Solar, LLC",CA,,4.0,nameplate_mw,True
EIA-860,"NY Thompson III, LLC",NY,,4.0,nameplate_mw,True
EIA-860,CVE US EI7 Belair LLC,NY,,4.0,nameplate_mw,True
EIA-860,CVE US EI3 Wheatfield LLC,NY,,4.0,nameplate_mw,True
EIA-860,"Solar DG MD Cherry Hill, LLC",MD,,4.0,nameplate_mw,True
EIA-860,"Eagles Solar I, LLC",NJ,,4.0,nameplate_mw,True
EIA-860,"Eagles Solar II, LLC",NJ,,4.0,nameplate_mw,True
EIA-860,53 SP Solar Trust,NJ,,4.0,nameplate_mw,True
EIA-860,"ESNY-Yorktown, LLC",NY,,4.0,nameplate_mw,True
EIA-860,"SREOG IL Partnership 1, LLC",IL,,4.0,nameplate_mw,True
EIA-860,A & N Electric Coop,MD VA,,3.9,nameplate_mw,True
EIA-860,"Luminace Solar Federal, LLC",NJ,,3.9,nameplate_mw,True
EIA-860,William Floyd School District,NY,,3.9,nameplate_mw,True
EIA-860,State of CA DGS BPM,CA,,3.9,nameplate_mw,True
EIA-860,SunRay Power LLC,MA NJ,,3.9,nameplate_mw,True
EIA-860,"Pine Island Holdco, LLC",MN,,3.9,nameplate_mw,True
EIA-860,"Marie's Way Solar I, LLC",MA,,3.9,nameplate_mw,True
EIA-860,Nationwide Solar Energy LLC,MA,,3.9,nameplate_mw,True
EIA-860,"Kyocera International, Inc",CA,,3.8,nameplate_mw,True
EIA-860,"Community Renewables, LLC",MN,,3.8,nameplate_mw,True
EIA-860,Avidan Energy Solutions,NJ,,3.8,nameplate_mw,True
EIA-860,"Foundation CA Fund VIII Manager, LLC",CA,,3.8,nameplate_mw,True
EIA-860,"DG Amaze New Jersey, LLC",NJ,,3.8,nameplate_mw,True
EIA-860,Kearsarge Montague BD LLC,MA,,3.8,nameplate_mw,True
EIA-860,DOCCS Midstate,NY,,3.8,nameplate_mw,True
EIA-860,Sealed Air Corporation,CA,,3.8,nameplate_mw,True
EIA-860,"MA CS Dighton, LLC",MA,,3.8,nameplate_mw,True
EIA-860,Kearsarge Beverly LLC,MA,,3.8,nameplate_mw,True
EIA-860,"Solitude Solar New Hartford Oxford Microgrid, LLC",NY,,3.8,nameplate_mw,True
EIA-860,LSE Pisces LLC,NY,,3.8,nameplate_mw,True
EIA-860,Sunrise on Wing Ln. LLC,MA,,3.8,nameplate_mw,True
EIA-860,Preston Public Utilities Comm,MN,,3.7,nameplate_mw,True
EIA-860,Black Creek Hydro Inc,WA,,3.7,nameplate_mw,True
EIA-860,"Dresser Hill Solar, LLC",MA,,3.7,nameplate_mw,True
EIA-860,DOCCS Greenhaven,NY,,3.7,nameplate_mw,True
EIA-860,Kearsarge Ludlow LLC,MA,,3.7,nameplate_mw,True
EIA-860,"Solar DG NJ Brookdale, LLC",NJ,,3.7,nameplate_mw,True
EIA-860,New York Zoological Society,NY,,3.6,nameplate_mw,True
EIA-860,Oswego County - (NY),NY,,3.6,nameplate_mw,True
EIA-860,Yolo County Community Services Department,CA,,3.6,nameplate_mw,True
EIA-860,Dow Jones & Co,NJ,,3.6,nameplate_mw,True
EIA-860,Mercy Medical Center,NY,,3.6,nameplate_mw,True
EIA-860,Triton College,IL,,3.6,nameplate_mw,True
EIA-860,Diamond Properties,NY,,3.6,nameplate_mw,True
EIA-860,West Valley-Mission Community College District,CA,,3.6,nameplate_mw,True
EIA-860,"EF NY CDG 010, LLC",NY,,3.6,nameplate_mw,True
EIA-860,"Hat Creek Bioenergy, LLC",CA,,3.6,nameplate_mw,True
EIA-860,Wolf Solar LLC,NY,,3.6,nameplate_mw,True
EIA-860,City of Ukiah - (CA),CA,,3.5,nameplate_mw,True
EIA-860,Kaweah Delta Hospital,CA,,3.5,nameplate_mw,True
EIA-860,"Energen Renewables, LLC",MI NY,,3.5,nameplate_mw,True
EIA-860,"Ampersand Ogdensburg Hydro, LLC",NY,,3.5,nameplate_mw,True
EIA-860,M&M Mars Inc,IL,,3.5,nameplate_mw,True
EIA-860,SunE U6 Holdings LLC,CA CO,,3.5,nameplate_mw,True
EIA-860,Central Contra Costa Sanitary District,CA,,3.5,nameplate_mw,True
EIA-860,Butte-Glenn Community College District,CA,,3.5,nameplate_mw,True
EIA-860,"Bird Machine Solar Farm, LLC",MA,,3.5,nameplate_mw,True
EIA-860,"SR Kersey, LLC",CO,,3.5,nameplate_mw,True
EIA-860,Marbury Point Solar LLC,DC,,3.5,nameplate_mw,True
EIA-860,"RPNY Solar 1, LLC",NY,,3.5,nameplate_mw,True
EIA-860,"Niagara Depot Solar, LLC",NY,,3.5,nameplate_mw,True
EIA-860,NY USLE Rome Rome-Oriskany LLC,NY,,3.5,nameplate_mw,True
EIA-860,"ELP Kipp Solar, LLC",NY,,3.5,nameplate_mw,True
EIA-860,Rak 2 Solar LLC,NY,,3.5,nameplate_mw,True
EIA-860,California Family Foods,CA,,3.5,nameplate_mw,True
EIA-860,City of Lakefield - (MN),MN,,3.4,nameplate_mw,True
EIA-860,Hampshire Paper Co Inc,NY,,3.4,nameplate_mw,True
EIA-860,"GR Catalyst One, LLC",NY,,3.4,nameplate_mw,True
EIA-860,"Denver Airport Solar, LLC",CO,,3.4,nameplate_mw,True
EIA-860,Henkel U.S. Operations Corporation,NY,,3.4,nameplate_mw,True
EIA-860,Mt Wachusett Community College,MA,,3.4,nameplate_mw,True
EIA-860,US Space Force,MA,,3.4,nameplate_mw,True
EIA-860,Dept of Corrections NCCI Wind,MA,,3.4,nameplate_mw,True
EIA-860,WEB Brookfield Solar LLC,MA,,3.4,nameplate_mw,True
EIA-860,"REC SHW, LLC",CA,,3.4,nameplate_mw,True
EIA-860,Yakima-Tieton Irrigation Dist,WA,,3.3,nameplate_mw,True
EIA-860,"Ampersand Long Falls Hydro, LLC",NY,,3.3,nameplate_mw,True
EIA-860,Holcomb Rock Company,VA,,3.3,nameplate_mw,True
EIA-860,Will County Energy LLC,IL,,3.3,nameplate_mw,True
EIA-860,Vitro Flat Glass LLC,CA,,3.3,nameplate_mw,True
EIA-860,"TerraForm Solar XVII, LLC",MA,,3.3,nameplate_mw,True
EIA-860,Whitethorn Solar LLC,CA,,3.3,nameplate_mw,True
EIA-860,CommonWealth New Bedford Energy LLC,MA,,3.3,nameplate_mw,True
EIA-860,"Syncarpha Halifax, LLC",MA,,3.3,nameplate_mw,True
EIA-860,New Columbia Solar,DC,,3.3,nameplate_mw,True
EIA-860,ASA DeKalb NY Solar III LLC,NY,,3.3,nameplate_mw,True
EIA-860,"Lenox Renewables, LLC",NY,,3.3,nameplate_mw,True
EIA-860,NY USLE Carthage SR26 B LLC,NY,,3.3,nameplate_mw,True
EIA-860,NY CDG Oneida 2 LLC,NY,,3.3,nameplate_mw,True
EIA-860,Abundant Solar Power Inc.,NY,,3.3,nameplate_mw,True
EIA-860,Sunrise on West Main Rd. LLC,MA,,3.3,nameplate_mw,True
EIA-860,Encina Joint Powers Authority,CA,,3.2,nameplate_mw,True
EIA-860,Aera Energy LLC-San Ardo,CA,,3.2,nameplate_mw,True
EIA-860,Northeastern Illinois University,IL,,3.2,nameplate_mw,True
EIA-860,LES Operations Services LLC,MD,,3.2,nameplate_mw,True
EIA-860,Timberline Energy LLC,CO,,3.2,nameplate_mw,True
EIA-860,Metropolitan Airports Commission,MN,,3.2,nameplate_mw,True
EIA-860,Framingham State University,MA,,3.2,nameplate_mw,True
EIA-860,"Team-Solar, Inc.",CA,,3.2,nameplate_mw,True
EIA-860,Industrial Power Services Corp.,MA,,3.2,nameplate_mw,True
EIA-860,St. Luke's Cornwall Hospital - Newburgh,NY,,3.2,nameplate_mw,True
EIA-860,"8500 Balboa PV, LLC",CA,,3.2,nameplate_mw,True
EIA-860,"Whaling Solar, LLC",NY,,3.2,nameplate_mw,True
EIA-860,Randolf Solar Partners LLC,VA,,3.2,nameplate_mw,True
EIA-860,Denver City & County-Foothills - (CO),CO,,3.1,nameplate_mw,True
EIA-860,"Sunlight General Solar Fund II, LLC",NJ,,3.1,nameplate_mw,True
EIA-860,Los Angeles Community College District,CA,,3.1,nameplate_mw,True
EIA-860,"Luminace Solar Massachusetts, LLC",MA,,3.1,nameplate_mw,True
EIA-860,"DG Dighton, LLC",MA,,3.1,nameplate_mw,True
EIA-860,"Solar Powered Ag, LLC",CA,,3.1,nameplate_mw,True
EIA-860,Town of Princeton - (MA),MA,,3.0,nameplate_mw,True
EIA-860,Nove Investments I LLC,CA,,3.0,nameplate_mw,True
EIA-860,MM Lopez Energy LLC,CA,,3.0,nameplate_mw,True
EIA-860,Massachusetts Electric Co,MA,,3.0,nameplate_mw,True
EIA-860,RV CSU Power II LLC,CO,,3.0,nameplate_mw,True
EIA-860,Depot Park Solar Farm,CA,,3.0,nameplate_mw,True
EIA-860,Four Rivers Sanitation Authority,IL,,3.0,nameplate_mw,True
EIA-860,Ignite Solar Holdings LLC,CA,,3.0,nameplate_mw,True
EIA-860,Mayor and City Council of Baltimore City - (MD),MD,,3.0,nameplate_mw,True
EIA-860,Fairhaven Wind LLC,MA,,3.0,nameplate_mw,True
EIA-860,"Sunny Templeton, LLC",MA,,3.0,nameplate_mw,True
EIA-860,"Central Antelope Dry Ranch B, LLC",CA,,3.0,nameplate_mw,True
EIA-860,"Southern Sky Renewable Energy Berkley, LLC",MA,,3.0,nameplate_mw,True
EIA-860,Orion Community Solar,MN,,3.0,nameplate_mw,True
EIA-860,"PVN Milliken, LLC",CA,,3.0,nameplate_mw,True
EIA-860,Wabasha Holdco LLC,MN,,3.0,nameplate_mw,True
EIA-860,Gemini Community Solar,MN,,3.0,nameplate_mw,True
EIA-860,Mapleton Community Solar,MN,,3.0,nameplate_mw,True
EIA-860,Morgan Community Solar,MN,,3.0,nameplate_mw,True
EIA-860,ETCAP NES CS MN 06 LLC,MN,,3.0,nameplate_mw,True
EIA-860,Antares Community Solar,MN,,3.0,nameplate_mw,True
EIA-860,Lyra Community Solar,MN,,3.0,nameplate_mw,True
EIA-860,Argo Navis Community Solar,MN,,3.0,nameplate_mw,True
EIA-860,Boston Medical Center,MA,,3.0,nameplate_mw,True
EIA-860,Crater Community Solar,MN,,3.0,nameplate_mw,True
EIA-860,"Minnesota Solar CSG 21, LLC",MN,,3.0,nameplate_mw,True
EIA-860,"Minnesota Solar CSG 4, LLC",MN,,3.0,nameplate_mw,True
EIA-860,"Minnesota Solar CSG 8, LLC",MN,,3.0,nameplate_mw,True
EIA-860,DG Haverhill LLC,MA,,3.0,nameplate_mw,True
EIA-860,Chisago Holdco LLC,MN,,3.0,nameplate_mw,True
EIA-860,JLL-One Rockwood Road,NY,,3.0,nameplate_mw,True
EIA-860,Plainfield Solar LLC,MA,,3.0,nameplate_mw,True
EIA-860,"RP Napa Solar 1, LLC",CA,,3.0,nameplate_mw,True
EIA-860,Wildcat I Energy Storage LLC,CA,,3.0,nameplate_mw,True
EIA-860,"CalCity Solar 1, LLC",CA,,3.0,nameplate_mw,True
EIA-860,"MN CSG 2, LLC",MN,,3.0,nameplate_mw,True
EIA-860,Orange & Rockland Utils Inc,NY,,3.0,nameplate_mw,True
EIA-860,Silveira Ranch Road Solar,CA,,3.0,nameplate_mw,True
EIA-860,Captona Berkley LLC,MA,,3.0,nameplate_mw,True
EIA-860,"Hadley 3 Solar, LLC (South)",MA,,3.0,nameplate_mw,True
EIA-860,AMP MA Dudley,MA,,3.0,nameplate_mw,True
EIA-860,"196TRE WHAM8 Solar, LLC",MA,,3.0,nameplate_mw,True
EIA-860,ASA DeKalb NY Solar II LLC,NY,,3.0,nameplate_mw,True
EIA-860,Croton Solar LLC,NY,,3.0,nameplate_mw,True
EIA-860,"Brockelman Road Solar 2, LLC",MA,,3.0,nameplate_mw,True
EIA-860,Phelan Solar LLC,CA,,3.0,nameplate_mw,True
EIA-860,"3104 Batavia Solar, LLC",NY,,3.0,nameplate_mw,True
EIA-860,Putah Creek Solar Farms LLC,CA,,3.0,nameplate_mw,True
EIA-860,"Solar DG MD Holabird Broening ACC, LLC",MD,,3.0,nameplate_mw,True
EIA-860,"Solar DG MD Holabird AJCFB, LLC",MD,,3.0,nameplate_mw,True
EIA-860,"RPCA Solar 7, LLC",CA,,3.0,nameplate_mw,True
EIA-860,Paxton BESS 1 LLC,MA,,3.0,nameplate_mw,True
EIA-860,Dos Palos Clean Power LLC,CA,,3.0,nameplate_mw,True
EIA-860,"RPNY Solar 6, LLC",NY,,3.0,nameplate_mw,True
EIA-860,LSE Lepus LLC,MA,,3.0,nameplate_mw,True
EIA-860,"SL Jamestown, LLC",NY,,3.0,nameplate_mw,True
EIA-860,Sunrise on Blandford Rd. LLC,MA,,3.0,nameplate_mw,True
EIA-860,"NSF Marshall Site 3, LLC",NY,,3.0,nameplate_mw,True
EIA-860,Morongo Band of Mission Indians,CA,,3.0,nameplate_mw,True
EIA-860,Town of Holly - (CO),CO,,2.9,nameplate_mw,True
EIA-860,Appomattox River Associates LP,VA,,2.9,nameplate_mw,True
EIA-860,Brainerd Public Utilities,MN,,2.9,nameplate_mw,True
EIA-860,WestRock (IL),IL,,2.9,nameplate_mw,True
EIA-860,County of Alameda GSA - (CA),CA,,2.9,nameplate_mw,True
EIA-860,"South Street Solar, LLC",MA,,2.9,nameplate_mw,True
EIA-860,Lindberg Field Solar I LLC,CA,,2.9,nameplate_mw,True
EIA-860,"Prudential Drive Investors, LLC",NJ,,2.9,nameplate_mw,True
EIA-860,RTC Properties Inc,NJ,,2.9,nameplate_mw,True
EIA-860,"Iron Horse Solar 1, LLC",MA,,2.9,nameplate_mw,True
EIA-860,South Maui Renewable Resources LLC,HI,,2.9,nameplate_mw,True
EIA-860,Ku'ia Solar LLC,HI,,2.9,nameplate_mw,True
EIA-860,Kearsarge Bellingham LLC,MA,,2.9,nameplate_mw,True
EIA-860,National Raisin,CA,,2.9,nameplate_mw,True
EIA-860,Fordham University,NY,,2.9,nameplate_mw,True
EIA-860,Ventura Solar LLC,CA,,2.9,nameplate_mw,True
EIA-860,NY USLE Copenhagen CR194 LLC,NY,,2.9,nameplate_mw,True
EIA-860,JKB Energy,CA,,2.9,nameplate_mw,True
EIA-860,"10701 Seymour Ave East, LLC",IL,,2.9,nameplate_mw,True
EIA-860,NY 262 Libertyville LLC,NY,,2.9,nameplate_mw,True
EIA-860,"IL Solar Huntley Project1, LLC",IL,,2.9,nameplate_mw,True
EIA-860,City of Julesburg - (CO),CO,,2.8,nameplate_mw,True
EIA-860,Silverstreet Hydro,NH NY,,2.8,nameplate_mw,True
EIA-860,Solano County - (CA),CA,,2.8,nameplate_mw,True
EIA-860,"Syncarpha Alethea I, LLC",NJ,,2.8,nameplate_mw,True
EIA-860,Shavano Falls Hydro LLC,CO,,2.8,nameplate_mw,True
EIA-860,MERIT SI,NJ,,2.8,nameplate_mw,True
EIA-860,"Central CA Fuel Cell 2, LLC",CA,,2.8,nameplate_mw,True
EIA-860,Cordia,CA,,2.8,nameplate_mw,True
EIA-860,MaxSolar,NJ,,2.8,nameplate_mw,True
EIA-860,Richmond University Medical Center,NY,,2.8,nameplate_mw,True
EIA-860,"Long Beach Trigen, LLC",CA,,2.8,nameplate_mw,True
EIA-860,"ISM Solar Dighton 3, LLC",MA,,2.8,nameplate_mw,True
EIA-860,"Gilead Sciences, Inc. - La Verne",CA,,2.8,nameplate_mw,True
EIA-860,"Camino Ramon BR 2600 Solar Project 2020, LLC",CA,,2.8,nameplate_mw,True
EIA-860,"Bowser Road Solar Project 2021, LLC",NJ,,2.8,nameplate_mw,True
EIA-860,"RPNY Solar 4, LLC",NY,,2.8,nameplate_mw,True
EIA-860,NY Country Road 67 and Majorana,NY,,2.8,nameplate_mw,True
EIA-860,City of Springfield - (CO),CO,,2.7,nameplate_mw,True
EIA-860,San Antonio Regional Hospital,CA,,2.7,nameplate_mw,True
EIA-860,Sonoma County Water Agency - (CA),CA,,2.7,nameplate_mw,True
EIA-860,Holyoke Solar LLC,MA,,2.7,nameplate_mw,True
EIA-860,City of Hayward (CA),CA,,2.7,nameplate_mw,True
EIA-860,"California PV Energy 2, LLC",CA,,2.7,nameplate_mw,True
EIA-860,Waterford Holdco LLC,MN,,2.7,nameplate_mw,True
EIA-860,Short Hills Mall,NJ,,2.7,nameplate_mw,True
EIA-860,Natick Mall,MA,,2.7,nameplate_mw,True
EIA-860,"C2 MA Lakeville, LLC",MA,,2.7,nameplate_mw,True
EIA-860,"IXYS Integrated Circuits Division, LLC",MA,,2.7,nameplate_mw,True
EIA-860,"Rounseville Solar 1, LLC",MA,,2.7,nameplate_mw,True
EIA-860,"Rio Vista Executive Boat & RV Storage, LLC",CA,,2.7,nameplate_mw,True
EIA-860,REC Niagara Solar I,CA,,2.7,nameplate_mw,True
EIA-860,"SRC Partnership 13, LLC",MD,,2.7,nameplate_mw,True
EIA-860,Lanesboro Public Utility Comm,MN,,2.6,nameplate_mw,True
EIA-860,Union Falls Hydro Power LP,NY,,2.6,nameplate_mw,True
EIA-860,California Dept of Corrections,CA,,2.6,nameplate_mw,True
EIA-860,Northern Colorado Water Conservancy District,CO,,2.6,nameplate_mw,True
EIA-860,Rockford Solar Partners,IL,,2.6,nameplate_mw,True
EIA-860,Kingsbrook Jewish Medical Center,NY,,2.6,nameplate_mw,True
EIA-860,NYP-Hudson Valley Hospital Center,NY,,2.6,nameplate_mw,True
EIA-860,BWC Box Pond LLC,MA,,2.6,nameplate_mw,True
EIA-860,Dudley Landfill Solar LLC,MA,,2.6,nameplate_mw,True
EIA-860,Emporia Hydro Power LP,VA,,2.5,nameplate_mw,True
EIA-860,Regents of the University of Minnesota,MN,,2.5,nameplate_mw,True
EIA-860,"Colton Solar One, LLC",CA,,2.5,nameplate_mw,True
EIA-860,Palmer Solar LLC,MA,,2.5,nameplate_mw,True
EIA-860,"Peterson Road Solar, LLC",MA,,2.5,nameplate_mw,True
EIA-860,Scandia CSG LLC,MN,,2.5,nameplate_mw,True
EIA-860,Kearsarge Granby LLC,MA,,2.5,nameplate_mw,True
EIA-860,"Lake Region Community Hybrid, LLC",MN,,2.5,nameplate_mw,True
EIA-860,Otter River Road Solar LLC,MA,,2.5,nameplate_mw,True
EIA-860,"Easthampton Park Solar 1, LLC",MA,,2.5,nameplate_mw,True
EIA-860,"REG Juhl Glenville Wind, LLC",MN,,2.5,nameplate_mw,True
EIA-860,"CHF-Davis I, LLC",CA,,2.5,nameplate_mw,True
EIA-860,"1639 RT 29 Solar 2, LLC",NY,,2.5,nameplate_mw,True
EIA-860,"Scooby Solar, LLC",CA,,2.5,nameplate_mw,True
EIA-860,Small Mouth Bass Solar Partners LLC,VA,,2.5,nameplate_mw,True
EIA-860,"THD NJ Riverview Main Distribution Center Solar Project 2020, LLC",NJ,,2.5,nameplate_mw,True
EIA-860,Baltimore Gas & Electric Co,MD,,2.5,nameplate_mw,True
EIA-860,Sunrise on Drift Rd. LLC,MA,,2.5,nameplate_mw,True
EIA-860,PAC Aviation,CA,,2.5,nameplate_mw,True
EIA-860,"LSE Sculptor, LLC",NY,,2.5,nameplate_mw,True
EIA-860,City of Martinsville - (VA),VA,,2.4,nameplate_mw,True
EIA-860,Passaic Valley Water Comm,NJ,,2.4,nameplate_mw,True
EIA-860,Evanston Board of Education,IL,,2.4,nameplate_mw,True
EIA-860,Thorton Township School Dist,IL,,2.4,nameplate_mw,True
EIA-860,"Walpole Solar 2, LLC",MA,,2.4,nameplate_mw,True
EIA-860,"Munich Reinsurance America, Inc",NJ,,2.4,nameplate_mw,True
EIA-860,Drop 5 Hydro LLC,CO,,2.4,nameplate_mw,True
EIA-860,LSE Centaurus LLC,MA,,2.4,nameplate_mw,True
EIA-860,"Delanco Coopertown Rd Solar 2, LLC",NJ,,2.4,nameplate_mw,True
EIA-860,"Emerald Kemble, LLC",NJ,,2.4,nameplate_mw,True
EIA-860,West Shore Solar LLC,NY,,2.4,nameplate_mw,True
EIA-860,Elk Street Solar LLC,NY,,2.4,nameplate_mw,True
EIA-860,EDPRNA DG CA Livermore LLC,CA,,2.4,nameplate_mw,True
EIA-860,"ADP Boulevard Solar Project 2021, LLC",NJ,,2.4,nameplate_mw,True
EIA-860,City of Westbrook - (MN),MN,,2.3,nameplate_mw,True
EIA-860,Rio Blanco Water Conserv Dist,CO,,2.3,nameplate_mw,True
EIA-860,Nautilus Solar WPU LLC,NJ,,2.3,nameplate_mw,True
EIA-860,CF Jersey Gardens Owner Two LLC,NJ,,2.3,nameplate_mw,True
EIA-860,Downing Parkway Solar LLC,MA,,2.3,nameplate_mw,True
EIA-860,USS Cattail Solar LLC,IL,,2.3,nameplate_mw,True
EIA-860,Chabot Las Positas Community College District,CA,,2.3,nameplate_mw,True
EIA-860,950th Sun 2 LLC,IL,,2.3,nameplate_mw,True
EIA-860,Lower Mine Road LLC,NY,,2.3,nameplate_mw,True
EIA-860,Calleguas Mun Water District,CA,,2.2,nameplate_mw,True
EIA-860,City of Walla Walla - (WA),WA,,2.2,nameplate_mw,True
EIA-860,J&A-Whittier LLC,CA,,2.2,nameplate_mw,True
EIA-860,Chittenden County Solar Partners LLC,VT,,2.2,nameplate_mw,True
EIA-860,City of Auburn - (NY),NY,,2.2,nameplate_mw,True
EIA-860,Kaiser Permanente,CA,,2.2,nameplate_mw,True
EIA-860,ERWR Whitcomb Farm Solar LLC,VT,,2.2,nameplate_mw,True
EIA-860,Claire Solar Partners LLC,VT,,2.2,nameplate_mw,True
EIA-860,"Syncarpha North Adams, LLC",MA,,2.2,nameplate_mw,True
EIA-860,Silicon Valley Clean Water,CA,,2.2,nameplate_mw,True
EIA-860,"Coventry Photovoltaic, LLC",VT,,2.2,nameplate_mw,True
EIA-860,"Limerick Road Solar, LLC",VT,,2.2,nameplate_mw,True
EIA-860,"DG Camden, LLC",NJ,,2.2,nameplate_mw,True
EIA-860,Saint Catherine of Siena Medical Center,NY,,2.2,nameplate_mw,True
EIA-860,Solar Star Prime 1 LLC,CO CT,,2.2,nameplate_mw,True
EIA-860,Gilead Sciences Inc.,CA,,2.2,nameplate_mw,True
EIA-860,Monroe Solar LLC,VA,,2.2,nameplate_mw,True
EIA-860,"Solitude Solar Russell County Rd 21 Microgrid, LLC",NY,,2.2,nameplate_mw,True
EIA-860,"Anthony Vineyards, Inc.",CA,,2.2,nameplate_mw,True
EIA-860,Madera-Chowchilla Power Auth,CA,,2.1,nameplate_mw,True
EIA-860,Watchtower Bible & Tract Soc-NY,NY,,2.1,nameplate_mw,True
EIA-860,"Trigen Inner Harbor East, LLC",MD,,2.1,nameplate_mw,True
EIA-860,Federated Rural Electric Assn,MN,,2.1,nameplate_mw,True
EIA-860,Anaheim Public Utilities,CA,,2.1,nameplate_mw,True
EIA-860,Wyckoff Heights Medical Center,NY,,2.1,nameplate_mw,True
EIA-860,"Solar Star California LXXVIII, LLC",CA,,2.1,nameplate_mw,True
EIA-860,"ESNY-RT-ELMSFORD, LLC",NY,,2.1,nameplate_mw,True
EIA-860,Adrian Public Utilities Comm,MN,,2.0,nameplate_mw,True
EIA-860,City of Fairfax - (MN),MN,,2.0,nameplate_mw,True
EIA-860,"Hydro Sierra Energy, LLC",CA,,2.0,nameplate_mw,True
EIA-860,Humboldt Bay Mun Water Dist,CA,,2.0,nameplate_mw,True
EIA-860,Clark University,MA,,2.0,nameplate_mw,True
EIA-860,Shasta Hydroelectric Inc,CA,,2.0,nameplate_mw,True
EIA-860,Windsor Machinery Co Inc,NY,,2.0,nameplate_mw,True
EIA-860,State of Minnesota Department of Administration,MN,,2.0,nameplate_mw,True
EIA-860,TG Windfarm LLC,MN,,2.0,nameplate_mw,True
EIA-860,CG Windfarm LLC,MN,,2.0,nameplate_mw,True
EIA-860,Bisson Windfarm LLC,MN,,2.0,nameplate_mw,True
EIA-860,Tofteland Windfarm LLC,MN,,2.0,nameplate_mw,True
EIA-860,Westridge Windfarm LLC,MN,,2.0,nameplate_mw,True
EIA-860,Fey Windfarm LLC,MN,,2.0,nameplate_mw,True
EIA-860,Windcurrent Farms LLC,MN,,2.0,nameplate_mw,True
EIA-860,"K-brink Windfarm, LLC",MN,,2.0,nameplate_mw,True
EIA-860,Boeve Windfarm LLC,MN,,2.0,nameplate_mw,True
EIA-860,SunE M5 Holdings LLC,CA,,2.0,nameplate_mw,True
EIA-860,Carson Solar 1 LLC,CO,,2.0,nameplate_mw,True
EIA-860,Watkins Manufacturing Corporation,CA,,2.0,nameplate_mw,True
EIA-860,NW Stadium Solar Plant,MD,,2.0,nameplate_mw,True
EIA-860,Frederick County Virginia,VA,,2.0,nameplate_mw,True
EIA-860,Solar Star California II LLC,CA,,2.0,nameplate_mw,True
EIA-860,City of Rochester - (MN),MN,,2.0,nameplate_mw,True
EIA-860,ABEC Bidart-Old River LLC,CA,,2.0,nameplate_mw,True
EIA-860,Cross Pollination Inc,VT,,2.0,nameplate_mw,True
EIA-860,"Gardner Solar 1, LLC",MA,,2.0,nameplate_mw,True
EIA-860,"St. Albans Solar Partners, LLC",VT,,2.0,nameplate_mw,True
EIA-860,"Clarendon Solar Farm, LLC",VT,,2.0,nameplate_mw,True
EIA-860,Solvida Energy Group/Blue Oak Energy,CA,,2.0,nameplate_mw,True
EIA-860,"631-56 Airport Owner, LLC",MA,,2.0,nameplate_mw,True
EIA-860,Pikes Peak Solar Garden 1 LLC,CO,,2.0,nameplate_mw,True
EIA-860,Clarkstown Solar LLC,NY,,2.0,nameplate_mw,True
EIA-860,"Syncarpha Massachusetts, LLC",MA,,2.0,nameplate_mw,True
EIA-860,Westside Assets LLC,CA,,2.0,nameplate_mw,True
EIA-860,"SunE DB42, LLC",MD,,2.0,nameplate_mw,True
EIA-860,"SEC LHNY Solar One, LLC",NY,,2.0,nameplate_mw,True
EIA-860,"SR Skylark B, LLC",CO,,2.0,nameplate_mw,True
EIA-860,"Tannery Road Solar, LLC",NY,,2.0,nameplate_mw,True
EIA-860,"Bashaw Solar 1, LLC",MA,,2.0,nameplate_mw,True
EIA-860,Antlia Community Solar,MN,,2.0,nameplate_mw,True
EIA-860,Centaurus Community Solar,MN,,2.0,nameplate_mw,True
EIA-860,Spica Community Solar,MN,,2.0,nameplate_mw,True
EIA-860,Sterling Municipal Light Department - (MA),MA,,2.0,nameplate_mw,True
EIA-860,"Spring Street Solar 1, LLC",MA,,2.0,nameplate_mw,True
EIA-860,"Stafford St Solar 1, LLC",MA,,2.0,nameplate_mw,True
EIA-860,Kearsarge Onset LLC,MA,,2.0,nameplate_mw,True
EIA-860,Pegasus Community Solar,MN,,2.0,nameplate_mw,True
EIA-860,Caelum Community Solar,MN,,2.0,nameplate_mw,True
EIA-860,"Upton Solar, LLC",MA,,2.0,nameplate_mw,True
EIA-860,"Sampson Road Solar, LLC",MA,,2.0,nameplate_mw,True
EIA-860,Delphinus Community Solar,MN,,2.0,nameplate_mw,True
EIA-860,"One Ten Partners, LLC",CA,,2.0,nameplate_mw,True
EIA-860,DG Foxborough Elm LLC,MA,,2.0,nameplate_mw,True
EIA-860,"DG Tufts Knoll, LLC",MA,,2.0,nameplate_mw,True
EIA-860,Lisbon West,NY,,2.0,nameplate_mw,True
EIA-860,"Gore Mountain Solar II, LLC",NY,,2.0,nameplate_mw,True
EIA-860,"HGS solar I, LLC",NY,,2.0,nameplate_mw,True
EIA-860,"Syncarpha Hancock I, LLC",MA,,2.0,nameplate_mw,True
EIA-860,"Syncarpha Hancock II, LLC",MA,,2.0,nameplate_mw,True
EIA-860,"Syncarpha Still River, LLC",MA,,2.0,nameplate_mw,True
EIA-860,"Hilltop Power, LLC",MN,,2.0,nameplate_mw,True
EIA-860,Soboba Band of Luiseno Indians,CA,,2.0,nameplate_mw,True
EIA-860,Minisink Solar 2 LLC,NY,,2.0,nameplate_mw,True
EIA-860,"Griffin Road Solar, LLC",MA,,2.0,nameplate_mw,True
EIA-860,"Monson Solar, LLC",MA,,2.0,nameplate_mw,True
EIA-860,Hanford Renewable Energy LLC,CA,,2.0,nameplate_mw,True
EIA-860,"CMR Solar, LLC",NY,,2.0,nameplate_mw,True
EIA-860,Kearsarge Johnstown 2 LLC,NY,,2.0,nameplate_mw,True
EIA-860,DG Florham Park Solar LLC,NJ,,2.0,nameplate_mw,True
EIA-860,"Chester Woods Point Solar, LLC",MD,,2.0,nameplate_mw,True
EIA-860,"Critical Loop, Inc.",CA,,2.0,nameplate_mw,True
EIA-860,Acorn I Energy Storage LLC,CA,,2.0,nameplate_mw,True
EIA-860,Kearsarge Gill LLC,MA,,2.0,nameplate_mw,True
EIA-860,DG Linden New Jersey LLC,NJ,,2.0,nameplate_mw,True
EIA-860,"Mountain Parks Services, Inc.",CO,,2.0,nameplate_mw,True
EIA-860,38DN Power Fund 1 LLC,MA,,2.0,nameplate_mw,True
EIA-860,St. Mary's Hospital For Children,NY,,2.0,nameplate_mw,True
EIA-860,"MSAP 13, LLC",NY,,2.0,nameplate_mw,True
EIA-860,Fogarty Solar LLC,NY,,2.0,nameplate_mw,True
EIA-860,Bluestone Solar LLC,NY,,2.0,nameplate_mw,True
EIA-860,Underhill Solar LLC,NY,,2.0,nameplate_mw,True
EIA-860,Grabinski Solar LLC,NY,,2.0,nameplate_mw,True
EIA-860,Soscol Ferry Solar,CA,,2.0,nameplate_mw,True
EIA-860,NY- CSG- Johnstown 2,NY,,2.0,nameplate_mw,True
EIA-860,NY- CSG- Livingston 4,NY,,2.0,nameplate_mw,True
EIA-860,"Illinois PV Fulton 1, LLC",IL,,2.0,nameplate_mw,True
EIA-860,"Medusa NY 1, LLC",NY,,2.0,nameplate_mw,True
EIA-860,"Walden NY 1, LLC",NY,,2.0,nameplate_mw,True
EIA-860,"Westtown NY 2, LLC",NY,,2.0,nameplate_mw,True
EIA-860,"Middletown NY 1, LLC",NY,,2.0,nameplate_mw,True
EIA-860,"Westerlo NY 1, LLC",NY,,2.0,nameplate_mw,True
EIA-860,Clinton Solar 4 LLC,IL,,2.0,nameplate_mw,True
EIA-860,"Vermilion Solar 1, LLC",IL,,2.0,nameplate_mw,True
EIA-860,Cortland Solar 2 LLC,IL,,2.0,nameplate_mw,True
EIA-860,Lena Solar 1 LLC,IL,,2.0,nameplate_mw,True
EIA-860,Ridge Farm Solar 1 LLC,IL,,2.0,nameplate_mw,True
EIA-860,Mendota US Solar 1 LLC,IL,,2.0,nameplate_mw,True
EIA-860,"Peterman Solar II, LLC",IL,,2.0,nameplate_mw,True
EIA-860,"Kish Solar, LLC",IL,,2.0,nameplate_mw,True
EIA-860,"Nostrand Solar, LLC",IL,,2.0,nameplate_mw,True
EIA-860,"Vulcan Solar, LLC",IL,,2.0,nameplate_mw,True
EIA-860,"Somonauk Road Solar 1, LLC",IL,,2.0,nameplate_mw,True
EIA-860,"Edwardsville Solar II, LLC",IL,,2.0,nameplate_mw,True
EIA-860,"Route 76 Boone Solar 1, LLC",IL,,2.0,nameplate_mw,True
EIA-860,"Wappinger 9D Solar, LLC",NY,,2.0,nameplate_mw,True
EIA-860,"Olney Solar II, LLC",IL,,2.0,nameplate_mw,True
EIA-860,"2662 Freeport Solar 1, LLC",IL,,2.0,nameplate_mw,True
EIA-860,"Whiteside Solar 1, LLC",IL,,2.0,nameplate_mw,True
EIA-860,"Morgan Solar 4, LLC",IL,,2.0,nameplate_mw,True
EIA-860,Captona Chicopee LLC,MA,,2.0,nameplate_mw,True
EIA-860,"Marlow Solar, LLC",IL,,2.0,nameplate_mw,True
EIA-860,"Morgan Solar 2, LLC",IL,,2.0,nameplate_mw,True
EIA-860,Iroquois Solar 1B LLC,IL,,2.0,nameplate_mw,True
EIA-860,Sullivan B Community Solar LLC,IL,,2.0,nameplate_mw,True
EIA-860,Kent School Road Solar 1,IL,,2.0,nameplate_mw,True
EIA-860,Schulte 2 Community Solar,IL,,2.0,nameplate_mw,True
EIA-860,Kankakee Solar 4 LLC,IL,,2.0,nameplate_mw,True
EIA-860,"AES Griggs Solar, LLC",IL,,2.0,nameplate_mw,True
EIA-860,SV CSG Lily Lake 2 LLC,IL,,2.0,nameplate_mw,True
EIA-860,"SRC P9 - Lena Solar, LLC",IL,,2.0,nameplate_mw,True
EIA-860,"Pontiac Solar, LLC",IL,,2.0,nameplate_mw,True
EIA-860,Rockford Baxter Rd Holdco LLC CSG,IL,,2.0,nameplate_mw,True
EIA-860,"Sandoval Holdco, LLC",IL,,2.0,nameplate_mw,True
EIA-860,"Pine Road Solar, LLC",IL,,2.0,nameplate_mw,True
EIA-860,"Clendenin A Community Solar, LLC",IL,,2.0,nameplate_mw,True
EIA-860,"Kern A Community Solar, LLC",IL,,2.0,nameplate_mw,True
EIA-860,Lukuc B Community Solar LLC,IL,,2.0,nameplate_mw,True
EIA-860,"CSG Mt. Morris 2, LLC",IL,,2.0,nameplate_mw,True
EIA-860,"Tower Road Solar, LLC",IL,,2.0,nameplate_mw,True
EIA-860,Washingtonville Solar LLC,NY,,2.0,nameplate_mw,True
EIA-860,BWC Bass River LLC,MA,,2.0,nameplate_mw,True
EIA-860,Slate Hill Solar LLC,NY,,2.0,nameplate_mw,True
EIA-860,"Madera DP 2, LLC",CA,,2.0,nameplate_mw,True
EIA-860,SPG IL Brush Creek I Solar LLC,IL,,2.0,nameplate_mw,True
EIA-860,"Segunda Solar II, LLC",IL,,2.0,nameplate_mw,True
EIA-860,"Woodlawn Solar II, LLC",IL,,2.0,nameplate_mw,True
EIA-860,"Dodds Solar, LLC",IL,,2.0,nameplate_mw,True
EIA-860,"Olmstead Solar II, LLC",IL,,2.0,nameplate_mw,True
EIA-860,"Wolfcastle Solar, LLC",IL,,2.0,nameplate_mw,True
EIA-860,Morgan Solar 1 LLC,IL,,2.0,nameplate_mw,True
EIA-860,Morgan Solar 1b LLC,IL,,2.0,nameplate_mw,True
EIA-860,"Long John Solar, LLC",IL,,2.0,nameplate_mw,True
EIA-860,"Woodlawn Solar, LLC",IL,,2.0,nameplate_mw,True
EIA-860,SPG IL Hurricane Creek Solar LLC,IL,,2.0,nameplate_mw,True
EIA-860,"Viking Solar, LLC",IL,,2.0,nameplate_mw,True
EIA-860,"Freehold Solar, LLC",NY,,2.0,nameplate_mw,True
EIA-860,"Moraine Solar, LLC",IL,,2.0,nameplate_mw,True
EIA-860,Keeversville Solar Energy Center LLC,IL,,2.0,nameplate_mw,True
EIA-860,Trona Solar III LLC,CA,,2.0,nameplate_mw,True
EIA-860,SV CSG Gardner 1 LLC,IL,,2.0,nameplate_mw,True
EIA-860,"Pretzel Solar, LLC",IL,,2.0,nameplate_mw,True
EIA-860,"Prophet Solar, LLC",IL,,2.0,nameplate_mw,True
EIA-860,"Gala Solar, LLC",IL,,2.0,nameplate_mw,True
EIA-860,"71CFR WHAM8 Solar, LLC",MA,,2.0,nameplate_mw,True
EIA-860,OK Produce,CA,,2.0,nameplate_mw,True
EIA-860,Bodega Avenue Solar LLC,CA,,2.0,nameplate_mw,True
EIA-860,42nd Road Solar LLC,IL,,2.0,nameplate_mw,True
EIA-860,LSE Corona Austrina LLC,MA,,2.0,nameplate_mw,True
EIA-860,"Wachusett Solar, LLC",MA,,2.0,nameplate_mw,True
EIA-860,TPE MD MO32 LLC,MD,,2.0,nameplate_mw,True
EIA-860,TPE MD MO33 LLC,MD,,2.0,nameplate_mw,True
EIA-860,"Faunce Corner Road Dartmouth Solar 1, LLC",MA,,2.0,nameplate_mw,True
EIA-860,"Ventura Drive Dartmouth Solar 1, LLC",MA,,2.0,nameplate_mw,True
EIA-860,"Cattail Solar, LLC",IL,,2.0,nameplate_mw,True
EIA-860,"Long Plain Solar, LLC",MA,,2.0,nameplate_mw,True
EIA-860,"Rockford CS 1, LLC",IL,,2.0,nameplate_mw,True
EIA-860,"Rockford CS 2, LLC",IL,,2.0,nameplate_mw,True
EIA-860,"Ahern Community Solar I, LLC",IL,,2.0,nameplate_mw,True
EIA-860,"Alden Road Harvard Solar 1, LLC",IL,,2.0,nameplate_mw,True
EIA-860,"Cream Street Solar, LLC",NY,,2.0,nameplate_mw,True
EIA-860,Little Falls Solar,NY,,2.0,nameplate_mw,True
EIA-860,"Little Falls Solar 1, LLC",NY,,2.0,nameplate_mw,True
EIA-860,SV CSG Baileyville 1 LLC,IL,,2.0,nameplate_mw,True
EIA-860,Elba Solar LLC,IL,,2.0,nameplate_mw,True
EIA-860,SV CSG South Dekalb 1 LLC,IL,,2.0,nameplate_mw,True
EIA-860,SV CSG South Dekalb 2 LLC,IL,,2.0,nameplate_mw,True
EIA-860,SV CSG Barrass Farms II LLC,IL,,2.0,nameplate_mw,True
EIA-860,NY - Mines Press,NY,,2.0,nameplate_mw,True
EIA-860,SV CSG Baileyville 2 LLC,IL,,2.0,nameplate_mw,True
EIA-860,"SMS DC CS01B, LLC",DC,,2.0,nameplate_mw,True
EIA-860,"IL Sidney Project1, LLC",IL,,2.0,nameplate_mw,True
EIA-860,"Clay FC, LLC",IL,,2.0,nameplate_mw,True
EIA-860,"IL West Hallock Project1, LLC",IL,,2.0,nameplate_mw,True
EIA-860,"Marlborough Solar, LLC",NY,,2.0,nameplate_mw,True
EIA-860,"Electric Avenue Lunenburg Solar 1, LLC",MA,,2.0,nameplate_mw,True
EIA-860,"OE IL Solar 3, LLC",IL,,2.0,nameplate_mw,True
EIA-860,"French Road Solar II, LLC",IL,,2.0,nameplate_mw,True
EIA-860,"Rockford Solar, LLC",IL,,2.0,nameplate_mw,True
EIA-860,West Tambo Clean Power II,CA,,2.0,nameplate_mw,True
EIA-860,"7th Road Solar 1, LLC (Briscoe 1A)",IL,,2.0,nameplate_mw,True
EIA-860,"7th Road Solar 2, LLC (Briscoe 2A)",IL,,2.0,nameplate_mw,True
EIA-860,"Blackwell Test Facility, LLC",CA,,2.0,nameplate_mw,True
EIA-860,KDC Solar CV Ascend One LLC,MD,,2.0,nameplate_mw,True
EIA-860,KDC Solar CV Cedar Lane Park LLC,MD,,2.0,nameplate_mw,True
EIA-860,KDC Solar CV Central MD Regional Transit LLC,MD,,2.0,nameplate_mw,True
EIA-860,KDC Solar CV Animal Control LLC,MD,,2.0,nameplate_mw,True
EIA-860,KDC Solar CV O'Donnell Property LLC,MD,,2.0,nameplate_mw,True
EIA-860,Oxon Run Community Renewable Energy Facility,DC,,2.0,nameplate_mw,True
EIA-860,Groton BESS 2 LLC,MA,,2.0,nameplate_mw,True
EIA-860,Groton BESS 1 LLC,MA,,2.0,nameplate_mw,True
EIA-860,"Ruggirello Solar, LLC",NY,,2.0,nameplate_mw,True
EIA-860,"FFP MD Freeland Project1, LLC",MD,,2.0,nameplate_mw,True
EIA-860,"Lower Road II, LLC",NY,,2.0,nameplate_mw,True
EIA-860,"Lower Road III, LLC",NY,,2.0,nameplate_mw,True
EIA-860,"Solar DG IL 4, LLC",IL,,2.0,nameplate_mw,True
EIA-860,"DG Harlem, LLC",IL,,2.0,nameplate_mw,True
EIA-860,"Solar DG IL 2, LLC",IL,,2.0,nameplate_mw,True
EIA-860,EDPRNA DG VA Manassas LLC,VA,,2.0,nameplate_mw,True
EIA-860,"DG Sand Prairie, LLC",IL,,2.0,nameplate_mw,True
EIA-860,Solar DG IL 3 LLC,IL,,2.0,nameplate_mw,True
EIA-860,MD CDG 001 LLC,MD,,2.0,nameplate_mw,True
EIA-860,MD CDG 002 LLC,MD,,2.0,nameplate_mw,True
EIA-860,A2B Development LLC dba Mars Energy Development,CA,,2.0,nameplate_mw,True
EIA-860,"Aligned Digesters Co., LLC",CA,,2.0,nameplate_mw,True
EIA-860,"DG Richmond, LLC",IL,,2.0,nameplate_mw,True
EIA-860,"Newark Road Kendall Solar 1, LLC",IL,,2.0,nameplate_mw,True
EIA-860,Solar DG MD Ten Oaks LLC,MD,,2.0,nameplate_mw,True
EIA-860,"SV CSG Gander Farms 1 A, LLC",IL,,2.0,nameplate_mw,True
EIA-860,"10601 Seymour Ave East, LLC",IL,,2.0,nameplate_mw,True
EIA-860,"IL Solar Brimfield Project2, LLC",IL,,2.0,nameplate_mw,True
EIA-860,"IL Solar Lena Project1, LLC",IL,,2.0,nameplate_mw,True
EIA-860,"IL Solar Lena Project2, LLC",IL,,2.0,nameplate_mw,True
EIA-860,"IL Solar Chillicothe Project1, LLC",IL,,2.0,nameplate_mw,True
EIA-860,"IL Solar Sidney Project1, LLC",IL,,2.0,nameplate_mw,True
EIA-860,"IL Solar Shabbona Project1, LLC",IL,,2.0,nameplate_mw,True
EIA-860,"Belvidere Landfill Solar 2 East, LLC",IL,,2.0,nameplate_mw,True
EIA-860,"IL Solar Brimfield Project 1, LLC",IL,,2.0,nameplate_mw,True
EIA-860,Glen Burnie Landfill Solar LLC,MD,,2.0,nameplate_mw,True
EIA-860,"IL Solar St. Anne Project1, LLC",IL,,2.0,nameplate_mw,True
EIA-860,The Town of Lyndon Elec Dept - (VT),VT,,1.9,nameplate_mw,True
EIA-860,Cornell Renewable,NY,,1.9,nameplate_mw,True
EIA-860,MMA DAS Power,CO,,1.9,nameplate_mw,True
EIA-860,RV CSU Power LLC,CO,,1.9,nameplate_mw,True
EIA-860,"180 Raritan Energy Solutions, LLC",NJ,,1.9,nameplate_mw,True
EIA-860,"Barton Solar, LLC",VT,,1.9,nameplate_mw,True
EIA-860,Heartland Community College,IL,,1.9,nameplate_mw,True
EIA-860,"Sutton Solar, LLC",MA,,1.9,nameplate_mw,True
EIA-860,"Lindberg Field Solar 2, LLC",CA,,1.9,nameplate_mw,True
EIA-860,"Bullock Road Solar 1, LLC",MA,,1.9,nameplate_mw,True
EIA-860,"Stafford St Solar 2, LLC",MA,,1.9,nameplate_mw,True
EIA-860,"Finger Lakes Solar I, LLC",NY,,1.9,nameplate_mw,True
EIA-860,"Farley Road Solar, LLC",MA,,1.9,nameplate_mw,True
EIA-860,"Hatfield Renewables, LLC",MA,,1.9,nameplate_mw,True
EIA-860,Hopewell Valley High School,NJ,,1.9,nameplate_mw,True
EIA-860,Good Samaritan Hospital,NY,,1.9,nameplate_mw,True
EIA-860,Montgomery County Solar,MD,,1.9,nameplate_mw,True
EIA-860,Gavilan District College Solar Project,CA,,1.9,nameplate_mw,True
EIA-860,"Hadley 2 Solar, LLC",MA,,1.9,nameplate_mw,True
EIA-860,"Dudley Solar, LLC",MA,,1.9,nameplate_mw,True
EIA-860,Kearsarge GB LLC,MA,,1.9,nameplate_mw,True
EIA-860,Kearsarge Uxbridge LLC,MA,,1.9,nameplate_mw,True
EIA-860,Mount Hope Solar 2 LLC,NY,,1.9,nameplate_mw,True
EIA-860,Mount Hope Solar 1 LLC,NY,,1.9,nameplate_mw,True
EIA-860,"Solar Star Prime 5, LLC",IL,,1.9,nameplate_mw,True
EIA-860,"ESIL-AL-Melrose, LLC",IL,,1.9,nameplate_mw,True
EIA-860,"Snowden River Parkway, LLC",MD,,1.9,nameplate_mw,True
EIA-860,Kearsarge Acushnet LLC,MA,,1.9,nameplate_mw,True
EIA-860,"Solar Star Prime 6, LLC",IL,,1.9,nameplate_mw,True
EIA-860,"Solar Star Urbana Landfill East, LLC",IL,,1.9,nameplate_mw,True
EIA-860,"Solar Star Urbana Landfill Central, LLC",IL,,1.9,nameplate_mw,True
EIA-860,WEB Brimfield Solar LLC,MA,,1.9,nameplate_mw,True
EIA-860,"Emerald Marshfield, LLC",MA,,1.9,nameplate_mw,True
EIA-860,Palm Springs USD,CA,,1.9,nameplate_mw,True
EIA-860,Hydro Technology Systems Inc,WA,,1.8,nameplate_mw,True
EIA-860,Moose International,IL,,1.8,nameplate_mw,True
EIA-860,Watershed Hydropower Corp,NY,,1.8,nameplate_mw,True
EIA-860,Monterey One Water,CA,,1.8,nameplate_mw,True
EIA-860,MM Tulare Energy LLC,CA,,1.8,nameplate_mw,True
EIA-860,City of Danville - (VA),VA,,1.8,nameplate_mw,True
EIA-860,"Luminace Solar Net Metering, LLC",MA,,1.8,nameplate_mw,True
EIA-860,SunGen Sharon 1 LLC,VT,,1.8,nameplate_mw,True
EIA-860,PPS Berkshire Solar LLC,MA,,1.8,nameplate_mw,True
EIA-860,Hangar 160 LLC,CO,,1.8,nameplate_mw,True
EIA-860,LSE Cassiopeia LLC,MA,,1.8,nameplate_mw,True
EIA-860,"Mecklenburg Solar, LLC",NY,,1.8,nameplate_mw,True
EIA-860,Minisink Solar 1 LLC,NY,,1.8,nameplate_mw,True
EIA-860,"Ashby Solar, LLC",MA,,1.8,nameplate_mw,True
EIA-860,"Northstar Macy's Maryland 2015, LLC",MD,,1.8,nameplate_mw,True
EIA-860,NYPH - Lawrence,NY,,1.8,nameplate_mw,True
EIA-860,Kearsarge Upper Union LLC,MA,,1.8,nameplate_mw,True
EIA-860,"Signal Street Operating, LLC",CA,,1.8,nameplate_mw,True
EIA-860,Belmar Gateway Solar LLC,NJ,,1.8,nameplate_mw,True
EIA-860,Finchville Tpke LLC,NY,,1.8,nameplate_mw,True
EIA-860,Union Sanitary District,CA,,1.8,nameplate_mw,True
EIA-860,PFMD LL Baltimore LLC,MD,,1.8,nameplate_mw,True
EIA-860,"Solar DG CA Long Beach, LLC",CA,,1.8,nameplate_mw,True
EIA-860,Aegean Drive Solar LLC,MA,,1.8,nameplate_mw,True
EIA-860,"REC CSD, LLC",CA,,1.8,nameplate_mw,True
EIA-860,Danton XI Solar LLC,MA,,1.8,nameplate_mw,True
EIA-860,DS Containers LLC,IL,,1.8,nameplate_mw,True
EIA-860,"Stahl Wind Energy, LLC (Longroad)",MN,,1.7,nameplate_mw,True
EIA-860,"Carstensen Wind, LLC (Longroad)",MN,,1.7,nameplate_mw,True
EIA-860,Northern Lights Wind LLC (Longroad),MN,,1.7,nameplate_mw,True
EIA-860,"Lucky Wind, LLC (Longroad)",MN,,1.7,nameplate_mw,True
EIA-860,"Greenback Energy, LLC (Longroad)",MN,,1.7,nameplate_mw,True
EIA-860,Notus Clean Energy LLC,MA,,1.7,nameplate_mw,True
EIA-860,University of Minnesota Morris Campus,MN,,1.7,nameplate_mw,True
EIA-860,University of Minnesota WCROC,MN,,1.7,nameplate_mw,True
EIA-860,Museum of Science and Industry,IL,,1.7,nameplate_mw,True
EIA-860,Caldwell Wastewater Treatment Plant,NJ,,1.7,nameplate_mw,True
EIA-860,Newton Municipal Solar LLC - Rumford,MA,,1.7,nameplate_mw,True
EIA-860,"Solar DG IL 5, LLC",IL,,1.7,nameplate_mw,True
EIA-860,"La Plata Electric Assn, Inc",CO,,1.7,nameplate_mw,True
EIA-860,Solar DG IL 1 LLC,IL,,1.7,nameplate_mw,True
EIA-860,"KP South Sacramento Hospital Solar, LLC",CA,,1.7,nameplate_mw,True
EIA-860,KP Ontario Vineyard O.P. Surgicenter B Solar LLC,CA,,1.7,nameplate_mw,True
EIA-860,Sheep Creek Hydro Inc,WA,,1.6,nameplate_mw,True
EIA-860,Banister Hydro LP,VA,,1.6,nameplate_mw,True
EIA-860,Rocky Brook Electric Inc,WA,,1.6,nameplate_mw,True
EIA-860,Ampersand Chasm Hydro LLC,NY,,1.6,nameplate_mw,True
EIA-860,ECOsponsible LLC,NY,,1.6,nameplate_mw,True
EIA-860,City of Sunnyvale WPCP - (CA),CA,,1.6,nameplate_mw,True
EIA-860,South San Joaquin Irr District,CA,,1.6,nameplate_mw,True
EIA-860,Santa Cruz Energy LLC,CA,,1.6,nameplate_mw,True
EIA-860,"Televison City Studios, LLC.",CA,,1.6,nameplate_mw,True
EIA-860,Southbridge Recycling and Disposal Park,MA,,1.6,nameplate_mw,True
EIA-860,"BWC Swan Pond River, LLC",MA,,1.6,nameplate_mw,True
EIA-860,"SunE DB27, LLC",MD,,1.6,nameplate_mw,True
EIA-860,Zero Waste Energy Development Company LLC,CA,,1.6,nameplate_mw,True
EIA-860,Sabert Corporation,NJ,,1.6,nameplate_mw,True
EIA-860,"Syncarpha Lexington, LLC",MA,,1.6,nameplate_mw,True
EIA-860,Denver Metro Solar LLC,CO,,1.6,nameplate_mw,True
EIA-860,GWCC PV Solar Farm,MD,,1.6,nameplate_mw,True
EIA-860,Kearsarge Wilmington LLC,MA,,1.6,nameplate_mw,True
EIA-860,Rockland Bakery Inc.,NY,,1.6,nameplate_mw,True
EIA-860,Francis Scott Key Mall,MD,,1.6,nameplate_mw,True
EIA-860,NYU Langone - Orthopedic,NY,,1.6,nameplate_mw,True
EIA-860,North Central Bronx Hospital,NY,,1.6,nameplate_mw,True
EIA-860,Montefiore Nyack Hospital,NY,,1.6,nameplate_mw,True
EIA-860,Gilead Sciences Inc. Foster City,CA,,1.6,nameplate_mw,True
EIA-860,"RPNY Solar 7, LLC",NY,,1.6,nameplate_mw,True
EIA-860,Kelso Community Solar I LLC,MD,,1.6,nameplate_mw,True
EIA-860,General Electric Aircraft Engines,MA,,1.5,nameplate_mw,True
EIA-860,University of San Francisco,CA,,1.5,nameplate_mw,True
EIA-860,City of Oxnard - (CA),CA,,1.5,nameplate_mw,True
EIA-860,Kas Brothers Windfarm LLC,MN,,1.5,nameplate_mw,True
EIA-860,Winona County Wind LLC,MN,,1.5,nameplate_mw,True
EIA-860,"Temescal Canyon RV, LLC",CA,,1.5,nameplate_mw,True
EIA-860,Adams Electric Cooperative,IL,,1.5,nameplate_mw,True
EIA-860,Heliocentric LLC,CA,,1.5,nameplate_mw,True
EIA-860,L-8 Solar Project LLC,CA,,1.5,nameplate_mw,True
EIA-860,City of Industry - (CA),CA,,1.5,nameplate_mw,True
EIA-860,SS San Antonio West LLC,CA,,1.5,nameplate_mw,True
EIA-860,MWRA Charlestown,MA,,1.5,nameplate_mw,True
EIA-860,PRC-Desoto Intl Corp./PPG,CA,,1.5,nameplate_mw,True
EIA-860,Taft Associates c/o Wilson Associates,NJ,,1.5,nameplate_mw,True
EIA-860,Oakley Solar Project LLC,CA,,1.5,nameplate_mw,True
EIA-860,Toro Energy of California SLO,CA,,1.5,nameplate_mw,True
EIA-860,Solar Star New Jersey VI LLC,NJ,,1.5,nameplate_mw,True
EIA-860,Paramount Group Inc,CA,,1.5,nameplate_mw,True
EIA-860,Camelot Wind LLC,MA,,1.5,nameplate_mw,True
EIA-860,Central Valley Ag Power LLC,CA,,1.5,nameplate_mw,True
EIA-860,City of Pittsfield - (MA),MA,,1.5,nameplate_mw,True
EIA-860,"Camden Solar Center, LLC",NJ,,1.5,nameplate_mw,True
EIA-860,"Baker Station Associates, LP",CA,,1.5,nameplate_mw,True
EIA-860,Denver Int'l Airport IV Solar,CO,,1.5,nameplate_mw,True
EIA-860,Scituate Wind LLC,MA,,1.5,nameplate_mw,True
EIA-860,"Holy Cross Electric Assn, Inc",CO,,1.5,nameplate_mw,True
EIA-860,"SUEZ North America, Inc.",NJ,,1.5,nameplate_mw,True
EIA-860,"Theodore Drive Solar, LLC",MA,,1.5,nameplate_mw,True
EIA-860,Town of West Boylston - (MA),MA,,1.5,nameplate_mw,True
EIA-860,"Poudre Valley REA, Inc",CO,,1.5,nameplate_mw,True
EIA-860,"SunE Wasco SP Owner, LLC",CA,,1.5,nameplate_mw,True
EIA-860,"Hitchcock Hydro, LLC",MA,,1.5,nameplate_mw,True
EIA-860,Lisbon East,NY,,1.5,nameplate_mw,True
EIA-860,Seneca Nation,NY,,1.5,nameplate_mw,True
EIA-860,Town of Otis - (MA),MA,,1.5,nameplate_mw,True
EIA-860,Brooklyn Hospital Center,NY,,1.5,nameplate_mw,True
EIA-860,St Johns Riverside Hospital,NY,,1.5,nameplate_mw,True
EIA-860,ENGIE Generation North America LLC,MN,,1.5,nameplate_mw,True
EIA-860,"NJ Solar 1, LLC",NJ,,1.5,nameplate_mw,True
EIA-860,"Westminster Renewables, LLC",MA,,1.5,nameplate_mw,True
EIA-860,NYP-Lower Manhattan Hospital,NY,,1.5,nameplate_mw,True
EIA-860,"BWC Harlow Brook, LLC",MA,,1.5,nameplate_mw,True
EIA-860,"BWC Pocasset River, LLC",MA,,1.5,nameplate_mw,True
EIA-860,Kearsarge Johnstown 1 LLC,NY,,1.5,nameplate_mw,True
EIA-860,"Jiminy Peak Mountain Resort, LLC",MA,,1.5,nameplate_mw,True
EIA-860,Massachusetts Department of Correction,MA,,1.5,nameplate_mw,True
EIA-860,"Rappahannock Solar, LLC",VA,,1.5,nameplate_mw,True
EIA-860,Acushnet,MA,,1.5,nameplate_mw,True
EIA-860,CA ODEVI LLC,CA,,1.5,nameplate_mw,True
EIA-860,"Highline Services, LLC",CO,,1.5,nameplate_mw,True
EIA-860,Montefiore Weiler (Einstein) Hospital,NY,,1.5,nameplate_mw,True
EIA-860,Mount Sinai - Brooklyn,NY,,1.5,nameplate_mw,True
EIA-860,"KP Vacaville Solar, LLC",CA,,1.5,nameplate_mw,True
EIA-860,"CCUA Solar, LLC",NJ,,1.5,nameplate_mw,True
EIA-860,Captona Carver LLC,MA,,1.5,nameplate_mw,True
EIA-860,"JDC 65R Owner, LLC",MA,,1.5,nameplate_mw,True
EIA-860,UXI CSG Venture 1 8301 LLC,CO,,1.5,nameplate_mw,True
EIA-860,ASA Gouverneur NY Solar I LLC,NY,,1.5,nameplate_mw,True
EIA-860,UXI CSG Venture 2 8302 LLC,CO,,1.5,nameplate_mw,True
EIA-860,UXI CSG Venture 3 8303 LLC,CO,,1.5,nameplate_mw,True
EIA-860,UXI CSG Venture 4 8304 LLC,CO,,1.5,nameplate_mw,True
EIA-860,"ICFTS MD Solar, LLC",MD,,1.5,nameplate_mw,True
EIA-860,Kankakee Solar 2 LLC,IL,,1.5,nameplate_mw,True
EIA-860,Henry Miller Reclamation District,CA,,1.5,nameplate_mw,True
EIA-860,Arkansas River Power Authority,CO,,1.5,nameplate_mw,True
EIA-860,PFMD LL Jessup LLC,MD,,1.5,nameplate_mw,True
EIA-860,"All World Machinery Supply, Inc.",IL,,1.5,nameplate_mw,True
EIA-860,Barrier Solar Inc,CA,,1.5,nameplate_mw,True
EIA-860,Executive Parkway BR8-O Solar Project 2020 LLC,CA,,1.5,nameplate_mw,True
EIA-860,Four Seasons LI CSG LLC,NY,,1.5,nameplate_mw,True
EIA-860,"Belvidere Landfill Solar 2 West, LLC",IL,,1.5,nameplate_mw,True
EIA-860,City of Escondido - (CA),CA,,1.4,nameplate_mw,True
EIA-860,"Barton Village, Inc",VT,,1.4,nameplate_mw,True
EIA-860,Lower Tule River Irrgtn Dist,CA,,1.4,nameplate_mw,True
EIA-860,Santa Fe Irrigation District,CA,,1.4,nameplate_mw,True
EIA-860,Redlands Water & Power Company,CO,,1.4,nameplate_mw,True
EIA-860,William G. Reed Jr,WA,,1.4,nameplate_mw,True
EIA-860,J&A-Santa Maria II LLC,CA,,1.4,nameplate_mw,True
EIA-860,"Luminace Solar Maryland, LLC",MD,,1.4,nameplate_mw,True
EIA-860,Middlebury College Biomass,VT,,1.4,nameplate_mw,True
EIA-860,Molson Coors Shenandoah Brewery,VA,,1.4,nameplate_mw,True
EIA-860,"Riverside Fuel Cell, LLC",CA,,1.4,nameplate_mw,True
EIA-860,Bakersfield 111 LLC,CA,,1.4,nameplate_mw,True
EIA-860,"SRJFC, LLC",CA,,1.4,nameplate_mw,True
EIA-860,CVI CleanCapital Solar 7,MA,,1.4,nameplate_mw,True
EIA-860,Kearsarge Oppenheim LLC,NY,,1.4,nameplate_mw,True
EIA-860,Connell East LLC.,NJ,,1.4,nameplate_mw,True
EIA-860,"Dynamic Energy Solutions, LLC",MA,,1.4,nameplate_mw,True
EIA-860,"San Bernardino Fuel Cell, LLC",CA,,1.4,nameplate_mw,True
EIA-860,"MA CS Ware West, LLC",MA,,1.4,nameplate_mw,True
EIA-860,"Griffin Road Solar 2, LLC",MA,,1.4,nameplate_mw,True
EIA-860,Renew Solar VMC LLC,CA,,1.4,nameplate_mw,True
EIA-860,Fork in the Road Solar LLC,NY,,1.4,nameplate_mw,True
EIA-860,Bollinger Canyon Road BR 1-X Solar Project 2020,CA,,1.4,nameplate_mw,True
EIA-860,CVE US EI4 Manlius North LLC,NY,,1.4,nameplate_mw,True
EIA-860,Kelso Community Solar II LLC,MD,,1.4,nameplate_mw,True
EIA-860,"Pekin Community High School, LLC",IL,,1.4,nameplate_mw,True
EIA-860,Trane US Inc,CO,,1.4,nameplate_mw,True
EIA-860,"Twin Lanterns Solar Partner, LLC",NY,,1.4,nameplate_mw,True
EIA-860,Brainerd Solar LLC,MN,,1.4,nameplate_mw,True
EIA-860,Desert Water Agency,CA,,1.3,nameplate_mw,True
EIA-860,Grizzly Mountain Ranch,CA,,1.3,nameplate_mw,True
EIA-860,Shane's Wind Machine LLC,MN,,1.3,nameplate_mw,True
EIA-860,Jordache Enterprises,NJ,,1.3,nameplate_mw,True
EIA-860,"California State University, Northridge",CA,,1.3,nameplate_mw,True
EIA-860,Mission Owner LLC,CA,,1.3,nameplate_mw,True
EIA-860,158th Fighter Wing,VT,,1.3,nameplate_mw,True
EIA-860,Oak Leaf Solar V LLC,MN,,1.3,nameplate_mw,True
EIA-860,"DG Webster, LLC",MA,,1.3,nameplate_mw,True
EIA-860,"PCS Energy, LLC",CA,,1.3,nameplate_mw,True
EIA-860,St. Joseph Hospital (NY),NY,,1.3,nameplate_mw,True
EIA-860,"DG 1 Acquisition Co., LLC",CA,,1.3,nameplate_mw,True
EIA-860,"Tranquillity Solar 1, LLC",CA,,1.3,nameplate_mw,True
EIA-860,"KP Sacramento Point West Medical Offices Solar, LLC",CA,,1.3,nameplate_mw,True
EIA-860,ASA Clayton NY Solar I LLC,NY,,1.3,nameplate_mw,True
EIA-860,Solops 371 Hoes LLC,NJ,,1.3,nameplate_mw,True
EIA-860,"CTMW Solar, LLC",CA,,1.3,nameplate_mw,True
EIA-860,BluePath Solar Sacramento I LLC,CA,,1.3,nameplate_mw,True
EIA-860,Harris Farms Inc,CA,,1.3,nameplate_mw,True
EIA-860,515 Main Saugus LLC,MA,,1.3,nameplate_mw,True
EIA-860,Sutter Santa Rosa Solar LLC,CA,,1.3,nameplate_mw,True
EIA-860,Macadamia Nut Road Solar Project 2019,HI,,1.3,nameplate_mw,True
EIA-860,"Solar DG NJ Building 7, LLC",NJ,,1.3,nameplate_mw,True
EIA-860,"IL Solar Shabbona Project2, LLC",IL,,1.3,nameplate_mw,True
EIA-860,"Watervliet, City of - (NY)",NY,,1.2,nameplate_mw,True
EIA-860,Nelson Creek Power Inc,CA,,1.2,nameplate_mw,True
EIA-860,Saint John's Health Center,CA,,1.2,nameplate_mw,True
EIA-860,"Palm Springs, City of - (CA)",CA,,1.2,nameplate_mw,True
EIA-860,City of Kankakee - (IL),IL,,1.2,nameplate_mw,True
EIA-860,Lanai Sustainability Research LLC,HI,,1.2,nameplate_mw,True
EIA-860,MMA WBF Power LP,CA,,1.2,nameplate_mw,True
EIA-860,Amherst College,MA,,1.2,nameplate_mw,True
EIA-860,Maine Township High School Dist 207,IL,,1.2,nameplate_mw,True
EIA-860,Bridgeport Disposal LLC,NJ,,1.2,nameplate_mw,True
EIA-860,"SunE SEM 1, LLC",MD,,1.2,nameplate_mw,True
EIA-860,"Wilzig Associates, LLC",NJ,,1.2,nameplate_mw,True
EIA-860,Adams Community Solar Garden LLC,CO,,1.2,nameplate_mw,True
EIA-860,Adams Community Solar Garden III LLC,CO,,1.2,nameplate_mw,True
EIA-860,Northern Water Hydropower Enterprise,CO,,1.2,nameplate_mw,True
EIA-860,Town of Foxborough - Landfill (SREC II),MA,,1.2,nameplate_mw,True
EIA-860,Sonoma County Junior College District,CA,,1.2,nameplate_mw,True
EIA-860,St. Johns Episcopal Hospital,NY,,1.2,nameplate_mw,True
EIA-860,Phelan Pinon Hills Community Services District,CA,,1.2,nameplate_mw,True
EIA-860,Montefiore-New Rochelle,NY,,1.2,nameplate_mw,True
EIA-860,Ralph's Grocery Company,CA,,1.2,nameplate_mw,True
EIA-860,Interfaith Medical Center,NY,,1.2,nameplate_mw,True
EIA-860,"ACM Solar, LLC.",IL,,1.2,nameplate_mw,True
EIA-860,"AFTW Storage, LLC",CA,,1.2,nameplate_mw,True
EIA-860,"Dudley Road Solar Project 2021, LLC",NJ,,1.2,nameplate_mw,True
EIA-860,"Freemans Way Solar Project 2019, LLC",MA,,1.2,nameplate_mw,True
EIA-860,Executive Parkway BR8-Q Solar Project 2020 LLC,CA,,1.2,nameplate_mw,True
EIA-860,Alcosta Boulevard BR 15-AA Solar Project 2020 LLC,CA,,1.2,nameplate_mw,True
EIA-860,"Alcosta Boulevard BR 15-CC Solar Project 2020, LLC",CA,,1.2,nameplate_mw,True
EIA-860,"REC KDO, LLC",CA,,1.2,nameplate_mw,True
EIA-860,NY CDG 010 LLC,NY,,1.2,nameplate_mw,True
EIA-860,Hollingworth & Vose Co Center Falls,NY,,1.1,nameplate_mw,True
EIA-860,Boltonville Hydro Associates,VT,,1.1,nameplate_mw,True
EIA-860,"Toyon Landfill Gas Conversion, LLC",CA,,1.1,nameplate_mw,True
EIA-860,J&A-Santa Maria LLC,CA,,1.1,nameplate_mw,True
EIA-860,Los Angeles County Metropolitan Transportation Authority,CA,,1.1,nameplate_mw,True
EIA-860,Kern Community College District,CA,,1.1,nameplate_mw,True
EIA-860,"SunE WF3-ST Holdings, LLC",CA,,1.1,nameplate_mw,True
EIA-860,Kern County Water Agency - (CA),CA,,1.1,nameplate_mw,True
EIA-860,FRIT Solar Inc,NJ,,1.1,nameplate_mw,True
EIA-860,Kenvue Brands LLC,NJ,,1.1,nameplate_mw,True
EIA-860,Cape May County Municipal - (NJ),NJ,,1.1,nameplate_mw,True
EIA-860,"SunE Solano SP Owner, LLC",CA,,1.1,nameplate_mw,True
EIA-860,Montefiore Mount Vernon Hospital,NY,,1.1,nameplate_mw,True
EIA-860,White Marsh Mall,MD,,1.1,nameplate_mw,True
EIA-860,"SR Skylark C, LLC",CO,,1.1,nameplate_mw,True
EIA-860,Sheriff Rd Solar LLC,MD,,1.1,nameplate_mw,True
EIA-860,Bioenergy DevCo,MD,,1.1,nameplate_mw,True
EIA-860,Donaghy Sales Inc.,CA,,1.1,nameplate_mw,True
EIA-860,"KP Rancho Cordova Medical Offices Solar, LLC",CA,,1.1,nameplate_mw,True
EIA-860,"Alcosta Boulevard BR 15-DD Solar Project 2020, LLC",CA,,1.1,nameplate_mw,True
EIA-860,"Solar DG MD Appleton, LLC",MD,,1.1,nameplate_mw,True
EIA-860,Chesapeake Beach BESS LLC,MD,,1.1,nameplate_mw,True
EIA-860,"Hero Drive Solar Project 2023, LLC",CA,,1.1,nameplate_mw,True
EIA-860,City of Radford - (VA),VA,,1.0,nameplate_mw,True
EIA-860,Ampersand Hollow Dam Hydro LLC,NY,,1.0,nameplate_mw,True
EIA-860,"Lyonsdale Hydroelectric Co., Inc.",NY,,1.0,nameplate_mw,True
EIA-860,South Oak Hospital,NY,,1.0,nameplate_mw,True
EIA-860,San Gabriel Valley Mun Wtr Dt,CA,,1.0,nameplate_mw,True
EIA-860,BiOrigin Specialty Products,NY,,1.0,nameplate_mw,True
EIA-860,Stevens Community Medical Center,MN,,1.0,nameplate_mw,True
EIA-860,MMA Fresno Power LP,CA,,1.0,nameplate_mw,True
EIA-860,MMA LA Power LP,CA,,1.0,nameplate_mw,True
EIA-860,SunE WG113 Moreno Valley LLC,CA,,1.0,nameplate_mw,True
EIA-860,SunE WG45 Woodland LLC,CA,,1.0,nameplate_mw,True
EIA-860,SunE CPA CDC2 LLC,CA,,1.0,nameplate_mw,True
EIA-860,"SunE WF3 KHL A Holdings, LLC",CA,,1.0,nameplate_mw,True
EIA-860,SunE CPA CDC1 LLC,CA,,1.0,nameplate_mw,True
EIA-860,Victor Valley Community College District,CA,,1.0,nameplate_mw,True
EIA-860,City of Los Angeles Harbor Department - (CA),CA,,1.0,nameplate_mw,True
EIA-860,Occidental College,CA,,1.0,nameplate_mw,True
EIA-860,"FRV SI Transport Solar, L.P. (Sacremento)",CA,,1.0,nameplate_mw,True
EIA-860,Kapaa Solar LLC,HI,,1.0,nameplate_mw,True
EIA-860,"SunE NLB-2, LLC",CO,,1.0,nameplate_mw,True
EIA-860,"SunE GIL1, LLC",CA,,1.0,nameplate_mw,True
EIA-860,Castle Rock Cooling,CA,,1.0,nameplate_mw,True
EIA-860,Shore Point Solar LLC,NJ,,1.0,nameplate_mw,True
EIA-860,Cushman Wakefield,NJ,,1.0,nameplate_mw,True
EIA-860,Howard County - Maryland,MD,,1.0,nameplate_mw,True
EIA-860,Enfinity NorCal 1 FAA LLC,CA,,1.0,nameplate_mw,True
EIA-860,Five Crowns Inc,CA,,1.0,nameplate_mw,True
EIA-860,"San Miguel Power Assn, Inc",CO,,1.0,nameplate_mw,True
EIA-860,Transamerica Pyramid Properties LLC,CA,,1.0,nameplate_mw,True
EIA-860,Sunlight General Somerset Solar LLC,NJ,,1.0,nameplate_mw,True
EIA-860,700Eubanks LLC,CA,,1.0,nameplate_mw,True
EIA-860,Eagle Springs Solar LLC,CO,,1.0,nameplate_mw,True
EIA-860,"Colton Solar Two, LLC",CA,,1.0,nameplate_mw,True
EIA-860,"SunE Solar XVI Lessor, LLC",CA,,1.0,nameplate_mw,True
EIA-860,San Bernardino Valley Mun. Water Dist.,CA,,1.0,nameplate_mw,True
EIA-860,Community Foodbank of NJ,NJ,,1.0,nameplate_mw,True
EIA-860,"Summit Water Nexus, Mount Holly, LLC",NJ,,1.0,nameplate_mw,True
EIA-860,NES Rutgers LLC,NJ,,1.0,nameplate_mw,True
EIA-860,AlsoEnergy,CA,,1.0,nameplate_mw,True
EIA-860,"Stafford St Solar 3, LLC",MA,,1.0,nameplate_mw,True
EIA-860,Montefiore-Westchester Square,NY,,1.0,nameplate_mw,True
EIA-860,Town of Stowe - (VT),VT,,1.0,nameplate_mw,True
EIA-860,Glopak Corporation,NJ,,1.0,nameplate_mw,True
EIA-860,"Pleasantdale Road Solar, LLC",MA,,1.0,nameplate_mw,True
EIA-860,ABEC #2 LLC,CA,,1.0,nameplate_mw,True
EIA-860,ABEC #3 LLC,CA,,1.0,nameplate_mw,True
EIA-860,ABEC #4 LLC,CA,,1.0,nameplate_mw,True
EIA-860,RJC I CSG LLC,MN,,1.0,nameplate_mw,True
EIA-860,Huneke I CSG LLC,MN,,1.0,nameplate_mw,True
EIA-860,School Sisters CSG LLC,MN,,1.0,nameplate_mw,True
EIA-860,The Allen Hospital,NY,,1.0,nameplate_mw,True
EIA-860,Veseli Solar I LLC,MN,,1.0,nameplate_mw,True
EIA-860,New Germany Solar I LLC,MN,,1.0,nameplate_mw,True
EIA-860,Lake Waconia Solar LLC,MN,,1.0,nameplate_mw,True
EIA-860,Lake Waconia Solar IV LLC,MN,,1.0,nameplate_mw,True
EIA-860,Zumbro Solar LLC,MN,,1.0,nameplate_mw,True
EIA-860,"DG Tufts Science, LLC",MA,,1.0,nameplate_mw,True
EIA-860,RJC II CSG LLC,MN,,1.0,nameplate_mw,True
EIA-860,Betcher CSG LLC,MN,,1.0,nameplate_mw,True
EIA-860,Johnson I CSG LLC,MN,,1.0,nameplate_mw,True
EIA-860,Grimm CSG LLC,MN,,1.0,nameplate_mw,True
EIA-860,Johnson II CSG LLC,MN,,1.0,nameplate_mw,True
EIA-860,Scotch Settlement,NY,,1.0,nameplate_mw,True
EIA-860,Lockheed Martin RMS Syracuse,NY,,1.0,nameplate_mw,True
EIA-860,"Syncarpha Hancock III, LLC",MA,,1.0,nameplate_mw,True
EIA-860,"Stage Gulch Solar, LLC",CA,,1.0,nameplate_mw,True
EIA-860,"Lavio Solar, LLC",CA,,1.0,nameplate_mw,True
EIA-860,Heyer CSG LLC,MN,,1.0,nameplate_mw,True
EIA-860,ENGIE Storage Services NA LLC,CA,,1.0,nameplate_mw,True
EIA-860,"Prinsburg CSG I, LLC",MN,,1.0,nameplate_mw,True
EIA-860,"Clara City CSG I, LLC",MN,,1.0,nameplate_mw,True
EIA-860,Solar Provider Group MN I LLC,MN,,1.0,nameplate_mw,True
EIA-860,MSC-GreyCloud01 LLC,MN,,1.0,nameplate_mw,True
EIA-860,MSC-Scandia01 LLC,MN,,1.0,nameplate_mw,True
EIA-860,"BWC Wareham River, LLC",MA,,1.0,nameplate_mw,True
EIA-860,Kearny Mesa Storage LLC,CA,,1.0,nameplate_mw,True
EIA-860,MSC-Scott01 LLC,MN,,1.0,nameplate_mw,True
EIA-860,MSC-Chisago01 LLC,MN,,1.0,nameplate_mw,True
EIA-860,MSC-Rice01 LLC,MN,,1.0,nameplate_mw,True
EIA-860,MSC-Chisago02 LLC,MN,,1.0,nameplate_mw,True
EIA-860,"MSC-Empire01, LLC",MN,,1.0,nameplate_mw,True
EIA-860,Winona Solar I LLC,MN,,1.0,nameplate_mw,True
EIA-860,Wabasha Solar LLC,MN,,1.0,nameplate_mw,True
EIA-860,Hartmann Community Solar LLC,MN,,1.0,nameplate_mw,True
EIA-860,E. Goenner Community Solar LLC,MN,,1.0,nameplate_mw,True
EIA-860,Prawer Community Solar LLC,MN,,1.0,nameplate_mw,True
EIA-860,Schwinghamer Community Solar LLC,MN,,1.0,nameplate_mw,True
EIA-860,STAG St. Paul Community Solar LLC,MN,,1.0,nameplate_mw,True
EIA-860,"Vanguard Energy Partners, LLC",NJ,,1.0,nameplate_mw,True
EIA-860,"Sutton Solar 2, LLC",MA,,1.0,nameplate_mw,True
EIA-860,Strandness Garden LLC,MN,,1.0,nameplate_mw,True
EIA-860,Falls Creek Garden LLC,MN,,1.0,nameplate_mw,True
EIA-860,Star Garden LLC,MN,,1.0,nameplate_mw,True
EIA-860,Buffalo Garden LLC,MN,,1.0,nameplate_mw,True
EIA-860,Loon Garden LLC,MN,,1.0,nameplate_mw,True
EIA-860,Stearns Solar I LLC,MN,,1.0,nameplate_mw,True
EIA-860,Olinda Trail Solar LLC,MN,,1.0,nameplate_mw,True
EIA-860,New Munich Solar LLC,MN,,1.0,nameplate_mw,True
EIA-860,Clara City Solar LLC,MN,,1.0,nameplate_mw,True
EIA-860,Straight Garden LLC,MN,,1.0,nameplate_mw,True
EIA-860,Leven Garden LLC,MN,,1.0,nameplate_mw,True
EIA-860,Zumbro Garden LLC,MN,,1.0,nameplate_mw,True
EIA-860,Mud Garden LLC,MN,,1.0,nameplate_mw,True
EIA-860,Erin Garden LLC,MN,,1.0,nameplate_mw,True
EIA-860,Chub Garden LLC,MN,,1.0,nameplate_mw,True
EIA-860,Maston Garden LLC,MN,,1.0,nameplate_mw,True
EIA-860,RE-VFO LLC,CA,,1.0,nameplate_mw,True
EIA-860,Roberds Garden LLC,MN,,1.0,nameplate_mw,True
EIA-860,Clear Garden LLC,MN,,1.0,nameplate_mw,True
EIA-860,"SR Kersey II, LLC",CO,,1.0,nameplate_mw,True
EIA-860,Flodquist Community Solar LLC,MN,,1.0,nameplate_mw,True
EIA-860,Siems Community Solar LLC,MN,,1.0,nameplate_mw,True
EIA-860,Schueler Community Solar LLC,MN,,1.0,nameplate_mw,True
EIA-860,"GWE Cranberry Solar RT, LLC",MA,,1.0,nameplate_mw,True
EIA-860,Svihel Community Solar LLC,MN,,1.0,nameplate_mw,True
EIA-860,Studenski Community Solar LLC,MN,,1.0,nameplate_mw,True
EIA-860,Severson HoldCo LLC,MN,,1.0,nameplate_mw,True
EIA-860,"Erving Poplar Mountain Solar 1, LLC",MA,,1.0,nameplate_mw,True
EIA-860,Family Tree Farms,CA,,1.0,nameplate_mw,True
EIA-860,Mike Woolf Farming,CA,,1.0,nameplate_mw,True
EIA-860,Tweite Community Solar LLC,MN,,1.0,nameplate_mw,True
EIA-860,Still Water Power LLC,CA,,1.0,nameplate_mw,True
EIA-860,Jack's Solar Garden,CO,,1.0,nameplate_mw,True
EIA-860,6685 Santa Barbara Ct,MD,,1.0,nameplate_mw,True
EIA-860,Schull CSG LLC,MN,,1.0,nameplate_mw,True
EIA-860,Palmer Community Solar LLC,MN,,1.0,nameplate_mw,True
EIA-860,Medin 2 Community Solar LLC,MN,,1.0,nameplate_mw,True
EIA-860,AMP MA Joe Jenny,MA,,1.0,nameplate_mw,True
EIA-860,Minisink Solar LLC,NY,,1.0,nameplate_mw,True
EIA-860,BWC Buckmaster Pond LLC,MA,,1.0,nameplate_mw,True
EIA-860,Swan Garden LLC,MN,,1.0,nameplate_mw,True
EIA-860,Novel Froehle Solar HQ LLC,MN,,1.0,nameplate_mw,True
EIA-860,Novel Milbradt Solar HQ LLC,MN,,1.0,nameplate_mw,True
EIA-860,MN CSG 2019-16 LLC,MN,,1.0,nameplate_mw,True
EIA-860,Novel Brock Solar HQ LLC,MN,,1.0,nameplate_mw,True
EIA-860,Novel Swenson Solar HQ LLC,MN,,1.0,nameplate_mw,True
EIA-860,Everson Garden LLC,MN,,1.0,nameplate_mw,True
EIA-860,Lily Garden LLC,MN,,1.0,nameplate_mw,True
EIA-860,Allie L.L.C.,MN,,1.0,nameplate_mw,True
EIA-860,"Rivers Electric, LLC",NY,,1.0,nameplate_mw,True
EIA-860,"Bear Grove Solar, LLC",MN,,1.0,nameplate_mw,True
EIA-860,"Dodge Renewables 1, LLC",MN,,1.0,nameplate_mw,True
EIA-860,"Dodge Renewables 2, LLC",MN,,1.0,nameplate_mw,True
EIA-860,LSE Crater LLC,MA,,1.0,nameplate_mw,True
EIA-860,"Whatley Renewables, LLC",MA,,1.0,nameplate_mw,True
EIA-860,MN CSG 2019-38 DE LLC,MN,,1.0,nameplate_mw,True
EIA-860,"Webster Solar, LLC",MA,,1.0,nameplate_mw,True
EIA-860,Elora LLC,MN,,1.0,nameplate_mw,True
EIA-860,South Garden LLC,MN,,1.0,nameplate_mw,True
EIA-860,Titlow Garden LLC,MN,,1.0,nameplate_mw,True
EIA-860,Cannon River LLC,MN,,1.0,nameplate_mw,True
EIA-860,Cascade Solar LLC,MN,,1.0,nameplate_mw,True
EIA-860,Ballantyne LLC,MN,,1.0,nameplate_mw,True
EIA-860,"Rafterville Solar, LLC",MN,,1.0,nameplate_mw,True
EIA-860,"Wolverine Solar, LLC",MN,,1.0,nameplate_mw,True
EIA-860,Preston Garden LLC,MN,,1.0,nameplate_mw,True
EIA-860,LSE Chamaeleon LLC,MA,,1.0,nameplate_mw,True
EIA-860,LSE Ara LLC,MA,,1.0,nameplate_mw,True
EIA-860,"SV CSG Afton I, LLC",MN,,1.0,nameplate_mw,True
EIA-860,DSI Don Solar LLC,MN,,1.0,nameplate_mw,True
EIA-860,Delta Electronics (Americas) Ltd,CA,,1.0,nameplate_mw,True
EIA-860,DSI Julie Solar LLC,MN,,1.0,nameplate_mw,True
EIA-860,"Lake Wilson Solar, LLC",MN,,1.0,nameplate_mw,True
EIA-860,"Lake Lilian Solar, LLC",MN,,1.0,nameplate_mw,True
EIA-860,MN CSG 2019-82 LLC,MN,,1.0,nameplate_mw,True
EIA-860,MN CSG 2019-60 LLC,MN,,1.0,nameplate_mw,True
EIA-860,DG Green Arrow LLC,MN,,1.0,nameplate_mw,True
EIA-860,MN CSG 2019-105 LLC,MN,,1.0,nameplate_mw,True
EIA-860,MN CSG 2019-67 LLC,MN,,1.0,nameplate_mw,True
EIA-860,DIVOCSG 13 LLC,MN,,1.0,nameplate_mw,True
EIA-860,Millbury MA #1092 LLC,MA,,1.0,nameplate_mw,True
EIA-860,Millis MA 1 LLC,MA,,1.0,nameplate_mw,True
EIA-860,Rochester MA 2 LLC,MA,,1.0,nameplate_mw,True
EIA-860,Wendell MA 1 LLC,MA,,1.0,nameplate_mw,True
EIA-860,DIVOCSG 14 LLC,MN,,1.0,nameplate_mw,True
EIA-860,MN CSG 2019-79 LLC,MN,,1.0,nameplate_mw,True
EIA-860,MN CSG 2019-22 LLC,MN,,1.0,nameplate_mw,True
EIA-860,MN CSG 2019-77 LLC,MN,,1.0,nameplate_mw,True
EIA-860,"North Narragansett Avenue Solar Project 2022, LLC",IL,,1.0,nameplate_mw,True
EIA-860,Franklin CSG 1 LLC,MN,,1.0,nameplate_mw,True
EIA-860,Bavaria Solar LLC,MN,,1.0,nameplate_mw,True
EIA-860,MN CSG 2019-113 LLC,MN,,1.0,nameplate_mw,True
EIA-860,BWC Mystic River LLC,MA,,1.0,nameplate_mw,True
EIA-860,BWC Origination 19 LLC,MA,,1.0,nameplate_mw,True
EIA-860,BWC Origination 8 LLC Sturbridge 1 LLC,MA,,1.0,nameplate_mw,True
EIA-860,BWC Origination 8 LLC Sturbridge 2 LLC,MA,,1.0,nameplate_mw,True
EIA-860,Reston Town Center Solar 1 LLC,VA,,1.0,nameplate_mw,True
EIA-860,Novel Stumpf 1 Solar LLC,MN,,1.0,nameplate_mw,True
EIA-860,"USF McClellan, LLC",CA,,1.0,nameplate_mw,True
EIA-860,"Coast Energy Holdings, LLC",NY,,1.0,nameplate_mw,True
EIA-860,"JBR, Inc.",CA,,1.0,nameplate_mw,True
EIA-860,"Ogdensburg Solar Partners, LLC",NY,,1.0,nameplate_mw,True
EIA-860,University of Redlands,CA,,0.9,nameplate_mw,True
EIA-860,Bauer Community Solar LLC,MN,,0.9,nameplate_mw,True
EIA-860,Phare Garden LLC,MN,,0.9,nameplate_mw,True
EIA-860,Crane Garden LLC,MN,,0.9,nameplate_mw,True
EIA-860,Fox Garden LLC,MN,,0.9,nameplate_mw,True
EIA-860,Pepin Garden LLC,MN,,0.9,nameplate_mw,True
EIA-860,Pickerel Garden LLC,MN,,0.9,nameplate_mw,True
EIA-860,Sturgeon Garden LLC,MN,,0.9,nameplate_mw,True
EIA-860,Winona Garden LLC,MN,,0.9,nameplate_mw,True
EIA-860,MN CSG 2019-24 LLC,MN,,0.9,nameplate_mw,True
EIA-860,Rice Community Solar Two LLC,MN,,0.8,nameplate_mw,True
EIA-860,Florida Power & Light Co,FL,,39924.1,nameplate_mw,False
EIA-860,"Duke Energy Carolinas, LLC",NC SC,,23796.7,nameplate_mw,False
EIA-860,Georgia Power Co,AL GA,,20884.1,nameplate_mw,False
EIA-860,Alabama Power Co,AL,,16163.2,nameplate_mw,False
EIA-860,Duke Energy Progress - (NC),NC SC,,14250.7,nameplate_mw,False
EIA-860,"Duke Energy Florida, LLC",FL,,13358.5,nameplate_mw,False
EIA-860,Arizona Public Service Co,AZ NM,,10906.5,nameplate_mw,False
EIA-860,City of San Antonio - (TX),TX,,9580.1,nameplate_mw,False
EIA-860,Oklahoma Gas & Electric Co,AR OK,,8610.5,nameplate_mw,False
EIA-860,Tampa Electric Co,FL,,7155.8,nameplate_mw,False
EIA-860,Southwestern Electric Power Co,AR LA OK TX,,6640.0,nameplate_mw,False
EIA-860,Nevada Power Co,NV,,6478.3,nameplate_mw,False
EIA-860,Basin Electric Power Coop,MT ND SD WY,,6342.6,nameplate_mw,False
EIA-860,Wisconsin Electric Power Co,MI WI,,6290.9,nameplate_mw,False
EIA-860,"Associated Electric Coop, Inc",AR MO OK,,5548.3,nameplate_mw,False
EIA-860,Southwestern Public Service Co,NM TX,,5424.5,nameplate_mw,False
EIA-860,South Carolina Public Service Authority,SC,,5281.5,nameplate_mw,False
EIA-860,Louisville Gas & Electric Co,KY,,5083.0,nameplate_mw,False
EIA-860,Indiana Michigan Power Co,IN MI,,4942.6,nameplate_mw,False
EIA-860,Interstate Power and Light Co,IA,,4537.0,nameplate_mw,False
EIA-860,Lower Colorado River Authority,TX,,4208.1,nameplate_mw,False
EIA-860,Mississippi Power Co,MS,,4203.5,nameplate_mw,False
EIA-860,LaFrontera Holdings LLC,TX,,4159.6,nameplate_mw,False
EIA-860,KeyCon Operating LLC,PA,,3846.2,nameplate_mw,False
EIA-860,Kentucky Utilities Co,KY,,3755.2,nameplate_mw,False
EIA-860,Omaha Public Power District,NE,,3539.6,nameplate_mw,False
EIA-860,"East Kentucky Power Coop, Inc",KY,,3494.6,nameplate_mw,False
EIA-860,Monongahela Power Co,WV,,3234.2,nameplate_mw,False
EIA-860,Nebraska Public Power District,NE,,3008.5,nameplate_mw,False
EIA-860,Idaho Power Co,ID OR,,2894.6,nameplate_mw,False
EIA-860,Wisconsin Public Service Corp,IA MI WI,,2862.2,nameplate_mw,False
EIA-860,Orlando Utilities Comm,FL,,2793.8,nameplate_mw,False
EIA-860,STP Nuclear Operating Co,TX,,2708.6,nameplate_mw,False
EIA-860,"Gavin Power, LLC",OH,,2600.0,nameplate_mw,False
EIA-860,USACE-Omaha,MT ND NE SD,,2539.8,nameplate_mw,False
EIA-860,TalenEnergy Susquehanna LLC,PA,,2532.0,nameplate_mw,False
EIA-860,Louisiana Generating LLC,LA,,2395.7,nameplate_mw,False
EIA-860,Cooperative Energy,MS,,2379.4,nameplate_mw,False
EIA-860,Northern Indiana Pub Serv Co,IN,,2329.1,nameplate_mw,False
EIA-860,El Paso Electric Co,NM TX,,2247.2,nameplate_mw,False
EIA-860,Arkansas Electric Coop Corp,AR,,2176.7,nameplate_mw,False
EIA-860,PowerSouth Energy Cooperative,AL,,2070.9,nameplate_mw,False
EIA-860,Guernsey Power Station LLC,OH,,2055.0,nameplate_mw,False
EIA-860,Empire District Electric Co,KS MO,,1987.8,nameplate_mw,False
EIA-860,Kentucky Power Co,KY WV,,1913.1,nameplate_mw,False
EIA-860,Cardinal Operating Company,OH,,1880.4,nameplate_mw,False
EIA-860,Sierra Pacific Power Co,NV,,1855.8,nameplate_mw,False
EIA-860,Midland Cogeneration Venture,MI,,1853.8,nameplate_mw,False
EIA-860,TalenEnergy Montour LLC,PA,,1757.9,nameplate_mw,False
EIA-860,Midlothian Energy LLC,TX,,1734.0,nameplate_mw,False
EIA-860,Grand River Dam Authority,OK,,1712.0,nameplate_mw,False
EIA-860,TalenEnergy Martins Creek LLC,PA,,1701.0,nameplate_mw,False
EIA-860,Brunner Island LLC,PA,,1616.1,nameplate_mw,False
EIA-860,Temple Generation Holdings LLC,TX,,1606.4,nameplate_mw,False
EIA-860,Calpine Mid-Merit LLC,PA,,1449.4,nameplate_mw,False
EIA-860,"System Energy Resources, Inc",MS,,1440.0,nameplate_mw,False
EIA-860,Cottonwood Energy Company LP,TX,,1433.6,nameplate_mw,False
EIA-860,Dynegy Hanging Rock Energy Facility,OH,,1429.8,nameplate_mw,False
EIA-860,USCE-Savannah District,GA SC,,1409.9,nameplate_mw,False
EIA-860,Kiowa Power Partners LLC,OK,,1370.0,nameplate_mw,False
EIA-860,"Omnis Pleasants, LLC",WV,,1368.0,nameplate_mw,False
EIA-860,"Western Farmers Elec Coop, Inc",NM OK,,1355.8,nameplate_mw,False
EIA-860,Duke Energy Kentucky Inc,KY OH,,1352.5,nameplate_mw,False
EIA-860,"Edgewater Generation, LLC",PA,,1338.0,nameplate_mw,False
EIA-860,Indiana-Kentucky Electric Corp,IN,,1303.8,nameplate_mw,False
EIA-860,Wolf Creek Nuclear Optg Corp,KS,,1296.3,nameplate_mw,False
EIA-860,"Jack County Power, LLC",TX,,1280.0,nameplate_mw,False
EIA-860,"New Harquahala Generating Co, LLC",AZ,,1277.1,nameplate_mw,False
EIA-860,Southern Indiana Gas & Elec Co,IN,,1265.7,nameplate_mw,False
EIA-860,Formosa Plastics Corp,TX,,1243.4,nameplate_mw,False
EIA-860,"Lawrenceburg Power, LLC",IN,,1232.0,nameplate_mw,False
EIA-860,"Generation Bridge II Connecticut, LLC",CT,,1217.8,nameplate_mw,False
EIA-860,Rainbow Energy Center,ND,,1215.6,nameplate_mw,False
EIA-860,Oneta Power LLC,OK,,1214.0,nameplate_mw,False
EIA-860,"South Field Energy, LLC",OH,,1210.4,nameplate_mw,False
EIA-860,"CPV Fairview, LLC",PA,,1197.0,nameplate_mw,False
EIA-860,"Hummel Station, LLC",PA,,1194.4,nameplate_mw,False
EIA-860,USCE-Mobile District,AL FL GA,,1185.7,nameplate_mw,False
EIA-860,Luminant Miami Fort,OH,,1180.8,nameplate_mw,False
EIA-860,Deer Park Energy Center,TX,,1176.0,nameplate_mw,False
EIA-860,"Indeck Niles, LLC",MI,,1174.4,nameplate_mw,False
EIA-860,Calpine Bethlehem LLC,PA,,1153.0,nameplate_mw,False
EIA-860,Riverside Generating Co LLC,KY,,1150.0,nameplate_mw,False
EIA-860,Repsol Renewables NA,NM TX,,1135.0,nameplate_mw,False
EIA-860,"Tenaska Pennsylvania Partners, LLC",PA,,1134.0,nameplate_mw,False
EIA-860,Sunflower Electric Power Corp,KS,,1128.5,nameplate_mw,False
EIA-860,Moxie Freedom LLC,PA,,1105.0,nameplate_mw,False
EIA-860,Kimura Power LLC,IN OH,,1102.8,nameplate_mw,False
EIA-860,Tenaska Georgia Partners LP,GA,,1099.2,nameplate_mw,False
EIA-860,USCE-Little Rock District,AR MO,,1089.2,nameplate_mw,False
EIA-860,Guadalupe Power Partners LP,TX,,1088.2,nameplate_mw,False
EIA-860,Ohio Valley Electric Corp,OH,,1086.5,nameplate_mw,False
EIA-860,Dow Chemical Co,LA,,1084.8,nameplate_mw,False
EIA-860,"Hallador Power Company, LLC",IN,,1080.0,nameplate_mw,False
EIA-860,Gemini Solar,NV,,1070.0,nameplate_mw,False
EIA-860,Westlake 2 US LLC,LA,,1068.6,nameplate_mw,False
EIA-860,Oregon Clean Energy Center,OH,,1061.5,nameplate_mw,False
EIA-860,South Houston Green Power LLC,TX,,1052.1,nameplate_mw,False
EIA-860,Chugach Electric Assn Inc,AK,,1044.9,nameplate_mw,False
EIA-860,Dairyland Power Coop,WI,,1038.1,nameplate_mw,False
EIA-860,Freestone Power Generation LLC,TX,,1036.0,nameplate_mw,False
EIA-860,"Hickory Run Energy, LLC",PA,,1033.7,nameplate_mw,False
EIA-860,Great Prairie Wind LLC,TX,,1027.0,nameplate_mw,False
EIA-860,Sandy Creek Energy Associates LP,TX,,1008.0,nameplate_mw,False
EIA-860,Oleander Holdings LLC,FL,,994.4,nameplate_mw,False
EIA-860,"Hays Energy, LLC",TX,,989.0,nameplate_mw,False
EIA-860,Broad River Energy LLC,SC,,985.0,nameplate_mw,False
EIA-860,Wolverine Power Supply Coop,MI,,984.8,nameplate_mw,False
EIA-860,Rolling Hills Generating LLC,OH,,977.5,nameplate_mw,False
EIA-860,Granite Shore Power,NH,,968.2,nameplate_mw,False
EIA-860,ProEnergy Services,TX,,968.0,nameplate_mw,False
EIA-860,"Clean Energy Future-Lordstown, LLC",OH,,962.0,nameplate_mw,False
EIA-860,City of Tallahassee - (FL),FL,,961.8,nameplate_mw,False
EIA-860,USCE-Nashville District,KY TN,,947.6,nameplate_mw,False
EIA-860,Tenaska Frontier Partners Ltd,TX,,939.7,nameplate_mw,False
EIA-860,Tenaska Gateway Partners Ltd,TX,,939.6,nameplate_mw,False
EIA-860,Baytown Energy Center LLC,TX,,932.9,nameplate_mw,False
EIA-860,Channel Energy Center LLC,TX,,923.8,nameplate_mw,False
EIA-860,"Waterford Power, LLC",OH,,921.6,nameplate_mw,False
EIA-860,City Utilities of Springfield - (MO),MO,,918.3,nameplate_mw,False
EIA-860,EIF Channelview Cogeneration LLC,TX,,918.3,nameplate_mw,False
EIA-860,SunStrong Management,NC OR SC,,904.7,nameplate_mw,False
EIA-860,Decatur Energy Center LLC,AL,,902.4,nameplate_mw,False
EIA-860,Morgan Energy Center LLC,AL,,900.0,nameplate_mw,False
EIA-860,"Hunterstown Generation, LLC",PA,,898.0,nameplate_mw,False
EIA-860,Occidental Chemical Corporation,LA,,894.2,nameplate_mw,False
EIA-860,Hamilton Liberty O&M LLC,PA,,870.0,nameplate_mw,False
EIA-860,"Hamilton Operating Services, LLC",PA,,870.0,nameplate_mw,False
EIA-860,FPL Energy Wyman LLC,ME,,862.7,nameplate_mw,False
EIA-860,"Mountain Creek Power, LLC",TX,,852.2,nameplate_mw,False
EIA-860,City of Lakeland - (FL),FL,,850.1,nameplate_mw,False
EIA-860,Shepherds Flat Wind LLC,OR,,845.0,nameplate_mw,False
EIA-860,North Carolina El Member Corp,NC,,843.2,nameplate_mw,False
EIA-860,"CPV Towantic, LLC",CT,,841.5,nameplate_mw,False
EIA-860,Lake Road Generating Co LP,CT,,840.0,nameplate_mw,False
EIA-860,Marcus Hook Energy LP,PA,,836.1,nameplate_mw,False
EIA-860,Carroll County Energy LLC,OH,,832.3,nameplate_mw,False
EIA-860,AGC Division of APGI Inc,IN,,822.8,nameplate_mw,False
EIA-860,CER Generation LLC,AL,,822.8,nameplate_mw,False
EIA-860,Wise County Power Company LLC,TX,,821.7,nameplate_mw,False
EIA-860,Pasadena Cogeneration LP,TX,,815.0,nameplate_mw,False
EIA-860,"Holtec Palisades, LLC",MI,,811.8,nameplate_mw,False
EIA-860,"Longview Power, LLC",WV,,807.5,nameplate_mw,False
EIA-860,"Thad Hill Energy Center, LLC",TX,,807.0,nameplate_mw,False
EIA-860,Rayburn Energy Station LLC,TX,,803.2,nameplate_mw,False
EIA-860,Calpine Corp-Magic Valley,TX,,801.0,nameplate_mw,False
EIA-860,CAMS (Georgia) Washington County Power,GA,,795.6,nameplate_mw,False
EIA-860,Troy Energy LLC,OH,,795.6,nameplate_mw,False
EIA-860,Granite Ridge Energy LLC,NH,,790.0,nameplate_mw,False
EIA-860,"Wolf Hollow I Power, LLC",TX,,788.4,nameplate_mw,False
EIA-860,Middletown Power LLC,CT,,786.4,nameplate_mw,False
EIA-860,St Joseph Energy Center LLC,IN,,780.0,nameplate_mw,False
EIA-860,Helix Ironwood LLC,PA,,777.6,nameplate_mw,False
EIA-860,Skeleton Creek Energy Center,OK,,752.0,nameplate_mw,False
EIA-860,"Sonoran Solar Energy, LLC",AZ,,750.0,nameplate_mw,False
EIA-860,Dearborn Industrial Gen Inc,MI,,747.9,nameplate_mw,False
EIA-860,Gainesville Regional Utilities,FL,,740.2,nameplate_mw,False
EIA-860,FPL Energy Horse Hollow LLC,TX,,735.5,nameplate_mw,False
EIA-860,"Minnkota Power Coop, Inc",ND,,734.0,nameplate_mw,False
EIA-860,Ontelaunee Energy Center,PA,,728.0,nameplate_mw,False
EIA-860,Vandolah Power Co LLC,FL,,728.0,nameplate_mw,False
EIA-860,Magnolia Power Holdings LLC,LA,,722.9,nameplate_mw,False
EIA-860,Dynegy Washington Energy Facility,OH,,714.9,nameplate_mw,False
EIA-860,"Fayette Power Company, LLC",PA,,714.9,nameplate_mw,False
EIA-860,Arlington Valley LLC,AZ,,713.0,nameplate_mw,False
EIA-860,South Point Energy Center LLC,AZ,,708.0,nameplate_mw,False
EIA-860,Kissimmee Utility Authority,FL,,706.0,nameplate_mw,False
EIA-860,Duke Energy Ohio Inc,IN OH,,696.0,nameplate_mw,False
EIA-860,"Kleen Energy Systems, LLC",CT,,693.0,nameplate_mw,False
EIA-860,CAMS (Georgia) AL Sandersville,GA,,692.0,nameplate_mw,False
EIA-860,Mesquite Power LLC,AZ,,691.6,nameplate_mw,False
EIA-860,Hermiston Power Partnership,OR,,689.4,nameplate_mw,False
EIA-860,Stanton Clean Energy LLC,FL,,688.3,nameplate_mw,False
EIA-860,Armstrong Power LLC,PA,,688.0,nameplate_mw,False
EIA-860,Lea Power Partners LLC,NM,,681.5,nameplate_mw,False
EIA-860,ExxonMobil Oil Corp,TX,,677.8,nameplate_mw,False
EIA-860,Brazos Valley Energy,TX,,675.6,nameplate_mw,False
EIA-860,"Hill Top Energy Center, LLC",PA,,664.7,nameplate_mw,False
EIA-860,Capricorn Ridge Wind LLC,TX,,662.5,nameplate_mw,False
EIA-860,"South Carolina Genertg Co, Inc",SC,,659.7,nameplate_mw,False
EIA-860,"Dogwood Power Management, LLC",MO,,655.2,nameplate_mw,False
EIA-860,Griffith Energy LLC,AZ,,655.0,nameplate_mw,False
EIA-860,CER Colorado Bend Energy Partners LP,TX,,654.1,nameplate_mw,False
EIA-860,Lower Mount Bethel Energy LLC,PA,,651.6,nameplate_mw,False
EIA-860,Odyssey Operating Services,TX,,643.6,nameplate_mw,False
EIA-860,Springdale Energy LLC,PA,,643.6,nameplate_mw,False
EIA-860,"High Banks Wind, LLC",KS,,643.4,nameplate_mw,False
EIA-860,USCE-Tulsa District,OK TX,,633.1,nameplate_mw,False
EIA-860,"Shawville Power, LLC",PA,,632.0,nameplate_mw,False
EIA-860,Coleto Creek Power LP,TX,,622.4,nameplate_mw,False
EIA-860,Hermiston Generating Co LP,OR,,621.2,nameplate_mw,False
EIA-860,Klamath Energy LLC,OR,,619.1,nameplate_mw,False
EIA-860,"South Texas Electric Coop, Inc",TX,,618.8,nameplate_mw,False
EIA-860,"Bastrop Energy Partners, LP",TX,,618.7,nameplate_mw,False
EIA-860,"Five Wells Solar Center, LLC",TX,,617.9,nameplate_mw,False
EIA-860,"Cubico USA, LLC",AR MS NC SC TX,,612.2,nameplate_mw,False
EIA-860,"Essential Power Operating Services, LLC",NH,,605.5,nameplate_mw,False
EIA-860,RW Miller Power LLC,TX,,603.6,nameplate_mw,False
EIA-860,Olin Blue Cube Operations,TX,,603.1,nameplate_mw,False
EIA-860,Apex Generating Station,NV,,600.6,nameplate_mw,False
EIA-860,Vesper Energy Development LLC,TX,,600.0,nameplate_mw,False
EIA-860,"Eleven Mile Solar Center, LLC",AZ,,600.0,nameplate_mw,False
EIA-860,"Sun Streams Expansion, LLC",AZ,,600.0,nameplate_mw,False
EIA-860,RISEC Operating Services,RI,,596.0,nameplate_mw,False
EIA-860,The Dow Chemical Company,TX,,594.9,nameplate_mw,False
EIA-860,Municipal Electric Authority - (GA),GA,,594.1,nameplate_mw,False
EIA-860,Corpus Christi Cogeneration LLC,TX,,593.3,nameplate_mw,False
EIA-860,Exxon Mobil Refining and Supply Co.,TX,,591.1,nameplate_mw,False
EIA-860,Seward Generating LLC,PA,,585.0,nameplate_mw,False
EIA-860,Milford Power Co LLC,CT,,578.0,nameplate_mw,False
EIA-860,BP Alternative Energy,IN,,576.8,nameplate_mw,False
EIA-860,Sweeny Cogeneration LLC,TX,,572.0,nameplate_mw,False
EIA-860,"Northeast Texas Elec Coop, Inc",TX,,570.0,nameplate_mw,False
EIA-860,"Darby Power, LLC",OH,,564.0,nameplate_mw,False
EIA-860,Westbrook Energy Center,ME,,563.9,nameplate_mw,False
EIA-860,"High Lonesome Wind Power, LLC",TX,,562.8,nameplate_mw,False
EIA-860,City of Garland - (TX),TX,,557.0,nameplate_mw,False
EIA-860,Vermillion Power LLC,OH,,555.6,nameplate_mw,False
EIA-860,Carville Energy LLC,LA,,555.0,nameplate_mw,False
EIA-860,Calpine Corp - Hidalgo,TX,,551.3,nameplate_mw,False
EIA-860,"Quail Run Energy Partners, LP",TX,,550.4,nameplate_mw,False
EIA-860,Casco Bay Energy Co LLC,ME,,550.2,nameplate_mw,False
EIA-860,"Carolina Power Partners, LLC",NC,,543.9,nameplate_mw,False
EIA-860,"Ohio Power Partners, LLC",OH,,543.9,nameplate_mw,False
EIA-860,Shady Hills Power Co LLC,FL,,541.2,nameplate_mw,False
EIA-860,Desert Star Energy Center SDG&E,NV,,537.3,nameplate_mw,False
EIA-860,Frontera Generation Limited Partnership,TX,,529.0,nameplate_mw,False
EIA-860,Deseret Generation & Tran Coop,UT,,526.9,nameplate_mw,False
EIA-860,Birdsboro Power LLC,PA,,525.0,nameplate_mw,False
EIA-860,"Aviator Wind, LLC",TX,,525.0,nameplate_mw,False
EIA-860,Faraday Solar B LLC,UT,,525.0,nameplate_mw,False
EIA-860,Long Ridge Energy Generation LLC,OH,,521.9,nameplate_mw,False
EIA-860,Bridgeport Energy LLC,CT,,520.0,nameplate_mw,False
EIA-860,Ingleside Cogeneration LP,TX,,517.0,nameplate_mw,False
EIA-860,"Manchester Street, LLC.",RI,,515.0,nameplate_mw,False
EIA-860,Montana-Dakota Utilities Co,MT ND,,514.3,nameplate_mw,False
EIA-860,"Choctaw Generation L.P, L.L.L.P.",MS,,513.7,nameplate_mw,False
EIA-860,Lincoln Electric System,NE,,509.4,nameplate_mw,False
EIA-860,City of Kansas City - (KS),KS,,508.6,nameplate_mw,False
EIA-860,"White Mesa Wind, LLC",TX,,500.6,nameplate_mw,False
EIA-860,"Young Wind, LLC",TX,,500.0,nameplate_mw,False
EIA-860,"Pine Forest Solar I, LLC",TX,,500.0,nameplate_mw,False
EIA-860,Dow Chemical Company-Oyster Creek VIII,TX,,497.9,nameplate_mw,False
EIA-860,Montville Power LLC,CT,,495.3,nameplate_mw,False
EIA-860,Dunns Bridge II Solar and Storage Generation LLC,IN,,491.3,nameplate_mw,False
EIA-860,"Parliament Solar, LLC",TX,,480.0,nameplate_mw,False
EIA-860,"Mockingbird Solar Center, LLC",TX,,471.0,nameplate_mw,False
EIA-860,"Azure Sky Wind Project, LLC",TX,,470.2,nameplate_mw,False
EIA-860,Gregory Power Partners LLC,TX,,469.8,nameplate_mw,False
EIA-860,Richland-Stryker Generation LLC,OH,,469.0,nameplate_mw,False
EIA-860,Eastman Cogeneration LP,TX,,467.7,nameplate_mw,False
EIA-860,"Roadrunner Solar, LLC",TX,,463.3,nameplate_mw,False
EIA-860,"2W Permian Solar, LLC",TX,,460.0,nameplate_mw,False
EIA-860,Indiana Municipal Power Agency,IN,,457.3,nameplate_mw,False
EIA-860,Texas City Cogeneration LLC,TX,,450.0,nameplate_mw,False
EIA-860,Arroyo Solar LLC,NM,,450.0,nameplate_mw,False
EIA-860,"Nevada Gold Energy, LLC",NV,,442.0,nameplate_mw,False
EIA-860,Seneca Generation LLC,PA,,437.9,nameplate_mw,False
EIA-860,"Old 300 Solar Center, LLC",TX,,430.0,nameplate_mw,False
EIA-860,"Sun Streams PVS, LLC",AZ,,430.0,nameplate_mw,False
EIA-860,PHR Holdings LLC,TX,,427.2,nameplate_mw,False
EIA-860,Mesquite Star Special LLC,TX,,418.9,nameplate_mw,False
EIA-860,Ennis Power Company LLC,TX,,418.0,nameplate_mw,False
EIA-860,Safe Harbor,PA,,417.5,nameplate_mw,False
EIA-860,"Bayou Cove Peaking Power, LLC",LA,,416.0,nameplate_mw,False
EIA-860,Fort Pierce Utilities Authority,FL,,411.4,nameplate_mw,False
EIA-860,"San Miguel Electric Coop, Inc",TX,,410.0,nameplate_mw,False
EIA-860,Ash Creek,TX,,408.9,nameplate_mw,False
EIA-860,Golden Valley Elec Assn Inc,AK,,403.7,nameplate_mw,False
EIA-860,Air Liquide Large Industries U S LP,LA TX,,402.3,nameplate_mw,False
EIA-860,Sequoia 1 Solar Project,TX,,401.4,nameplate_mw,False
EIA-860,Mesquite Wind LLC,TX,,400.0,nameplate_mw,False
EIA-860,"Waco Solar, LLC",TX,,400.0,nameplate_mw,False
EIA-860,"Mammoth North, LLC",IN,,400.0,nameplate_mw,False
EIA-860,"Jordan Creek Wind Farm, LLC",IN,,398.6,nameplate_mw,False
EIA-860,Brookfield Smoky Mountain Hydropower LP,NC TN,,391.4,nameplate_mw,False
EIA-860,"Cedar Springs Wind IV, LLC",WY,,390.4,nameplate_mw,False
EIA-860,Exus New Mexico,NM,,387.9,nameplate_mw,False
EIA-860,City of Hastings - (NE),NE,,386.8,nameplate_mw,False
EIA-860,"MPC Generating, LLC",GA,,386.1,nameplate_mw,False
EIA-860,"Serrano Solar, LLC",AZ,,383.8,nameplate_mw,False
EIA-860,Pleasants Energy LLC,WV,,382.8,nameplate_mw,False
EIA-860,Homer Electric Assn Inc,AK,,382.0,nameplate_mw,False
EIA-860,Oxy Vinyls LP,TX,,380.7,nameplate_mw,False
EIA-860,"Victoria WLE, LP",TX,,376.9,nameplate_mw,False
EIA-860,Stephens Ranch Wind Energy LLC,TX,,376.0,nameplate_mw,False
EIA-860,Clearwater Energy Resources LLC,MT,,365.5,nameplate_mw,False
EIA-860,"Brunot Island Power, LLC",PA,,365.4,nameplate_mw,False
EIA-860,Clarksdale Public Utilities,MS,,361.6,nameplate_mw,False
EIA-860,Lansing Board of Water and Light,MI,,361.2,nameplate_mw,False
EIA-860,Garrison Energy Center LLC,DE,,361.0,nameplate_mw,False
EIA-860,"Ector County Generation, LLC",TX,,358.8,nameplate_mw,False
EIA-860,"New Castle Power, LLC",PA,,354.4,nameplate_mw,False
EIA-860,"Foard City Wind, LLC",TX,,352.8,nameplate_mw,False
EIA-860,Wallingford Energy LLC,CT,,350.0,nameplate_mw,False
EIA-860,Mohave County Wind Farm,AZ,,350.0,nameplate_mw,False
EIA-860,"Washington County Solar, LLC",GA,,350.0,nameplate_mw,False
EIA-860,"Major Oak Power, LLC",TX,,349.2,nameplate_mw,False
EIA-860,Agua Caliente Solar,AZ,,347.7,nameplate_mw,False
EIA-860,BMP Wind LLC,TX,,340.0,nameplate_mw,False
EIA-860,"Sage Draw Wind, LLC",TX,,338.4,nameplate_mw,False
EIA-860,TG East Wind Project LLC,TX,,336.0,nameplate_mw,False
EIA-860,"Excel Advantage Services, LLC",TX,,331.6,nameplate_mw,False
EIA-860,City of McPherson - (KS),KS,,330.4,nameplate_mw,False
EIA-860,"Boswell Wind, LLC",WY,,329.8,nameplate_mw,False
EIA-860,Stampede Solar Project LLC,TX,,328.1,nameplate_mw,False
EIA-860,Delaware City Refining Company LLC,DE,,324.0,nameplate_mw,False
EIA-860,Shamrock Wind LLC,TX,,323.9,nameplate_mw,False
EIA-860,Dow Chemical Co - St Charles,LA,,323.6,nameplate_mw,False
EIA-860,"SEPG MGA, LLC",GA,,323.0,nameplate_mw,False
EIA-860,Brookfield White Pine Hydro LLC,ME,,321.6,nameplate_mw,False
EIA-860,"Rattlesnake Creek Wind Project, LLC",NE,,318.1,nameplate_mw,False
EIA-860,"Azure Sky Solar Project, LLC",TX,,316.2,nameplate_mw,False
EIA-860,Fayetteville Public Works Commission,NC,,311.7,nameplate_mw,False
EIA-860,City of Holland - (MI),MI,,311.1,nameplate_mw,False
EIA-860,"BT Hickerson Solar, LLC",TX,,310.0,nameplate_mw,False
EIA-860,Shell Chemical Appalachia LLC,PA,,309.8,nameplate_mw,False
EIA-860,"Canyon Wind Project, LLC",TX,,308.8,nameplate_mw,False
EIA-860,"Fence Post Solar Project, LLC",TX,,308.0,nameplate_mw,False
EIA-860,"Wild Plains Wind Project, LLC",KS,,307.2,nameplate_mw,False
EIA-860,Exus Pennsylvania Wind Holdings,PA,,306.9,nameplate_mw,False
EIA-860,Ocean State Power II,RI,,306.6,nameplate_mw,False
EIA-860,Westlake Chemicals & Vinyls LLC,LA,,306.0,nameplate_mw,False
EIA-860,Greasewood II LLC,TX,,306.0,nameplate_mw,False
EIA-860,"SE Juno, LLC",TX,,305.6,nameplate_mw,False
EIA-860,"Enel Green Power Estonian Solar Project, LLC",TX,,304.5,nameplate_mw,False
EIA-860,SMT Ironman BESS LLC,TX,,304.0,nameplate_mw,False
EIA-860,TC Energy,TX,,303.8,nameplate_mw,False
EIA-860,Indiana Crossroads Wind Farms LLC,IN,,302.4,nameplate_mw,False
EIA-860,"Seven Cowboy Wind Project, LLC",OK,,301.7,nameplate_mw,False
EIA-860,Rathdrum Power LLC,ID,,301.5,nameplate_mw,False
EIA-860,"Lacy Creek Wind, LLC",TX,,301.3,nameplate_mw,False
EIA-860,"Inertia Wind Project, LLC",TX,,301.0,nameplate_mw,False
EIA-860,"El Sauz Ranch Wind, LLC",TX,,301.0,nameplate_mw,False
EIA-860,"FPLE Wind, LLC",OK,,300.8,nameplate_mw,False
EIA-860,"Irish Creek Wind, LLC",KS,,300.6,nameplate_mw,False
EIA-860,"Pioneer Prairie Wind Farm I, LLC",IA,,300.0,nameplate_mw,False
EIA-860,"Cedro Hill Wind, LLC",TX,,300.0,nameplate_mw,False
EIA-860,Chisholm View Wind Project,OK,,300.0,nameplate_mw,False
EIA-860,325MK 8me LLC,NV,,300.0,nameplate_mw,False
EIA-860,"Tahoka Wind, LLC",TX,,300.0,nameplate_mw,False
EIA-860,"Torrecillas Wind Energy, LLC",TX,,300.0,nameplate_mw,False
EIA-860,Ranchero Wind Farm LLC,TX,,300.0,nameplate_mw,False
EIA-860,"Prospero Energy Project, LLC (Longroad)",TX,,300.0,nameplate_mw,False
EIA-860,Soldier Creek Wind LLC,KS,,300.0,nameplate_mw,False
EIA-860,"Milligan 1 Wind, LLC",NE,,300.0,nameplate_mw,False
EIA-860,Hubbard Wind LLC,TX,,300.0,nameplate_mw,False
EIA-860,"San Juan Solar I, LLC",NM,,300.0,nameplate_mw,False
EIA-860,Atrisco Energy Storage LLC,NM,,300.0,nameplate_mw,False
EIA-860,RE Papago LLC,AZ,,300.0,nameplate_mw,False
EIA-860,"GulfStar Power, LLC",TX,,300.0,nameplate_mw,False
EIA-860,Atrisco Solar LLC,NM,,300.0,nameplate_mw,False
EIA-860,"Rodeo Ranch Energy Storage, LLC",TX,,300.0,nameplate_mw,False
EIA-860,"BOCA bn, LLC",AZ,,300.0,nameplate_mw,False
EIA-860,Atlas VII LLC,AZ,,300.0,nameplate_mw,False
EIA-860,PP Jaguar BESS LLC,TX,,300.0,nameplate_mw,False
EIA-860,Balko Wind LLC,OK,,299.7,nameplate_mw,False
EIA-860,"TX Jumbo Road Wind, LLC",TX,,299.7,nameplate_mw,False
EIA-860,"Red Dirt Wind Project, LLC",OK,,299.3,nameplate_mw,False
EIA-860,"Enel Green Power Diamond Vista Wind Project, LLC",KS,,299.3,nameplate_mw,False
EIA-860,"Limestone Wind Project, LLC",TX,,299.2,nameplate_mw,False
EIA-860,"Aurora Wind Project, LLC",ND,,298.8,nameplate_mw,False
EIA-860,Kingfisher Wind LLC,OK,,298.0,nameplate_mw,False
EIA-860,"Haystack Wind Project, LLC",NE,,298.0,nameplate_mw,False
EIA-860,"Thunder Ranch Wind Project, LLC",OK,,297.8,nameplate_mw,False
EIA-860,"HEN Infrastructure, L.L.C.",TX,,297.5,nameplate_mw,False
EIA-860,Handsome Lake Energy LLC,PA,,294.5,nameplate_mw,False
EIA-860,Canadian Hills Wind LLC,OK,,293.7,nameplate_mw,False
EIA-860,Oklahoma Municipal Power Authority,OK,,293.3,nameplate_mw,False
EIA-860,Escape Solar LLC,NV,,285.0,nameplate_mw,False
EIA-860,Tanzanite Energy Storage LLC,TX,,283.2,nameplate_mw,False
EIA-860,Johnson County Power LLC,TX,,282.6,nameplate_mw,False
EIA-860,Palo Duro Wind,TX,,282.3,nameplate_mw,False
EIA-860,Mobile Energy LLC,AL,,280.0,nameplate_mw,False
EIA-860,Arizona Solar One LLC,AZ,,280.0,nameplate_mw,False
EIA-860,"Wheatridge Wind Holdings, LLC",OR,,280.0,nameplate_mw,False
EIA-860,"Silver Peak Solar, LLC",NV,,279.0,nameplate_mw,False
EIA-860,FPL Energy Upton Wind LP,TX,,278.0,nameplate_mw,False
EIA-860,Motiva Enterprises LLC,TX,,276.8,nameplate_mw,False
EIA-860,Board of Water Electric & Communications,IA,,275.5,nameplate_mw,False
EIA-860,Arrow Canyon Solar LLC,NV,,275.0,nameplate_mw,False
EIA-860,Tiverton Power LLC,RI,,274.5,nameplate_mw,False
EIA-860,Rumford Power,ME,,274.5,nameplate_mw,False
EIA-860,Santa Rosa Energy Center LLC,FL,,274.5,nameplate_mw,False
EIA-860,Deer Park Refinery Limited Partnership (DPRLP),TX,,274.0,nameplate_mw,False
EIA-860,"Las Majadas Wind Farm, LLC",TX,,272.6,nameplate_mw,False
EIA-860,"Townsite Solar, LLC",NV,,270.0,nameplate_mw,False
EIA-860,"Helena Wind, LLC",TX,,268.2,nameplate_mw,False
EIA-860,Paris Generation LP,TX,,265.6,nameplate_mw,False
EIA-860,"FGE Goodnight I, LLC",TX,,265.5,nameplate_mw,False
EIA-860,Dunns Bridge Solar Center LLC,IN,,265.0,nameplate_mw,False
EIA-860,City of Grand Island - (NE),NE,,262.5,nameplate_mw,False
EIA-860,City of Sikeston - (MO),MO,,261.0,nameplate_mw,False
EIA-860,"Silver State Solar Power South, LLC",NV,,260.1,nameplate_mw,False
EIA-860,Dow Hydrocarbons and Resources LLC,TX,,260.0,nameplate_mw,False
EIA-860,"SE Titan, LLC",TX,,260.0,nameplate_mw,False
EIA-860,"Wadley Solar, LLC",GA,,260.0,nameplate_mw,False
EIA-860,"Roadrunner Crossing Wind Farm, LLC",TX,,256.0,nameplate_mw,False
EIA-860,Taygete Energy Project LLC,TX,,255.0,nameplate_mw,False
EIA-860,Concho Bluff LLC,TX,,255.0,nameplate_mw,False
EIA-860,"Scatter Wash Energy Storage, LLC",AZ,,255.0,nameplate_mw,False
EIA-860,Alaska Electric Light & Power Co.,AK,,254.3,nameplate_mw,False
EIA-860,Ocean State Power Co,RI,,254.2,nameplate_mw,False
EIA-860,"Dermott Wind, LLC",TX,,253.0,nameplate_mw,False
EIA-860,"Cool Springs Solar, LLC",GA,,253.0,nameplate_mw,False
EIA-860,"Texas Solar Nova 1, LLC",TX,,252.0,nameplate_mw,False
EIA-860,"Little Blue Wind Project, LLC",NE,,250.7,nameplate_mw,False
EIA-860,Florida Municipal Power Agency (FL),FL,,250.1,nameplate_mw,False
EIA-860,Hidalgo Wind Farm LLC,TX,,250.0,nameplate_mw,False
EIA-860,"Willow Springs Windfarm, LLC",TX,,250.0,nameplate_mw,False
EIA-860,"Phoebe Energy Project, LLC",TX,,250.0,nameplate_mw,False
EIA-860,225DD 8me LLC,TX,,250.0,nameplate_mw,False
EIA-860,Amadeus Wind LLC,TX,,250.0,nameplate_mw,False
EIA-860,"Sparta Solar, LLC",TX,,250.0,nameplate_mw,False
EIA-860,"Dodge Flat Solar, LLC",NV,,250.0,nameplate_mw,False
EIA-860,"Prospero Solar II, LLC (Longroad)",TX,,250.0,nameplate_mw,False
EIA-860,Sun Valley Solar LLC,TX,,250.0,nameplate_mw,False
EIA-860,"Sierra Estrella Energy Storage, LLC",AZ,,250.0,nameplate_mw,False
EIA-860,Ben Milam Solar 3 LLC,TX,,250.0,nameplate_mw,False
EIA-860,Ben Milam Solar 2 LLC,TX,,250.0,nameplate_mw,False
EIA-860,"SR Toombs I, LLC",GA,,250.0,nameplate_mw,False
EIA-860,Hopkins Energy LLC,TX,,250.0,nameplate_mw,False
EIA-860,"Sebree Solar, LLC",KY,,250.0,nameplate_mw,False
EIA-860,Fairbanks Solar Energy Center LLC,IN,,250.0,nameplate_mw,False
EIA-860,"Roaring Springs, LLC",TX,,250.0,nameplate_mw,False
EIA-860,Hardin Solar Energy III,OH,,250.0,nameplate_mw,False
EIA-860,Rush Springs Wind Project,OK,,249.9,nameplate_mw,False
EIA-860,Buffalo Dunes Wind Project LLC,KS,,249.8,nameplate_mw,False
EIA-860,"Javelina Wind Energy, LLC",TX,,249.7,nameplate_mw,False
EIA-860,BIF III Holtwood LLC,PA,,247.3,nameplate_mw,False
EIA-860,"Armadillo Flats Wind Project, LLC",OK,,247.3,nameplate_mw,False
EIA-860,"East Texas Electric Coop, Inc",TX,,246.6,nameplate_mw,False
EIA-860,"Porter Solar, LLC",TX,,245.0,nameplate_mw,False
EIA-860,Cavalry Energy Center LLC,IN,,245.0,nameplate_mw,False
EIA-860,Borger Energy Associates LP,TX,,243.9,nameplate_mw,False
EIA-860,"Pratt Wind, LLC",KS,,243.5,nameplate_mw,False
EIA-860,"El Campo Wind, LLC (Longroad)",TX,,242.8,nameplate_mw,False
EIA-860,GenConn Middletown LLC,CT,,242.0,nameplate_mw,False
EIA-860,GenConn Devon LLC,CT,,242.0,nameplate_mw,False
EIA-860,"Peaker Power, LLC",TX,,242.0,nameplate_mw,False
EIA-860,"Clear Creek Wind, LLC",MO,,242.0,nameplate_mw,False
EIA-860,"UNS Electric, Inc",AZ,,240.4,nameplate_mw,False
EIA-860,Misae Lessee LLC,TX,,240.0,nameplate_mw,False
EIA-860,"7V Solar Ranch, LLC",TX,,240.0,nameplate_mw,False
EIA-860,"Paris Farm Solar, LLC",TX,,240.0,nameplate_mw,False
EIA-860,Sky Ranch Solar and Storage,NM,,240.0,nameplate_mw,False
EIA-860,"Anole Energy Storage, LLC",TX,,240.0,nameplate_mw,False
EIA-860,"Rio Bravo Windpower, LLC",TX,,237.6,nameplate_mw,False
EIA-860,"White Cloud Wind Project, LLC",MO,,236.5,nameplate_mw,False
EIA-860,Libra Storage LLC,TX,,236.3,nameplate_mw,False
EIA-860,"LaPorte Power, LLC",TX,,236.0,nameplate_mw,False
EIA-860,Chapman Ranch Wind LLC,TX,,236.0,nameplate_mw,False
EIA-860,John Laing US Solar Corp.,NC,,235.8,nameplate_mw,False
EIA-860,Clenera LLC,AZ,,235.0,nameplate_mw,False
EIA-860,City Water and Light Plant - (AR),AR,,234.3,nameplate_mw,False
EIA-860,Utah Municipal Power Agency,UT,,233.0,nameplate_mw,False
EIA-860,Pine Bluff Energy LLC,AR,,230.4,nameplate_mw,False
EIA-860,"Electra Wind, LLC",TX,,230.0,nameplate_mw,False
EIA-860,"Horse Creek Wind, LLC",TX,,230.0,nameplate_mw,False
EIA-860,"Plum Creek Wind, LLC",NE,,230.0,nameplate_mw,False
EIA-860,"Bernard Creek Solar, LLC",TX,,230.0,nameplate_mw,False
EIA-860,"Guajillo Energy Storage, LLC",TX,,228.7,nameplate_mw,False
EIA-860,Energy Keepers Inc,MT,,227.8,nameplate_mw,False
EIA-860,"AP Solar 2, LLC",TX,,227.5,nameplate_mw,False
EIA-860,"Muscle Shoals Solar, LLC",AL,,227.0,nameplate_mw,False
EIA-860,Mammoth Plains Wind Project,OK,,226.1,nameplate_mw,False
EIA-860,"Roundhouse Renewable Energy, LLC",WY,,226.0,nameplate_mw,False
EIA-860,City of Denton - (TX),TX,,225.6,nameplate_mw,False
EIA-860,"Griffin Trail Wind, LLC",TX,,225.6,nameplate_mw,False
EIA-860,City of Bryan - (TX),TX,,225.2,nameplate_mw,False
EIA-860,"Milagro Solar I, LLC",NM,,225.0,nameplate_mw,False
EIA-860,"Diver Solar, LLC",TX,,225.0,nameplate_mw,False
EIA-860,Great Pathfinder Wind,IA,,224.4,nameplate_mw,False
EIA-860,City of Columbia - (MO),MO,,223.9,nameplate_mw,False
EIA-860,Callisto I Energy Center,TX,,223.4,nameplate_mw,False
EIA-860,Devon Power LLC,CT,,222.6,nameplate_mw,False
EIA-860,Willow Creek Wind LLC,OK,,220.0,nameplate_mw,False
EIA-860,Evelyn Energy Storage LLC,TX,,220.0,nameplate_mw,False
EIA-860,"Kingman Wind Energy, LLC",KS,,214.8,nameplate_mw,False
EIA-860,USCE-Kansas City District,MO,,213.4,nameplate_mw,False
EIA-860,"Cedar Bluff Wind, LLC",KS,,212.8,nameplate_mw,False
EIA-860,Canadian Breaks LLC,TX,,210.1,nameplate_mw,False
EIA-860,Stillhouse Solar LLC,TX,,210.0,nameplate_mw,False
EIA-860,"Storey Energy Center, LLC",AZ,,210.0,nameplate_mw,False
EIA-860,"Yellow Pine Solar II, LLC",NV,,210.0,nameplate_mw,False
EIA-860,Reloj del Sol Wind Farm LLC,TX,,209.4,nameplate_mw,False
EIA-860,"King Creek Wind Farm 2, LLC",TX,,209.0,nameplate_mw,False
EIA-860,Ninnescah Wind Energy LLC,KS,,208.3,nameplate_mw,False
EIA-860,"Ebony Energy Storage, LLC",TX,,207.9,nameplate_mw,False
EIA-860,Utah Associated Mun Power Sys,ID UT,,207.1,nameplate_mw,False
EIA-860,FPL Energy New Mexico Wind LLC,NM,,204.0,nameplate_mw,False
EIA-860,1370 Shannon LLC,TX,,204.0,nameplate_mw,False
EIA-860,Citadel BESS LLC,TX,,204.0,nameplate_mw,False
EIA-860,West Texas Solar Project II LLC,TX,,203.8,nameplate_mw,False
EIA-860,"Milford Wind Corridor Phase I, LLC (Longroad)",UT,,203.5,nameplate_mw,False
EIA-860,AP Sunray LLC,TX,,203.5,nameplate_mw,False
EIA-860,Crossett Power Management LLC,TX,,203.0,nameplate_mw,False
EIA-860,Cutlass II Solar LLC,TX,,202.8,nameplate_mw,False
EIA-860,Great Lakes Hydro America LLC,ME NH,,202.3,nameplate_mw,False
EIA-860,"Lily Solar, LLC",TX,,201.9,nameplate_mw,False
EIA-860,Lafayette Utilities System,LA,,201.6,nameplate_mw,False
EIA-860,Indiana Crossroads Wind Farm II LLC,IN,,201.6,nameplate_mw,False
EIA-860,"Horizon Hill Wind, LLC",OK,,201.5,nameplate_mw,False
EIA-860,"White Rock Wind East, LLC",OK,,201.5,nameplate_mw,False
EIA-860,"Cloud County Windfarm, LLC",KS,,201.0,nameplate_mw,False
EIA-860,Osborn Wind Energy LLC,MO,,200.9,nameplate_mw,False
EIA-860,"Sunflower Energy Center, LLC",KS,,200.6,nameplate_mw,False
EIA-860,Meadow Lake Wind Farm VI LLC,IN,,200.4,nameplate_mw,False
EIA-860,"Crowned Ridge Wind, LLC",SD,,200.1,nameplate_mw,False
EIA-860,Carpenter Wind Farm LLC,IN,,200.1,nameplate_mw,False
EIA-860,FPL Energy Crystal Lake Wind II LLC,IA,,200.0,nameplate_mw,False
EIA-860,Caney River Wind Project,KS,,200.0,nameplate_mw,False
EIA-860,Headwaters Wind Farm LLC,IN,,200.0,nameplate_mw,False
EIA-860,Goodwell Wind Project LLC,OK,,200.0,nameplate_mw,False
EIA-860,"Javelina Wind Energy II, LLC",TX,,200.0,nameplate_mw,False
EIA-860,"Cimarron Bend Wind Project I, LLC",KS,,200.0,nameplate_mw,False
EIA-860,"Cimarron Bend Wind Project II, LLC",KS,,200.0,nameplate_mw,False
EIA-860,Tres Power Victoria LLC,TX,,200.0,nameplate_mw,False
EIA-860,Techren Solar II LLC,NV,,200.0,nameplate_mw,False
EIA-860,"Holstein Solar Farm 1, LLC",TX,,200.0,nameplate_mw,False
EIA-860,"Hillcrest Solar I, LLC",OH,,200.0,nameplate_mw,False
EIA-860,"Emmons-Logan Wind, LLC",ND,,200.0,nameplate_mw,False
EIA-860,"Ponderosa Wind, LLC",OK,,200.0,nameplate_mw,False
EIA-860,"Cedar Springs Wind, LLC",WY,,200.0,nameplate_mw,False
EIA-860,"Brazoria West Solar Project, LLC",TX,,200.0,nameplate_mw,False
EIA-860,Corazon Energy LLC,TX,,200.0,nameplate_mw,False
EIA-860,Riverstart Solar Park LLC,IN,,200.0,nameplate_mw,False
EIA-860,Heartland Divide II,IA,,200.0,nameplate_mw,False
EIA-860,"Texas Solar Nova 2, LLC",TX,,200.0,nameplate_mw,False
EIA-860,Meadow Lake Solar Park,IN,,200.0,nameplate_mw,False
EIA-860,"Brazoria County Solar Project, LLC",TX,,200.0,nameplate_mw,False
EIA-860,Tidwell Prairie,TX,,200.0,nameplate_mw,False
EIA-860,"Sweetland Wind Farm, LLC",SD,,200.0,nameplate_mw,False
EIA-860,Wheatridge East Wind LLC,OR,,200.0,nameplate_mw,False
EIA-860,"Long Lake Solar, LLC",AR,,200.0,nameplate_mw,False
EIA-860,Ben Milam Solar 1 LLC,TX,,200.0,nameplate_mw,False
EIA-860,AES Pike County Energy Storage,IN,,200.0,nameplate_mw,False
EIA-860,"North Bend Wind Project, LLC",SD,,200.0,nameplate_mw,False
EIA-860,"Forgeview Solar, LLC",AR,,200.0,nameplate_mw,False
EIA-860,"Flat Fork Solar, LLC",AR,,200.0,nameplate_mw,False
EIA-860,"Pleasant Valley Solar, LLC",ID,,200.0,nameplate_mw,False
EIA-860,"Anemoi Energy Storage, LLC",TX,,200.0,nameplate_mw,False
EIA-860,"Hornshadow Solar II, LLC",UT,,200.0,nameplate_mw,False
EIA-860,"Silver State South Storage, LLC",NV,,200.0,nameplate_mw,False
EIA-860,Randolph Solar Park LLC,AZ,,200.0,nameplate_mw,False
EIA-860,"Troutdale Grid, LLC",OR,,200.0,nameplate_mw,False
EIA-860,"Crossroads Solar, LLC - (IN)",IN,,200.0,nameplate_mw,False
EIA-860,"Big Elm Solar, LLC",TX,,200.0,nameplate_mw,False
EIA-860,"Bowman Wind, LLC",ND,,200.0,nameplate_mw,False
EIA-860,"Green River Solar, LLC",KY,,200.0,nameplate_mw,False
EIA-860,"Gibson Solar, LLC",IN,,200.0,nameplate_mw,False
EIA-860,Flatland Storage LLC,AZ,,200.0,nameplate_mw,False
EIA-860,"Dominguez Grid, LLC",UT,,200.0,nameplate_mw,False
EIA-860,"Sealy Power, LLC",TX,,200.0,nameplate_mw,False
EIA-860,"Appleseed Solar, LLC",IN,,200.0,nameplate_mw,False
EIA-860,"New Madrid Solar, LLC",MO,,200.0,nameplate_mw,False
EIA-860,"Kelso Solar, LLC",MO,,200.0,nameplate_mw,False
EIA-860,Meadow Lake Wind Farm LLC,IN,,199.7,nameplate_mw,False
EIA-860,Burke Wind LLC,ND,,199.4,nameplate_mw,False
EIA-860,Prairie Queen Wind Farm LLC,KS,,199.3,nameplate_mw,False
EIA-860,Turtle Creek Wind Farm LLC,IA,,199.2,nameplate_mw,False
EIA-860,Waverly Wind Farm LLC,KS,,199.0,nameplate_mw,False
EIA-860,"Speedway Solar, LLC",IN,,199.0,nameplate_mw,False
EIA-860,Ridgeline Energy LLC,ID,,198.9,nameplate_mw,False
EIA-860,"Enel Kansas, LLC",KS,,198.8,nameplate_mw,False
EIA-860,"Oliver Wind IV, LLC",ND,,198.8,nameplate_mw,False
EIA-860,Elk City LLC,OK,,198.1,nameplate_mw,False
EIA-860,Trinity Hills Wind Farm LLC,TX,,198.0,nameplate_mw,False
EIA-860,"Bluestem Wind Energy, LLC",OK,,198.0,nameplate_mw,False
EIA-860,"Castle Gap Wind Power, LLC",TX,,196.8,nameplate_mw,False
EIA-860,"Bearkat Wind Energy 1, LLC",TX,,196.7,nameplate_mw,False
EIA-860,"Tres Bahias Solar Power, LLC",TX,,196.3,nameplate_mw,False
EIA-860,Hardy Hills Solar LLC,IN,,195.0,nameplate_mw,False
EIA-860,"Angelo Solar, LLC",TX,,195.0,nameplate_mw,False
EIA-860,Eastman Chemical Co-TN Ops,TN,,194.3,nameplate_mw,False
EIA-860,"Portland Power, LLC",PA,,194.0,nameplate_mw,False
EIA-860,City of Hamilton - (OH),KY OH,,193.7,nameplate_mw,False
EIA-860,"ND Paper, Inc.",ME WI,,192.7,nameplate_mw,False
EIA-860,Grays Ferry Cogen Partnership,PA,,192.6,nameplate_mw,False
EIA-860,"BHER Ravenswood Solar 1, LLC",WV,,192.1,nameplate_mw,False
EIA-860,First National Bank-Commerce,LA,,192.0,nameplate_mw,False
EIA-860,"Yellow Pine Solar, LLC",NV,,190.0,nameplate_mw,False
EIA-860,"Shallow Basket Energy, LLC",NM,,190.0,nameplate_mw,False
EIA-860,"Hunlock Energy, LLC",PA,,189.9,nameplate_mw,False
EIA-860,Upton County Solar 2 LLC,TX,,189.9,nameplate_mw,False
EIA-860,NaturEner Rim Rock Energy LLC,MT,,189.0,nameplate_mw,False
EIA-860,Timbermill Wind,NC,,189.0,nameplate_mw,False
EIA-860,Upper Michigan Energy Resources Company,MI,,188.0,nameplate_mw,False
EIA-860,City of Ames - (IA),IA,,187.5,nameplate_mw,False
EIA-860,"SE Aragorn, LLC",TX,,187.2,nameplate_mw,False
EIA-860,"Walleye Power, LLC",OH,,187.0,nameplate_mw,False
EIA-860,Bucksport Generation LLC,ME,,186.8,nameplate_mw,False
EIA-860,UPC Power Solutions,PA TX,,186.6,nameplate_mw,False
EIA-860,Idaho Wind Partners 1 LLC,ID,,184.8,nameplate_mw,False
EIA-860,"King Creek Wind Farm 1, LLC",TX,,184.0,nameplate_mw,False
EIA-860,"Lockett Windfarm, LLC",TX,,183.8,nameplate_mw,False
EIA-860,Midway Solar,TX,,182.0,nameplate_mw,False
EIA-860,Cameron Wind 1 LLC,TX,,181.4,nameplate_mw,False
EIA-860,Connecticut Jet Power LLC,CT,,180.4,nameplate_mw,False
EIA-860,Bull Creek Wind LLC,TX,,180.0,nameplate_mw,False
EIA-860,Scout Clean Energy LLC,TX,,180.0,nameplate_mw,False
EIA-860,"Big Cypress Solar, LLC",AR,,180.0,nameplate_mw,False
EIA-860,"Rayos del Sol Solar Project, LLC",TX,,180.0,nameplate_mw,False
EIA-860,Oriana Solar LLC,TX,,180.0,nameplate_mw,False
EIA-860,"Newport Solar, LLC",AR,,180.0,nameplate_mw,False
EIA-860,"Madison Fields Solar Project, LLC",OH,,180.0,nameplate_mw,False
EIA-860,Azalea Springs Solar Park LLC,TX,,180.0,nameplate_mw,False
EIA-860,CP Bloom Wind LLC,KS,,178.2,nameplate_mw,False
EIA-860,"Pegasus Wind, LLC",MI,,178.0,nameplate_mw,False
EIA-860,BASF Corporation,LA TX,,176.8,nameplate_mw,False
EIA-860,Cleveland-Cliffs Burns Harbor LLC,IN,,176.2,nameplate_mw,False
EIA-860,Wildcat Creek Wind Farm LLC,TX,,175.3,nameplate_mw,False
EIA-860,"Crooked Lake Solar, LLC",AR,,175.0,nameplate_mw,False
EIA-860,"Pearl River Solar Park, LLC",MS,,175.0,nameplate_mw,False
EIA-860,Cross Town Energy Storage LLC,ME,,175.0,nameplate_mw,False
EIA-860,"Longbow BESS, LLC",TX,,174.0,nameplate_mw,False
EIA-860,Mosaic Fertilizer LLC,FL,,173.5,nameplate_mw,False
EIA-860,"SR Russellville, LLC",KY,,173.0,nameplate_mw,False
EIA-860,"Concho Valley Solar, LLC",TX,,172.8,nameplate_mw,False
EIA-860,City of Fremont - (NE),NE,,172.3,nameplate_mw,False
EIA-860,IPC-Mansfield Mill,LA,,172.0,nameplate_mw,False
EIA-860,"Appaloosa Run Wind, LLC",TX,,171.8,nameplate_mw,False
EIA-860,Hazleton Generation LLC,PA,,171.5,nameplate_mw,False
EIA-860,Matanuska Electric Assn Inc,AK,,171.0,nameplate_mw,False
EIA-860,USCE -Vickburg District,AR,,170.5,nameplate_mw,False
EIA-860,"Buena Vista Energy Center, LLC",NM,,170.0,nameplate_mw,False
EIA-860,"BHER Power Resources, Inc",TX,,169.8,nameplate_mw,False
EIA-860,"Salt Creek Wind, LLC",IA,,169.4,nameplate_mw,False
EIA-860,Air Products LLC,TX,,169.1,nameplate_mw,False
EIA-860,Union Carbide Corp-Seadrift,TX,,168.0,nameplate_mw,False
EIA-860,Desert Sky Wind Farm LP,TX,,167.7,nameplate_mw,False
EIA-860,"Hart Wind Project, LLC",TX,,166.4,nameplate_mw,False
EIA-860,Hackberry Wind LLC,TX,,165.6,nameplate_mw,False
EIA-860,Cimarron Wind Energy LLC,KS,,165.6,nameplate_mw,False
EIA-860,"SR DeSoto I, LLC",GA,,165.0,nameplate_mw,False
EIA-860,Longhorn Storage LLC,TX,,165.0,nameplate_mw,False
EIA-860,Prairie Switch Wind LLC,TX,,163.2,nameplate_mw,False
EIA-860,Astra Wind LLC,TX,,163.0,nameplate_mw,False
EIA-860,"Babbitt Ranch Energy Center, LLC",AZ,,163.0,nameplate_mw,False
EIA-860,"Midway Wind, LLC",TX,,162.9,nameplate_mw,False
EIA-860,"Wildorado Wind, LLC",TX,,161.0,nameplate_mw,False
EIA-860,"Markum Solar Farm, LLC",TX,,161.0,nameplate_mw,False
EIA-860,"Power Depot Group A, LLC",TX,,160.2,nameplate_mw,False
EIA-860,"Rattlesnake Power, LLC",TX,,160.0,nameplate_mw,False
EIA-860,"Sholes Wind Energy Center, LLC",NE,,160.0,nameplate_mw,False
EIA-860,Wilmot Energy Center LLC,AZ,,160.0,nameplate_mw,False
EIA-860,"Cedar Creek Wind, LLC",ID,,160.0,nameplate_mw,False
EIA-860,Valencia Power LLC,NM,,159.5,nameplate_mw,False
EIA-860,Luminant Dick's Creek,OH,,159.1,nameplate_mw,False
EIA-860,FPL Energy Langdon Wind LLC,ND,,159.0,nameplate_mw,False
EIA-860,Solid Waste Authority of Palm Beach Co,FL,,158.3,nameplate_mw,False
EIA-860,Fluvanna Wind Energy LLC,TX,,158.0,nameplate_mw,False
EIA-860,BPL Files Solar LLC,TX,,157.5,nameplate_mw,False
EIA-860,Northern Star Generation Services Co LLC,FL,,157.2,nameplate_mw,False
EIA-860,Domtar Industries Inc,AR,,156.5,nameplate_mw,False
EIA-860,Mosaic Company,FL,,154.3,nameplate_mw,False
EIA-860,"Buckthorn Westex, LLC",TX,,154.0,nameplate_mw,False
EIA-860,Tatanka Ridge LLC,SD,,154.0,nameplate_mw,False
EIA-860,Kinder Morgan Production Company LP,TX,,153.9,nameplate_mw,False
EIA-860,University of Texas at Austin,TX,,152.5,nameplate_mw,False
EIA-860,CPV Keenan II Renewable Energy Co LLC,OK,,151.8,nameplate_mw,False
EIA-860,"Century Oak Wind Project, LLC",TX,,151.5,nameplate_mw,False
EIA-860,"Old Settler Wind, LLC",TX,,151.2,nameplate_mw,False
EIA-860,FPL Energy Crystal Lake Wind LLC,IA,,150.0,nameplate_mw,False
EIA-860,FPL Energy Story Wind LLC,IA,,150.0,nameplate_mw,False
EIA-860,Langford Wind Power LLC,TX,,150.0,nameplate_mw,False
EIA-860,Loraine Windpower Project,TX,,150.0,nameplate_mw,False
EIA-860,Garden Wind LLC,IA,,150.0,nameplate_mw,False
EIA-860,Origin Wind Energy LLC,OK,,150.0,nameplate_mw,False
EIA-860,Lindahl Wind Project LLC,ND,,150.0,nameplate_mw,False
EIA-860,"Green Pastures Wind I, LLC",TX,,150.0,nameplate_mw,False
EIA-860,"Green Pastures Wind II, LLC",TX,,150.0,nameplate_mw,False
EIA-860,"Briscoe Wind Farm, LLC",TX,,150.0,nameplate_mw,False
EIA-860,"Brady Wind II, LLC",ND,,150.0,nameplate_mw,False
EIA-860,"Brady Wind, LLC",ND,,150.0,nameplate_mw,False
EIA-860,"Wildcat Ranch Wind Project, LLC",TX,,150.0,nameplate_mw,False
EIA-860,"Foxtail Wind, LLC",ND,,150.0,nameplate_mw,False
EIA-860,"Quitman Solar, LLC",GA,,150.0,nameplate_mw,False
EIA-860,Oberon Solar IA,TX,,150.0,nameplate_mw,False
EIA-860,"Sun Streams 2, LLC",AZ,,150.0,nameplate_mw,False
EIA-860,"Crane Solar Project, LLC",TX,,150.0,nameplate_mw,False
EIA-860,Elora Solar,TN,,150.0,nameplate_mw,False
EIA-860,"Quitman II Solar, LLC",GA,,150.0,nameplate_mw,False
EIA-860,"Crane 2 BESS, LLC",TX,,150.0,nameplate_mw,False
EIA-860,Wolf Tank Storage LLC,TX,,150.0,nameplate_mw,False
EIA-860,"Winfield Solar I, LLC",MO,,150.0,nameplate_mw,False
EIA-860,Borden County Battery Energy Storage System LLC,TX,,150.0,nameplate_mw,False
EIA-860,"La Casa Wind, LLC",TX,,150.0,nameplate_mw,False
EIA-860,"Umbriel Solar, LLC",TX,,150.0,nameplate_mw,False
EIA-860,"Kuna BESS, LLC",ID,,150.0,nameplate_mw,False
EIA-860,Desert Willow Energy Storage,TX,,150.0,nameplate_mw,False
EIA-860,Twin Lakes Solar LLC,IN,,150.0,nameplate_mw,False
EIA-860,Ratts 1 Solar LLC,IN,,150.0,nameplate_mw,False
EIA-860,"Coldwater River Solar, LLC",MI,,150.0,nameplate_mw,False
EIA-860,Atlas IX LLC,AZ,,150.0,nameplate_mw,False
EIA-860,Roadrunner Crossing Energy Storage LLC,TX,,150.0,nameplate_mw,False
EIA-860,Chillingham Storage LLC,TX,,150.0,nameplate_mw,False
EIA-860,Bocanova Power LLC,TX,,150.0,nameplate_mw,False
EIA-860,Riverstart Solar Park IV LLC,IN,,150.0,nameplate_mw,False
EIA-860,Goat Wind LLC,TX,,149.6,nameplate_mw,False
EIA-860,"Rocksprings Val Verde Wind, LLC",TX,,149.3,nameplate_mw,False
EIA-860,"Deerfield Wind Energy, LLC",MI,,149.0,nameplate_mw,False
EIA-860,"River Fork Solar, LLC",MI,,149.0,nameplate_mw,False
EIA-860,Rocky Ridge Wind Project LLC,OK,,148.8,nameplate_mw,False
EIA-860,FPL Energy Ashtabula Wind LLC,ND,,148.5,nameplate_mw,False
EIA-860,Smoky Hills Wind Project II LLC,KS,,148.5,nameplate_mw,False
EIA-860,"Ranchland Wind Project II, LLC",TX,,148.0,nameplate_mw,False
EIA-860,"SRE Utility Solar 1, LLC",NC,,147.3,nameplate_mw,False
EIA-860,Cleveland Cliffs,IN,,147.0,nameplate_mw,False
EIA-860,"FPL Energy Weatherford, LLC",OK,,147.0,nameplate_mw,False
EIA-860,"Bitter Ridge Wind Farm, LLC",IN,,146.6,nameplate_mw,False
EIA-860,TransAlta Wyoming Wind LLC,WY,,144.0,nameplate_mw,False
EIA-860,Exxon Mobil Production Co,WY,,144.0,nameplate_mw,False
EIA-860,"Crossover Wind, LLC",AR,,144.0,nameplate_mw,False
EIA-860,"Horus Louisiana 1, LLC",LA,,142.8,nameplate_mw,False
EIA-860,Brownsville Public Utilities Board,TX,,142.5,nameplate_mw,False
EIA-860,Manitowoc Public Utilities,WI,,141.9,nameplate_mw,False
EIA-860,Clearwater Paper Corporation,AR ID,,141.8,nameplate_mw,False
EIA-860,INEOS USA LLC,TX,,141.0,nameplate_mw,False
EIA-860,Georgia-Pacific Consr Prods LP-Savannah,GA,,140.4,nameplate_mw,False
EIA-860,"Rockhaven Wind Project, LLC",OK,,140.0,nameplate_mw,False
EIA-860,"Pioneer Hutt Wind Energy, LLC",TX,,140.0,nameplate_mw,False
EIA-860,"White Tail Solar, LLC",MI,,140.0,nameplate_mw,False
EIA-860,FirstLight Power Resources Services LLC,CT,,139.0,nameplate_mw,False
EIA-860,Michigan Power Limited Partnership,MI,,138.1,nameplate_mw,False
EIA-860,"Mountain Air Projects, LLC",ID,,138.0,nameplate_mw,False
EIA-860,Eugene Water & Electric Board,OR,,134.3,nameplate_mw,False
EIA-860,"EIF Northampton GP, LLC",PA,,134.1,nameplate_mw,False
EIA-860,"SunCoke Energy, Inc.",OH,,134.0,nameplate_mw,False
EIA-860,"Cedar Springs Wind III, LLC",WY,,133.0,nameplate_mw,False
EIA-860,"Elara Energy Holdings, LLC",TX,,132.4,nameplate_mw,False
EIA-860,"Helix Maine Wind Development, LLC",ME,,132.0,nameplate_mw,False
EIA-860,Sherbino II Wind Farm LLC,TX,,132.0,nameplate_mw,False
EIA-860,Lone Star Solar,SC,,132.0,nameplate_mw,False
EIA-860,Orange Grove,TX,,131.0,nameplate_mw,False
EIA-860,"Albemarle Beach Solar, LLC",NC,,130.2,nameplate_mw,False
EIA-860,Taloga Wind LLC,OK,,130.0,nameplate_mw,False
EIA-860,"Minco Wind IV, LLC",OK,,130.0,nameplate_mw,False
EIA-860,Arlington Valley Solar Energy II LLC,AZ,,129.0,nameplate_mw,False
EIA-860,New Hope Power Company,FL,,128.9,nameplate_mw,False
EIA-860,GCF - Columbus Mill,MS,,128.6,nameplate_mw,False
EIA-860,Michigan State University,MI,,127.5,nameplate_mw,False
EIA-860,Saguaro Power Co,NV,,127.2,nameplate_mw,False
EIA-860,Utility Board of Key West City (FL),FL,,126.5,nameplate_mw,False
EIA-860,"Downeast Wind, LLC",ME,,126.0,nameplate_mw,False
EIA-860,Paulding Wind Farm IV LLC,OH,,125.1,nameplate_mw,False
EIA-860,Tonopah Energy Center LLC,NV,,125.0,nameplate_mw,False
EIA-860,TAI Norton Solar LLC,TX,,125.0,nameplate_mw,False
EIA-860,"Fish Springs Ranch Solar, LLC",NV,,125.0,nameplate_mw,False
EIA-860,"BT Connolly Storage, LLC",TX,,125.0,nameplate_mw,False
EIA-860,"Wheatsborough Solar, LLC",OH,,125.0,nameplate_mw,False
EIA-860,Midwest Energy Inc - (KS),KS,,124.5,nameplate_mw,False
EIA-860,"Anticline Wind, LLC",WY,,124.3,nameplate_mw,False
EIA-860,BT Coniglio Solar LLC,TX,,123.6,nameplate_mw,False
EIA-860,Sun Valley Storage LLC,TX,,123.3,nameplate_mw,False
EIA-860,Billerud Escanaba LLC,MI,,122.4,nameplate_mw,False
EIA-860,Cove Mountain Solar 2 LLC,UT,,122.0,nameplate_mw,False
EIA-860,Elbow Creek Wind Project LLC,TX,,121.9,nameplate_mw,False
EIA-860,Tejas Power Generation LLC,TX,,121.5,nameplate_mw,False
EIA-860,Invista,SC TX,,121.4,nameplate_mw,False
EIA-860,Baconton Power LLC,GA,,121.0,nameplate_mw,False
EIA-860,Corn Belt Power Coop,IA,,120.9,nameplate_mw,False
EIA-860,Mead Coated Board Inc,AL,,120.5,nameplate_mw,False
EIA-860,Procter & Gamble Ppr Prdts Co,PA,,120.2,nameplate_mw,False
EIA-860,Paducah Power System,KY,,120.0,nameplate_mw,False
EIA-860,Ashtabula Wind II LLC,ND,,120.0,nameplate_mw,False
EIA-860,Tuscola Bay Wind LLC,MI,,120.0,nameplate_mw,False
EIA-860,"Dougherty County Solar, LLC",GA,,120.0,nameplate_mw,False
EIA-860,"Gravel Pit Solar, LLC",CT,,120.0,nameplate_mw,False
EIA-860,"North Fork Solar Project, LLC",OK,,120.0,nameplate_mw,False
EIA-860,Oak Solar LLC,NC,,120.0,nameplate_mw,False
EIA-860,Wigeon Whistle BESS LLC,TX,,120.0,nameplate_mw,False
EIA-860,"Bluff Point Wind, LLC",IN,,119.7,nameplate_mw,False
EIA-860,Nevada Gold Mines,NV,,118.6,nameplate_mw,False
EIA-860,"Inter-Power/AhlCon Partners, L.P.",PA,,118.0,nameplate_mw,False
EIA-860,Cherokee County Cogen Partners LLC,SC,,117.7,nameplate_mw,False
EIA-860,"Today's Power, Inc.",AR KS NE OK,,117.6,nameplate_mw,False
EIA-860,City of Independence - (MO),MO,,117.0,nameplate_mw,False
EIA-860,Alabama River Cellulose LLC,AL,,117.0,nameplate_mw,False
EIA-860,Boise-Kuna Irrigation District,ID,,116.2,nameplate_mw,False
EIA-860,City of Farmington - (NM),NM,,115.8,nameplate_mw,False
EIA-860,Central Nebraska Pub P&I Dist,NE,,115.7,nameplate_mw,False
EIA-860,Heorot Power Management,MT,,115.7,nameplate_mw,False
EIA-860,Westlake Chemical Natrium Plant,WV,,115.5,nameplate_mw,False
EIA-860,"Bluebell Solar II, LLC",TX,,115.0,nameplate_mw,False
EIA-860,"Black Rock Wind Force, LLC",WV,,115.0,nameplate_mw,False
EIA-860,"Ranchland Wind Project I, LLC",TX,,114.9,nameplate_mw,False
EIA-860,Georgia-Pacific Muskogee LLC,OK,,114.0,nameplate_mw,False
EIA-860,Domtar Paper Company LLC,NC,,114.0,nameplate_mw,False
EIA-860,"FPL Energy Callahan Wind, LLC",TX,,114.0,nameplate_mw,False
EIA-860,Great Plains Windpark Legacy LLC,TX,,114.0,nameplate_mw,False
EIA-860,City of Greenville - (TX),TX,,112.2,nameplate_mw,False
EIA-860,Gray County Wind Energy LLC,KS,,112.2,nameplate_mw,False
EIA-860,"Deerfield Wind Energy 2, LLC",MI,,112.1,nameplate_mw,False
EIA-860,Rayonier Advanced Materials,FL GA,,111.5,nameplate_mw,False
EIA-860,"Martin County Solar Project, LLC",KY,,111.0,nameplate_mw,False
EIA-860,"Cutlass Solar 1, LLC",TX,,110.9,nameplate_mw,False
EIA-860,"Keechi Wind, LLC",TX,,110.0,nameplate_mw,False
EIA-860,"Searcy Solar, LLC",AR,,110.0,nameplate_mw,False
EIA-860,224WB 8me LLC,TX,,110.0,nameplate_mw,False
EIA-860,Assembly Solar II LLC,MI,,110.0,nameplate_mw,False
EIA-860,"Three Corners Solar, LLC",ME,,110.0,nameplate_mw,False
EIA-860,"East Point Energy, LLC",TX,,109.9,nameplate_mw,False
EIA-860,Sylvamo Corporation - Eastover,SC,,109.6,nameplate_mw,False
EIA-860,"Prairie Mist Solar Project, LLC",AR,,109.2,nameplate_mw,False
EIA-860,Hawks Nest Hydro LLC,WV,,108.2,nameplate_mw,False
EIA-860,"SABIC IP Mt. Vernon, LLC",IN,,108.0,nameplate_mw,False
EIA-860,"Walmart Stores Texas, LLC",TX,,107.8,nameplate_mw,False
EIA-860,Sappi Fine Paper North America-Somerset,ME,,107.1,nameplate_mw,False
EIA-860,"SR Snipesville II, LLC",GA,,107.0,nameplate_mw,False
EIA-860,"SR Snipesville III, LLC",GA,,107.0,nameplate_mw,False
EIA-860,NaturEner Glacier Wind Energy 1 LLC,MT,,106.5,nameplate_mw,False
EIA-860,"SR Clay, LLC",GA,,106.0,nameplate_mw,False
EIA-860,Meadow Lake Wind Farm IV LLC,IN,,105.7,nameplate_mw,False
EIA-860,"Roundhouse Renewable Energy II, LLC",WY,,105.7,nameplate_mw,False
EIA-860,Willow Creek Wind Power LLC,SD,,105.0,nameplate_mw,False
EIA-860,Tibbits Energy Storage LLC,MI,,104.9,nameplate_mw,False
EIA-860,City of St George - (UT),UT,,104.2,nameplate_mw,False
EIA-860,International Paper Co-Riverdl,AL,,104.2,nameplate_mw,False
EIA-860,"Shooting Star Power Partners, LLC",KS,,104.0,nameplate_mw,False
EIA-860,Pixelle Specialty Solutions LLC - (PA),PA,,103.6,nameplate_mw,False
EIA-860,NaturEner Glacier Wind Energy 2 LLC,MT,,103.5,nameplate_mw,False
EIA-860,Meadow Lake Wind Farm III LLC,IN,,103.5,nameplate_mw,False
EIA-860,"Heartland Divide Wind Project, LLC",IA,,103.5,nameplate_mw,False
EIA-860,Georgia-Pacific Brewton LLC,AL,,103.4,nameplate_mw,False
EIA-860,Walton Discover LLC,AL,,103.0,nameplate_mw,False
EIA-860,"New Creek Wind, LLC",WV,,103.0,nameplate_mw,False
EIA-860,Wheat Field Wind Power Project LLC,OR,,102.9,nameplate_mw,False
EIA-860,Arlington Wind Power Project LLC,OR,,102.9,nameplate_mw,False
EIA-860,"Clearwater Wind II, LLC",MT,,102.8,nameplate_mw,False
EIA-860,St. Gall Energy Storage I,TX,,102.6,nameplate_mw,False
EIA-860,"Fort Duncan BESS,  LLC",TX,,102.6,nameplate_mw,False
EIA-860,"SR Arlington II MT, LLC",GA,,102.5,nameplate_mw,False
EIA-860,Baldwin Wind LLC,ND,,102.4,nameplate_mw,False
EIA-860,Red Mesa Wind LLC,NM,,102.4,nameplate_mw,False
EIA-860,Meadow Lake Wind Farm II LLC,IN,,102.3,nameplate_mw,False
EIA-860,FPL Energy Stateline II Inc,OR,,102.3,nameplate_mw,False
EIA-860,Cleveland Cliffs,OH,,102.0,nameplate_mw,False
EIA-860,Ascend Performance Materials LLC,FL,,102.0,nameplate_mw,False
EIA-860,FPL Energy Oklahoma Wind LLC,OK,,102.0,nameplate_mw,False
EIA-860,Milford Wind Corridor Stage II LLC,UT,,102.0,nameplate_mw,False
EIA-860,Rosewater Wind Farm LLC,IN,,102.0,nameplate_mw,False
EIA-860,Wharton County Generation LLC,TX,,101.9,nameplate_mw,False
EIA-860,USACE-Fort Worth District,TX,,101.8,nameplate_mw,False
EIA-860,"White Pine Solar, LLC",GA,,101.2,nameplate_mw,False
EIA-860,Flower Valley II,TX,,101.0,nameplate_mw,False
EIA-860,Swoose II,TX,,101.0,nameplate_mw,False
EIA-860,Formosa Plastics Corp,LA,,100.8,nameplate_mw,False
EIA-860,Smoky Hills Wind Farm I LLC,KS,,100.8,nameplate_mw,False
EIA-860,Paulding Wind Farm III LLC,OH,,100.8,nameplate_mw,False
EIA-860,Telocaset Wind Power Partners,OR,,100.7,nameplate_mw,False
EIA-860,"Buckthorn Wind Project, LLC",TX,,100.5,nameplate_mw,False
EIA-860,Tuscola Wind II LLC,MI,,100.3,nameplate_mw,False
EIA-860,Al Pastor BESS LLC,TX,,100.3,nameplate_mw,False
EIA-860,City of Coffeyville - (KS),KS,,100.1,nameplate_mw,False
EIA-860,"High Lonesome Mesa, LLC",NM,,100.0,nameplate_mw,False
EIA-860,Lost Lakes Wind Farm LLC,IA,,100.0,nameplate_mw,False
EIA-860,Meadow Lake Wind Farm V LLC,IN,,100.0,nameplate_mw,False
EIA-860,"Apple Blossom Wind, LLC",MI,,100.0,nameplate_mw,False
EIA-860,Arbuckle Mountain Wind Farm LLC,OK,,100.0,nameplate_mw,False
EIA-860,Meadowlark Wind I LLC,ND,,100.0,nameplate_mw,False
EIA-860,Techren Solar I LLC,NV,,100.0,nameplate_mw,False
EIA-860,Victoria Port Power II,TX,,100.0,nameplate_mw,False
EIA-860,SJRR Power LLC,TX,,100.0,nameplate_mw,False
EIA-860,Hunter Solar LLC,UT,,100.0,nameplate_mw,False
EIA-860,Fern Solar LLC,NC,,100.0,nameplate_mw,False
EIA-860,"Chicot Solar, LLC",AR,,100.0,nameplate_mw,False
EIA-860,Wapello Solar LLC,IA,,100.0,nameplate_mw,False
EIA-860,Saint Solar LLC,AZ,,100.0,nameplate_mw,False
EIA-860,"Chisholm Grid, LLC",TX,,100.0,nameplate_mw,False
EIA-860,"Madero Grid, LLC",TX,,100.0,nameplate_mw,False
EIA-860,"Sunflower County Solar Project, LLC",MS,,100.0,nameplate_mw,False
EIA-860,"Ignacio Grid, LLC",TX,,100.0,nameplate_mw,False
EIA-860,"SR Lumpkin, LLC",GA,,100.0,nameplate_mw,False
EIA-860,BPL Crown Solar LLC,TX,,100.0,nameplate_mw,False
EIA-860,BPL Sol Solar LLC,TX,,100.0,nameplate_mw,False
EIA-860,Point Beach Solar,WI,,100.0,nameplate_mw,False
EIA-860,OE_TN1,TN,,100.0,nameplate_mw,False
EIA-860,Gambit Energy Storage LLC,TX,,100.0,nameplate_mw,False
EIA-860,"Borderlands Wind, LLC",NM,,100.0,nameplate_mw,False
EIA-860,New Market Solar,OH,,100.0,nameplate_mw,False
EIA-860,"CPV Maple Hill Solar, LLC",PA,,100.0,nameplate_mw,False
EIA-860,Foster Clean Power A LLC,AZ,,100.0,nameplate_mw,False
EIA-860,"Ponderosa Wind II, LLC",OK,,100.0,nameplate_mw,False
EIA-860,"Ragsdale Solar, LLC",MS,,100.0,nameplate_mw,False
EIA-860,Riverstart Solar Park III LLC,IN,,100.0,nameplate_mw,False
EIA-860,"Cereal City Solar, LLC",MI,,100.0,nameplate_mw,False
EIA-860,Grizzly Ridge Solar LLC,TX,,100.0,nameplate_mw,False
EIA-860,"Kiowa County Solar Project, LLC",OK,,100.0,nameplate_mw,False
EIA-860,Saint Energy Storage II LLC,AZ,,100.0,nameplate_mw,False
EIA-860,"Clearwater Wind III, LLC",MT,,100.0,nameplate_mw,False
EIA-860,"Ables Springs Solar, LLC",TX,,100.0,nameplate_mw,False
EIA-860,"Amite Solar, LLC",LA,,100.0,nameplate_mw,False
EIA-860,"SR Lambert I, LLC",SC,,100.0,nameplate_mw,False
EIA-860,Franklin Solar Idaho,ID,,100.0,nameplate_mw,False
EIA-860,Quail Ranch Solar and Battery Energy Storage System,NM,,100.0,nameplate_mw,False
EIA-860,"Hornshadow Solar, LLC",UT,,100.0,nameplate_mw,False
EIA-860,"Burksol, LLC",TX,,100.0,nameplate_mw,False
EIA-860,"SR Lambert II, LLC",SC,,100.0,nameplate_mw,False
EIA-860,"Angelo Storage, LLC",TX,,100.0,nameplate_mw,False
EIA-860,"Great Kiskadee Storage, LLC",TX,,100.0,nameplate_mw,False
EIA-860,St Gall Energy Storage II LLC,TX,,100.0,nameplate_mw,False
EIA-860,"Wildwood Solar, LLC",MS,,100.0,nameplate_mw,False
EIA-860,Sky Ranch Bess II,NM,,100.0,nameplate_mw,False
EIA-860,SOWEGA Power LLC,GA,,99.6,nameplate_mw,False
EIA-860,Temple-Inland Corp,LA,,99.5,nameplate_mw,False
EIA-860,"White Rock Wind West, LLC",OK,,99.5,nameplate_mw,False
EIA-860,"Oliver Wind III, LLC",ND,,99.3,nameplate_mw,False
EIA-860,Schuylkill Energy Resource Inc,PA,,99.2,nameplate_mw,False
EIA-860,Perrin Ranch Wind LLC,AZ,,99.2,nameplate_mw,False
EIA-860,Redbed Plains Wind Farm LLC,OK,,99.1,nameplate_mw,False
EIA-860,Day County Wind LLC,SD,,99.0,nameplate_mw,False
EIA-860,Paulding Wind Farm II LLC,OH,,99.0,nameplate_mw,False
EIA-860,NexteraEnergy,NH,,99.0,nameplate_mw,False
EIA-860,"Aulander Holloman Solar, LLC",NC,,99.0,nameplate_mw,False
EIA-860,"Milford Solar 1, LLC",UT,,99.0,nameplate_mw,False
EIA-860,"Harvest Gold Solar Power, LLC",MS,,99.0,nameplate_mw,False
EIA-860,City of Chanute (KS),KS,,98.8,nameplate_mw,False
EIA-860,City of Lake Worth Beach - (FL),FL,,98.7,nameplate_mw,False
EIA-860,Alabama Municipal Elec Authority - (AL),AL,,98.6,nameplate_mw,False
EIA-860,Osceola Windpower LLC,IA,,98.2,nameplate_mw,False
EIA-860,"Bayou Galion Solar Project, LLC",LA,,98.1,nameplate_mw,False
EIA-860,"FPL Energy Hancock County Wind, LLC",IA,,98.0,nameplate_mw,False
EIA-860,Quilt Block Wind Farm LLC,WI,,98.0,nameplate_mw,False
EIA-860,Texas Medical Center Central,TX,,98.0,nameplate_mw,False
EIA-860,International Bound & Wtr Comm,TX,,97.5,nameplate_mw,False
EIA-860,Coyote Ridge LLC,SD,,97.4,nameplate_mw,False
EIA-860,"WestRock, Fernandina Beach",FL,,96.9,nameplate_mw,False
EIA-860,Nevada Cogeneration Assoc # 2,NV,,96.3,nameplate_mw,False
EIA-860,Delaware Municipal Electric Corp,DE,,96.0,nameplate_mw,False
EIA-860,"Horus West Virginia 1, LLC",WV,,96.0,nameplate_mw,False
EIA-860,International Paper Co-GT Mill,SC,,95.6,nameplate_mw,False
EIA-860,North Carolina Mun Power Agny #1,NC,,95.6,nameplate_mw,False
EIA-860,Cedar Falls Utilities,IA,,94.9,nameplate_mw,False
EIA-860,Nevada Cogeneration Assoc # 1,NV,,94.8,nameplate_mw,False
EIA-860,Scrubgrass Reclamation CO. LP.,PA,,94.7,nameplate_mw,False
EIA-860,Cokenergy Inc,IN,,94.6,nameplate_mw,False
EIA-860,"Panther Creek Power Operating, LLC",PA,,94.0,nameplate_mw,False
EIA-860,City of Richmond - (IN),IN,,93.9,nameplate_mw,False
EIA-860,PEI Power Corp,PA,,92.9,nameplate_mw,False
EIA-860,US Paper Mill Company,OH,,92.8,nameplate_mw,False
EIA-860,"Whitetail Wind Energy, LLC",TX,,92.0,nameplate_mw,False
EIA-860,"Eastover Solar, LLC",SC,,91.6,nameplate_mw,False
EIA-860,WestRock-Florence,SC,,91.5,nameplate_mw,False
EIA-860,Merck & Co Inc-West Point,PA,,90.6,nameplate_mw,False
EIA-860,"Tyson Nick Solar Project, LLC",TX,,90.5,nameplate_mw,False
EIA-860,Chillicothe Municipal Utils (MO),MO,,90.0,nameplate_mw,False
EIA-860,Covanta Delaware Valley LP,PA,,90.0,nameplate_mw,False
EIA-860,Northlake Energy,IN,,90.0,nameplate_mw,False
EIA-860,"Michigan Wind 2, LLC",MI,,90.0,nameplate_mw,False
EIA-860,Big Level Wind LLC,PA,,90.0,nameplate_mw,False
EIA-860,"Superstition Energy Storage, LLC",AZ,,90.0,nameplate_mw,False
EIA-860,International Paper Co,AL,,89.8,nameplate_mw,False
EIA-860,Cottonwood Wind Project,NE,,89.7,nameplate_mw,False
EIA-860,Gilberton Power Co,PA,,88.4,nameplate_mw,False
EIA-860,Domtar Paper Company LLC,KY,,88.0,nameplate_mw,False
EIA-860,Gans Energy LLC,PA,,87.6,nameplate_mw,False
EIA-860,"Chambersburg Energy, LLC",PA,,87.6,nameplate_mw,False
EIA-860,Georgia-Pacific Consr Prods LP-Naheola,AL,,87.5,nameplate_mw,False
EIA-860,Freeport LNG Development L.P,TX,,87.0,nameplate_mw,False
EIA-860,"SR Snipesville, LLC",GA,,86.0,nameplate_mw,False
EIA-860,Exxon Mobil Corp,LA,,85.3,nameplate_mw,False
EIA-860,Atalco Gramercy LLC,LA,,85.3,nameplate_mw,False
EIA-860,"Axium Arizona Renewables, LLC",AZ,,85.1,nameplate_mw,False
EIA-860,Suzano Packaging LLC,AR,,85.0,nameplate_mw,False
EIA-860,Kodiak Electric Assn Inc,AK,,84.8,nameplate_mw,False
EIA-860,Curators of the University of Missouri,MO,,84.7,nameplate_mw,False
EIA-860,Clearwater Paper Corporation - Augusta,GA,,84.7,nameplate_mw,False
EIA-860,City of Orrville - (OH),OH,,84.5,nameplate_mw,False
EIA-860,Roquette America,IA,,84.4,nameplate_mw,False
EIA-860,Graphic Packaging International,LA,,84.2,nameplate_mw,False
EIA-860,"MPH AL Pierce, LLC",CT,,84.0,nameplate_mw,False
EIA-860,US Army Corps of Engineers,SC,,84.0,nameplate_mw,False
EIA-860,GCF - Riegelwood Mill,NC,,84.0,nameplate_mw,False
EIA-860,FPL Energy Red Canyon LLC,TX,,84.0,nameplate_mw,False
EIA-860,BP PLC,IN,,83.8,nameplate_mw,False
EIA-860,BASF Corp,TX,,83.2,nameplate_mw,False
EIA-860,GSEone,TX,,83.0,nameplate_mw,False
EIA-860,International Paper Co-Pensacola,FL,,82.8,nameplate_mw,False
EIA-860,NWP Indian Mesa Wind Farm LP,TX,,82.5,nameplate_mw,False
EIA-860,Louisiana Energy & Power Authority,LA,,82.3,nameplate_mw,False
EIA-860,Petra Nova Power I LLC,TX,,82.2,nameplate_mw,False
EIA-860,"WestRock Southeast, LLC",GA,,82.1,nameplate_mw,False
EIA-860,Pecos Wind I LP,TX,,82.0,nameplate_mw,False
EIA-860,"Beebe Renewable Energy, LLC",MI,,81.6,nameplate_mw,False
EIA-860,Georgia-Pacific Monticello LLC,MS,,81.5,nameplate_mw,False
EIA-860,"Elkhorn Ridge Wind, LLC",NE,,81.0,nameplate_mw,False
EIA-860,Red Horse 2,AZ,,81.0,nameplate_mw,False
EIA-860,"Stuttgart Solar, LLC",AR,,81.0,nameplate_mw,False
EIA-860,"Texas Microgrid, LLC",TX,,80.8,nameplate_mw,False
EIA-860,Signal Hill Generating LLC,TX,,80.0,nameplate_mw,False
EIA-860,Llano Estacado Wind Ranch,TX,,80.0,nameplate_mw,False
EIA-860,"Old Gold Energy Center, LLC",IA,,80.0,nameplate_mw,False
EIA-860,Walton Bainbridge LLC,GA,,80.0,nameplate_mw,False
EIA-860,Shell Chemical LP - Geismar,LA,,80.0,nameplate_mw,False
EIA-860,"Central Rivers Power WV, LLC",WV,,80.0,nameplate_mw,False
EIA-860,Mountain Wind Power II LLC,WY,,80.0,nameplate_mw,False
EIA-860,"Lorenzo Wind, LLC",TX,,80.0,nameplate_mw,False
EIA-860,"Grand View PV Solar Two, LLC",ID,,80.0,nameplate_mw,False
EIA-860,Sigurd Solar LLC,UT,,80.0,nameplate_mw,False
EIA-860,174 Power Global Corp.,TX,,80.0,nameplate_mw,False
EIA-860,"Rocket Solar, LLC",UT,,80.0,nameplate_mw,False
EIA-860,"Harts Mills Solar, LLC",NC,,80.0,nameplate_mw,False
EIA-860,"Lancaster Solar GA, LLC",GA,,80.0,nameplate_mw,False
EIA-860,Apex Solar LLC,MT,,80.0,nameplate_mw,False
EIA-860,Sac County Wind,IA,,80.0,nameplate_mw,False
EIA-860,"Elektron Solar, LLC",UT,,80.0,nameplate_mw,False
EIA-860,Nestlewood Solar,OH,,80.0,nameplate_mw,False
EIA-860,"Blackwater Solar, LLC",GA,,80.0,nameplate_mw,False
EIA-860,"SR Ailey, LLC",GA,,80.0,nameplate_mw,False
EIA-860,"Steel Solar, LLC",UT,,80.0,nameplate_mw,False
EIA-860,Bulldog Solar LLC,GA,,80.0,nameplate_mw,False
EIA-860,Adams Solar LLC (PA),PA,,80.0,nameplate_mw,False
EIA-860,"CPV Stagecoach Solar, LLC",GA,,80.0,nameplate_mw,False
EIA-860,"East Atmore Solar, LLC",AL,,80.0,nameplate_mw,False
EIA-860,Laredo Ridge Wind LLC,NE,,79.9,nameplate_mw,False
EIA-860,Broken Bow Wind LLC,NE,,79.9,nameplate_mw,False
EIA-860,Georgia-Pacific Consr Ops LLC-Palatka,FL,,79.8,nameplate_mw,False
EIA-860,Prologis Logistics Services Incorporated BESS,TX,,79.7,nameplate_mw,False
EIA-860,"Assembly Solar III, LLC",MI,,79.0,nameplate_mw,False
EIA-860,Terrebonne Parish Consol Gov't,LA,,78.9,nameplate_mw,False
EIA-860,Red River Mill Intl Paper Company,LA,,78.8,nameplate_mw,False
EIA-860,Steele Flats Wind Project LLC,NE,,78.8,nameplate_mw,False
EIA-860,"Phobos Solar, LLC",NC,,78.8,nameplate_mw,False
EIA-860,City of Marquette - (MI),MI,,78.5,nameplate_mw,False
EIA-860,"Cane Creek Solar, LLC",MS,,78.5,nameplate_mw,False
EIA-860,"Moonshot Solar, LLC",MS,,78.5,nameplate_mw,False
EIA-860,NorthStar Clean Energy,MI,,78.1,nameplate_mw,False
EIA-860,Missouri Jnt Muni.Pwr Elec. Ut. Comm.,MO,,78.1,nameplate_mw,False
EIA-860,Pecos Wind II LP,TX,,78.0,nameplate_mw,False
EIA-860,"Sendero Wind Energy, LLC",TX,,78.0,nameplate_mw,False
EIA-860,"Energy Developments, Inc d/b/a EDL",AL GA MI OH PA UT,,77.4,nameplate_mw,False
EIA-860,International Paper Co.,AL,,77.4,nameplate_mw,False
EIA-860,GFC - Flint River Mill,GA,,77.0,nameplate_mw,False
EIA-860,"Farmington Solar, LLC",ME,,77.0,nameplate_mw,False
EIA-860,"Reworld Projects, LLC",FL,,76.5,nameplate_mw,False
EIA-860,"White Oak Solar, LLC",GA,,76.5,nameplate_mw,False
EIA-860,Acciona Solar Power,NV,,75.7,nameplate_mw,False
EIA-860,CITGO Petroleum Corp,LA,,75.0,nameplate_mw,False
EIA-860,"Berlin Station, LLC",NH,,75.0,nameplate_mw,False
EIA-860,"River Bend Solar, LLC",AL,,75.0,nameplate_mw,False
EIA-860,"Allora Solar, LLC",SC,,75.0,nameplate_mw,False
EIA-860,"Gunsight Solar, LLC",SC,,75.0,nameplate_mw,False
EIA-860,"Horseshoe Solar, LLC",UT,,75.0,nameplate_mw,False
EIA-860,"Pluto Energy Storage, LLC",AZ,,75.0,nameplate_mw,False
EIA-860,"Catalina Solar, LLC",SC,,75.0,nameplate_mw,False
EIA-860,Peoples Electric Cooperative,OK,,75.0,nameplate_mw,False
EIA-860,"Dogfish ESS Assets, LLC",TX,,75.0,nameplate_mw,False
EIA-860,Shaw Creek Solar,SC,,74.9,nameplate_mw,False
EIA-860,Pheasant Run Wind LLC,MI,,74.8,nameplate_mw,False
EIA-860,Tungsten Mountain,NV,,74.8,nameplate_mw,False
EIA-860,NC 102 Project LLC,NC,,74.8,nameplate_mw,False
EIA-860,"Generate ER-NG, LLC",TX,,74.8,nameplate_mw,False
EIA-860,Flint Hills Resources Corpus Christi LLC,TX,,74.5,nameplate_mw,False
EIA-860,Harmony Florida Solar LLC,FL,,74.5,nameplate_mw,False
EIA-860,Taylor Creek Solar LLC,FL,,74.5,nameplate_mw,False
EIA-860,"Bell Ridge Solar, LLC",FL,,74.5,nameplate_mw,False
EIA-860,"FRP Tupelo Solar, LLC",FL,,74.5,nameplate_mw,False
EIA-860,"FRP Gadsden County Solar, LLC",FL,,74.5,nameplate_mw,False
EIA-860,"FRP Columbia County Solar, LLC",FL,,74.5,nameplate_mw,False
EIA-860,"FRP Gilchrist County Solar, LLC",FL,,74.5,nameplate_mw,False
EIA-860,"Harmony Florida Solar II, LLC",FL,,74.5,nameplate_mw,False
EIA-860,"Storey Bend Solar, LLC",FL,,74.5,nameplate_mw,False
EIA-860,Bronson Solar LLC,FL,,74.5,nameplate_mw,False
EIA-860,Misenheimer Solar LLC,NC,,74.4,nameplate_mw,False
EIA-860,"SR Terrell, LLC",GA,,74.0,nameplate_mw,False
EIA-860,Indorama Ventures,TX,,73.8,nameplate_mw,False
EIA-860,Riverwood Intl USA Inc,GA,,73.7,nameplate_mw,False
EIA-860,House Mountain,TX,,73.2,nameplate_mw,False
EIA-860,"Ranchland Wind Storage, LLC",TX,,73.0,nameplate_mw,False
EIA-860,Packaging Corp of America,TN,,72.5,nameplate_mw,False
EIA-860,"Rocking R Solar, LLC",LA,,72.5,nameplate_mw,False
EIA-860,GFC - Wentworth Mill,GA,,72.3,nameplate_mw,False
EIA-860,Brunswick Cellulose LLC,GA,,72.2,nameplate_mw,False
EIA-860,Equistar Chemicals LP,LA TX,,72.1,nameplate_mw,False
EIA-860,"NTUA Generation - Utah, LLC",UT,,72.0,nameplate_mw,False
EIA-860,SRIV Partnership LLC,IA KS,,71.4,nameplate_mw,False
EIA-860,"Elawan Dileo Solar, LLC",TX,,71.4,nameplate_mw,False
EIA-860,International Paper Co,GA,,71.2,nameplate_mw,False
EIA-860,Ahlstrom Power Windsor Locks LLC,CT,,71.0,nameplate_mw,False
EIA-860,Inland Paperboard - Rome Mill,GA,,70.4,nameplate_mw,False
EIA-860,"Cabin Creek Solar, LLC",NC,,70.2,nameplate_mw,False
EIA-860,TES Filer City Station LP,MI,,70.0,nameplate_mw,False
EIA-860,Chaves Solar LLC,NM,,70.0,nameplate_mw,False
EIA-860,"Roswell Solar, LLC",NM,,70.0,nameplate_mw,False
EIA-860,"SR Cedar Springs, LLC",GA,,70.0,nameplate_mw,False
EIA-860,"SR McKellar, LLC",TN,,70.0,nameplate_mw,False
EIA-860,"Kossuth County Wind, LLC",IA,,70.0,nameplate_mw,False
EIA-860,"Hobnail Solar, LLC",GA,,70.0,nameplate_mw,False
EIA-860,PCA-Valdosta Mill,GA,,69.9,nameplate_mw,False
EIA-860,"Waterside Power, LLC",CT,,69.6,nameplate_mw,False
EIA-860,Valero Refining Co,TX,,69.2,nameplate_mw,False
EIA-860,Kimberly-Clark Corp,PA,,69.2,nameplate_mw,False
EIA-860,Ormat Stillwater LLC,NV,,69.2,nameplate_mw,False
EIA-860,"Michigan Wind 1, LLC",MI,,69.0,nameplate_mw,False
EIA-860,Morgantown Energy Associates,WV,,68.9,nameplate_mw,False
EIA-860,Woodland Pulp LLC,ME,,68.3,nameplate_mw,False
EIA-860,Kennecott Utah Copper,UT,,68.2,nameplate_mw,False
EIA-860,International Paper - Valliant,OK,,68.0,nameplate_mw,False
EIA-860,Yellowstone Energy LP,MT,,68.0,nameplate_mw,False
EIA-860,"SR Perry, LLC",GA,,68.0,nameplate_mw,False
EIA-860,Missouri Basin Muni Power Agny,SD,,67.5,nameplate_mw,False
EIA-860,"Alaska Village Elec Coop, Inc",AK,,67.3,nameplate_mw,False
EIA-860,McKinley Paper,WI,,66.5,nameplate_mw,False
EIA-860,Westrock (LA),LA,,66.4,nameplate_mw,False
EIA-860,Eurus Combine Hills II LLC,OR,,66.1,nameplate_mw,False
EIA-860,FCC Environmental,FL,,66.0,nameplate_mw,False
EIA-860,Crystal Lake 3 LLC,IA,,66.0,nameplate_mw,False
EIA-860,Hog Creek Wind Project LLC,OH,,66.0,nameplate_mw,False
EIA-860,City of Alexandria - (LA),LA,,65.1,nameplate_mw,False
EIA-860,Graphic Packaging International - Texarkana,TX,,65.0,nameplate_mw,False
EIA-860,"Hawtree Creek Farm Solar, LLC",NC,,65.0,nameplate_mw,False
EIA-860,"SR DeSoto II, LLC",GA,,65.0,nameplate_mw,False
EIA-860,"Northumberland Solar, LLC",PA,,65.0,nameplate_mw,False
EIA-860,Breckinridge Energy Storage LLC,OK,,65.0,nameplate_mw,False
EIA-860,Minco II Energy Storage LLC,OK,,65.0,nameplate_mw,False
EIA-860,Cloverland Electric Co-op,MI,,63.6,nameplate_mw,False
EIA-860,Falcon Power Operating Company,AZ,,62.6,nameplate_mw,False
EIA-860,"Primary Products Ingredients Americas, LLC d/b/a Primient",IN,,61.8,nameplate_mw,False
EIA-860,Packaging Corporation of America,LA,,61.5,nameplate_mw,False
EIA-860,FPL Energy North Dakota Wind LLC,ND,,61.5,nameplate_mw,False
EIA-860,"PRIMIENT, LLC",TN,,61.4,nameplate_mw,False
EIA-860,Cirrus Wind 1 LLC,TX,,61.2,nameplate_mw,False
EIA-860,Skysol Holdco LLC,OR,,61.2,nameplate_mw,False
EIA-860,"Primary Energy Recycling Holdings, LLC",IN,,61.0,nameplate_mw,False
EIA-860,Mountain Wind Power LLC,WY,,61.0,nameplate_mw,False
EIA-860,Michigan Public Power Agency,MI,,60.5,nameplate_mw,False
EIA-860,WPPI Energy,WI,,60.5,nameplate_mw,False
EIA-860,City of Marshfield - (WI),WI,,60.4,nameplate_mw,False
EIA-860,City & Borough of Sitka - (AK),AK,,60.1,nameplate_mw,False
EIA-860,"Hunterstown Power, LLC",PA,,60.0,nameplate_mw,False
EIA-860,University of Michigan,MI,,60.0,nameplate_mw,False
EIA-860,Flat Water Wind Farm LLC,NE,,60.0,nameplate_mw,False
EIA-860,Piedmont Green Power LLC,GA,,60.0,nameplate_mw,False
EIA-860,"Ranchland Solar, LLC",NC,,60.0,nameplate_mw,False
EIA-860,"SR DeSoto III, LLC",GA,,60.0,nameplate_mw,False
EIA-860,"Heirloom Solar (Ratts 1 Phase 2 Solar, LLC)",IN,,60.0,nameplate_mw,False
EIA-860,VESI 38 LLC,TX,,60.0,nameplate_mw,False
EIA-860,"Biscayne Falls SPV, LLC",IN,,60.0,nameplate_mw,False
EIA-860,Whirlwind Energy LLC,TX,,59.8,nameplate_mw,False
EIA-860,"Blackwell Wind, LLC",OK,,59.8,nameplate_mw,False
EIA-860,"Harvest II Windfarm, LLC",MI,,59.4,nameplate_mw,False
EIA-860,Lee County Board-Commissioners,FL,,59.0,nameplate_mw,False
EIA-860,"Kellam Solar, LLC",TX,,59.0,nameplate_mw,False
EIA-860,"Patua Acquisition Company, LLC",NV,,58.6,nameplate_mw,False
EIA-860,Sunnyside Cogeneration Assoc,UT,,58.1,nameplate_mw,False
EIA-860,USCE-St Louis District,MO,,58.0,nameplate_mw,False
EIA-860,"GRP Franklin Renewable Energy Facility, LLC",GA,,58.0,nameplate_mw,False
EIA-860,"GRP Madison Renewable Energy Facility, LLC",GA,,58.0,nameplate_mw,False
EIA-860,Cove Mountain Solar LLC,UT,,58.0,nameplate_mw,False
EIA-860,WestRock (TX),TX,,57.7,nameplate_mw,False
EIA-860,Ebensburg Power Co,PA,,57.6,nameplate_mw,False
EIA-860,CI III VK I TE Partnership LLC,UT,,57.6,nameplate_mw,False
EIA-860,"Wind Capital Holdings, LLC",MO,,56.7,nameplate_mw,False
EIA-860,Stillwater Utilities Authority,OK,,56.4,nameplate_mw,False
EIA-860,Billerud Quinnesec Mill,MI,,56.0,nameplate_mw,False
EIA-860,City of Painesville - (OH),OH,,55.5,nameplate_mw,False
EIA-860,Independence Wind Energy LLC,IA,,55.4,nameplate_mw,False
EIA-860,"NGI-Kayenta Solar Lessor I, LLC",AZ,,55.3,nameplate_mw,False
EIA-860,Stored Solar J&WE,ME,,55.0,nameplate_mw,False
EIA-860,"Gray Hawk Solar, LLC",AZ,,55.0,nameplate_mw,False
EIA-860,"Landrace Holdings, LLC",SC,,55.0,nameplate_mw,False
EIA-860,"Glover Creek Solar, LLC",KY,,55.0,nameplate_mw,False
EIA-860,Basin Creek Power Services LLC,MT,,54.9,nameplate_mw,False
EIA-860,"CD Global Solar Holdings, LLC",NC,,54.8,nameplate_mw,False
EIA-860,"Albany Green Energy, LLC",GA,,54.5,nameplate_mw,False
EIA-860,"Mountain Power, LLC",PA,,54.0,nameplate_mw,False
EIA-860,"Tolna Power, LLC",PA,,54.0,nameplate_mw,False
EIA-860,PCS Phosphate,NC,,54.0,nameplate_mw,False
EIA-860,Domtar LLC,PA,,54.0,nameplate_mw,False
EIA-860,FreePort-McMoRan-Corp-Chino Mines,NM,,54.0,nameplate_mw,False
EIA-860,Industrial Energy Applications Inc,IA,,54.0,nameplate_mw,False
EIA-860,Butler Ridge Wind Energy Center,WI,,54.0,nameplate_mw,False
EIA-860,"Pinnacle Wind, LLC",WV,,53.7,nameplate_mw,False
EIA-860,Loup River Public Power Dist,NE,,53.4,nameplate_mw,False
EIA-860,University of Cincinnati,OH,,53.2,nameplate_mw,False
EIA-860,"Warren Generation, LLC",PA,,53.1,nameplate_mw,False
EIA-860,"SR Millington, LLC",TN,,53.0,nameplate_mw,False
EIA-860,"Harvest Windfarm, LLC",MI,,52.8,nameplate_mw,False
EIA-860,Silver Star I Power Partners LLC,TX,,52.8,nameplate_mw,False
EIA-860,Sunbury Generation LP,PA,,52.7,nameplate_mw,False
EIA-860,Brookfield Power New England,ME,,52.5,nameplate_mw,False
EIA-860,"SR South Loving, LLC",GA,,52.5,nameplate_mw,False
EIA-860,"SR Meridian III, LLC",MS,,52.5,nameplate_mw,False
EIA-860,Steamboat Development Corp,NV,,52.2,nameplate_mw,False
EIA-860,Ascend Performance Materials,TX,,52.1,nameplate_mw,False
EIA-860,"Silver State Solar Power North, LLC",NV,,52.0,nameplate_mw,False
EIA-860,"MS Solar 2, LLC",MS,,52.0,nameplate_mw,False
EIA-860,"FL Solar 5, LLC",FL,,52.0,nameplate_mw,False
EIA-860,"Casa Mesa Wind, LLC",NM,,51.9,nameplate_mw,False
EIA-860,"Enel Green Power Roseland Solar, LLC",TX,,51.8,nameplate_mw,False
EIA-860,City of Higginsville - (MO),MO,,51.6,nameplate_mw,False
EIA-860,Roseburg Forest Products Co,OR,,51.5,nameplate_mw,False
EIA-860,Domtar Paper Company Bennettsville,SC,,51.4,nameplate_mw,False
EIA-860,Orion Engineered Carbons,LA TX,,51.0,nameplate_mw,False
EIA-860,Wessington Wind,SD,,51.0,nameplate_mw,False
EIA-860,"Sky Global Power One Pledgor, LLC",TX,,51.0,nameplate_mw,False
EIA-860,"Live Oak Solar, LLC",GA,,51.0,nameplate_mw,False
EIA-860,FPL Energy Oliver County Wind,ND,,50.6,nameplate_mw,False
EIA-860,Record Hill Wind LLC,ME,,50.6,nameplate_mw,False
EIA-860,International Paper Co-Vicksbg,MS,,50.5,nameplate_mw,False
EIA-860,City of Idaho Falls - (ID),ID,,50.4,nameplate_mw,False
EIA-860,Leaf River Cellulose LLC,MS,,50.4,nameplate_mw,False
EIA-860,"Cow Branch Wind Power, LLC",MO,,50.4,nameplate_mw,False
EIA-860,"CR Clearing, LLC",MO,,50.4,nameplate_mw,False
EIA-860,"Beebe 1B Renewable Energy, LLC",MI,,50.4,nameplate_mw,False
EIA-860,"Cotton Plains Wind I, LLC",TX,,50.4,nameplate_mw,False
EIA-860,Hidalgo Wind Farm II LLC,TX,,50.4,nameplate_mw,False
EIA-860,Domtar Paper Co LLC Kingsport Mill,TN,,50.0,nameplate_mw,False
EIA-860,Pavant Solar II LLC,UT,,50.0,nameplate_mw,False
EIA-860,"Hattiesburg Farm, LLC",MS,,50.0,nameplate_mw,False
EIA-860,"SolaireHolman 1, LLC",TX,,50.0,nameplate_mw,False
EIA-860,"Lamesa Solar II, L.L.C.",TX,,50.0,nameplate_mw,False
EIA-860,"Assembly Solar I, LLC",MI,,50.0,nameplate_mw,False
EIA-860,Techren Solar V LLC,NV,,50.0,nameplate_mw,False
EIA-860,Kimberly Clark - Mobile Alabama,AL,,50.0,nameplate_mw,False
EIA-860,Iris Solar LLC,LA,,50.0,nameplate_mw,False
EIA-860,"Partin Solar, LLC",NC,,50.0,nameplate_mw,False
EIA-860,"SR Turkey Creek, LLC",KY,,50.0,nameplate_mw,False
EIA-860,Byrd Ranch Storage LLC,TX,,50.0,nameplate_mw,False
EIA-860,ENGIE Solidago Solar LLC,DE,,50.0,nameplate_mw,False
EIA-860,"Sunlight Road Solar, LLC",LA,,50.0,nameplate_mw,False
EIA-860,"BT Signal Ranch, LLC",TX,,50.0,nameplate_mw,False
EIA-860,"Gransolar Texas One, LLC",TX,,50.0,nameplate_mw,False
EIA-860,Kingman Energy Storage LLC,AZ,,50.0,nameplate_mw,False
EIA-860,Padua 1,TX,,50.0,nameplate_mw,False
EIA-860,Salt City Solar LLC,OH,,49.9,nameplate_mw,False
EIA-860,Timber Road Solar Park,OH,,49.9,nameplate_mw,False
EIA-860,Clinton Solar (OH) LLC,OH,,49.9,nameplate_mw,False
EIA-860,City of Dover - (OH),OH,,49.6,nameplate_mw,False
EIA-860,Osceola Windpower II,IA,,49.6,nameplate_mw,False
EIA-860,"Elawan Pitts Dudik Solar, LLC",TX,,49.6,nameplate_mw,False
EIA-860,FPL Energy Burleigh County Wind LLC,ND,,49.5,nameplate_mw,False
EIA-860,Wilton Wind II LLC,ND,,49.5,nameplate_mw,False
EIA-860,Diamond Shamrock Refining Company LP,TX,,49.5,nameplate_mw,False
EIA-860,"Route 66 Energy Center, LLC",NM,,49.5,nameplate_mw,False
EIA-860,Route 66 Energy Storage,NM,,49.5,nameplate_mw,False
EIA-860,Alaska Power and Telephone Co,AK,,49.4,nameplate_mw,False
EIA-860,"Sanford Airport Solar, LLC",ME,,49.4,nameplate_mw,False
EIA-860,"Quinebaug Solar, LLC",CT,,49.4,nameplate_mw,False
EIA-860,US Geothermal Inc.,ID OR,,49.0,nameplate_mw,False
EIA-860,Wyandotte Municipal Serv Comm - (MI),MI,,48.9,nameplate_mw,False
EIA-860,Upper Peninsula Power Company,MI,,48.2,nameplate_mw,False
EIA-860,City of Cleveland - (OH),OH,,48.0,nameplate_mw,False
EIA-860,New Smyrna Beach Utilities Commission,FL,,48.0,nameplate_mw,False
EIA-860,USG Paper LLC,TX,,48.0,nameplate_mw,False
EIA-860,FPL Energy Oliver County Wind II LLC,ND,,48.0,nameplate_mw,False
EIA-860,Great Bend Solar LLC,OH,,48.0,nameplate_mw,False
EIA-860,Georgia-Pacific Consumer Oper. Green Bay LLC,WI,,47.6,nameplate_mw,False
EIA-860,"WestRock Mill Company, LLC",AL,,47.4,nameplate_mw,False
EIA-860,City of West Plains - (MO),MO,,47.4,nameplate_mw,False
EIA-860,Mount Carmel Cogen Inc,PA,,47.3,nameplate_mw,False
EIA-860,Airport Solar LLC,OR,,47.3,nameplate_mw,False
EIA-860,Amrize Cement Inc.,MI,,47.2,nameplate_mw,False
EIA-860,ReEnergy Stratton LLC,ME,,47.0,nameplate_mw,False
EIA-860,Hillsborough County - (FL),FL,,47.0,nameplate_mw,False
EIA-860,City of Murray - (UT),UT,,46.8,nameplate_mw,False
EIA-860,Tropicana Products Inc,FL,,46.8,nameplate_mw,False
EIA-860,Colstrip Energy LP,MT,,46.1,nameplate_mw,False
EIA-860,CII Carbon LLC,LA,,46.0,nameplate_mw,False
EIA-860,Domtar Industries Inc,WI,,45.7,nameplate_mw,False
EIA-860,City of North Little Rock - (AR),AR,,45.4,nameplate_mw,False
EIA-860,Southeast Alaska Power Agency,AK,,45.2,nameplate_mw,False
EIA-860,NAES Corporation - (DE),DE,,45.1,nameplate_mw,False
EIA-860,"Texas A&M, Utilities & Energy Services",TX,,45.1,nameplate_mw,False
EIA-860,City of Bryan - (OH),OH,,45.0,nameplate_mw,False
EIA-860,City of Kaukauna (WI),WI,,45.0,nameplate_mw,False
EIA-860,NGP Blue Mountain I LLC,NV,,45.0,nameplate_mw,False
EIA-860,Thilmany LLC,WI,,44.6,nameplate_mw,False
EIA-860,"Brookfield Black Bear Hydro, LLC",ME,,44.5,nameplate_mw,False
EIA-860,Boise White Paper LLC,AL,,44.4,nameplate_mw,False
EIA-860,Ticona Polymers Inc,TX,,44.2,nameplate_mw,False
EIA-860,City of Wellington - (KS),KS,,44.0,nameplate_mw,False
EIA-860,Cadillac Renewable Energy LLC,MI,,44.0,nameplate_mw,False
EIA-860,City of Nebraska City - (NE),NE,,43.6,nameplate_mw,False
EIA-860,"Cube District Energy, LLC",GA KS MO NC TN,,43.6,nameplate_mw,False
EIA-860,Purdue University,IN,,43.3,nameplate_mw,False
EIA-860,University of Iowa,IA,,43.3,nameplate_mw,False
EIA-860,Eurus Combine Hills I LLC,OR,,43.0,nameplate_mw,False
EIA-860,"Plainfield Renewable Energy, LLC",CT,,43.0,nameplate_mw,False
EIA-860,Ketchikan Public Utilities,AK,,42.4,nameplate_mw,False
EIA-860,Rhode Island LFG Genco,RI,,42.1,nameplate_mw,False
EIA-860,University of Notre Dame,IN,,42.1,nameplate_mw,False
EIA-860,Hawkeye Power Partners LLC,IA,,42.0,nameplate_mw,False
EIA-860,Cerro Gordo Wind Farm,IA,,42.0,nameplate_mw,False
EIA-860,City of Carthage - (MO),MO,,41.8,nameplate_mw,False
EIA-860,"Copper Valley Elec Assn, Inc",AK,,41.6,nameplate_mw,False
EIA-860,Gas Recovery Systems Inc,MI NC,,41.6,nameplate_mw,False
EIA-860,WE Soda Alkali,WY,,41.0,nameplate_mw,False
EIA-860,Indianola Municipal Utilities - (IA),IA,,40.9,nameplate_mw,False
EIA-860,"Genesee Solar Energy, LLC",MI,,40.8,nameplate_mw,False
EIA-860,City of Winfield - (KS),KS,,40.7,nameplate_mw,False
EIA-860,"Robin Hollow Solar, LLC",RI,,40.7,nameplate_mw,False
EIA-860,FPL Energy South Dakota Wind LLC,SD,,40.5,nameplate_mw,False
EIA-860,TPW Petersburg LLC,NE,,40.5,nameplate_mw,False
EIA-860,Sonoco Products Co,SC,,40.5,nameplate_mw,False
EIA-860,Wallenpuapack Hydro,PA,,40.0,nameplate_mw,False
EIA-860,Central Arizona Water Conservation Dist,AZ,,40.0,nameplate_mw,False
EIA-860,Cargill Inc North America Sweetners,IA,,40.0,nameplate_mw,False
EIA-860,Biomass One LP,OR,,40.0,nameplate_mw,False
EIA-860,National Salvage & Service Corporation,MI,,40.0,nameplate_mw,False
EIA-860,"Crofton Bluffs Wind, LLC",NE,,40.0,nameplate_mw,False
EIA-860,"High Mesa Energy, LLC",ID,,40.0,nameplate_mw,False
EIA-860,"SR Hazlehurst III, LLC",GA,,40.0,nameplate_mw,False
EIA-860,"Orchard Windfarm, LLC",OR,,40.0,nameplate_mw,False
EIA-860,"SC Oregon 2 Lessor Parent, LLC",OR,,40.0,nameplate_mw,False
EIA-860,"BCD Project Holdings 1, LLC",PA,,40.0,nameplate_mw,False
EIA-860,"Castle Solar, LLC",UT,,40.0,nameplate_mw,False
EIA-860,"Bird Dog Solar, LLC",GA,,40.0,nameplate_mw,False
EIA-860,"Black Mesa Solar, LLC",ID,,40.0,nameplate_mw,False
EIA-860,"SR McNeal, LLC",AZ,,40.0,nameplate_mw,False
EIA-860,"BT Jungmann, LLC",TX,,40.0,nameplate_mw,False
EIA-860,"Woodward Energy Storage, LLC",OK,,40.0,nameplate_mw,False
EIA-860,Ringer Hill Wind LLC,PA,,39.9,nameplate_mw,False
EIA-860,Waverly Municipal Elec Utility - (IA),IA,,39.8,nameplate_mw,False
EIA-860,Iowa State University,IA,,39.8,nameplate_mw,False
EIA-860,Crisp County Power Comm,GA,,39.7,nameplate_mw,False
EIA-860,ReEnergy Livermore Falls,ME,,39.6,nameplate_mw,False
EIA-860,University of Alaska,AK,,39.6,nameplate_mw,False
EIA-860,City of Gardner - (KS),KS,,39.2,nameplate_mw,False
EIA-860,Frontier El Dorado Refinery LLC,KS,,38.9,nameplate_mw,False
EIA-860,INEOS Nitriles Greenlake,TX,,38.8,nameplate_mw,False
EIA-860,Prescott Wind Energy LLC,IA,,38.7,nameplate_mw,False
EIA-860,Total Petrochemicals USA Inc,TX,,38.4,nameplate_mw,False
EIA-860,"Safari Energy, LLC",GA,,38.3,nameplate_mw,False
EIA-860,GFC - New Bern Mill,NC,,38.1,nameplate_mw,False
EIA-860,"Smith Creek Hydro, LLC",ID,,38.1,nameplate_mw,False
EIA-860,"GCL New Energy, Inc.",OR,,38.0,nameplate_mw,False
EIA-860,"Wolfskin Solar, LLC",GA,,38.0,nameplate_mw,False
EIA-860,"Lookout Windpower, LLC",PA,,37.8,nameplate_mw,False
EIA-860,Pfizer Inc,CT,,37.5,nameplate_mw,False
EIA-860,New Martinsville Hannibal Hydro,WV,,37.4,nameplate_mw,False
EIA-860,North Valley,NV,,37.0,nameplate_mw,False
EIA-860,DWW Solar ll LLC,CT,,36.9,nameplate_mw,False
EIA-860,City of Bountiful - (UT),UT,,36.6,nameplate_mw,False
EIA-860,DP-C2 Episode 1 LLC,SC,,36.6,nameplate_mw,False
EIA-860,Lockhart Power Co,SC,,36.5,nameplate_mw,False
EIA-860,York County Solid W & R Auth - (PA),PA,,36.5,nameplate_mw,False
EIA-860,Milwaukee Metro Sewerage Dist,WI,,36.4,nameplate_mw,False
EIA-860,Rain CII Carbon LLC,LA,,36.4,nameplate_mw,False
EIA-860,City of Kennett - (MO),MO,,36.3,nameplate_mw,False
EIA-860,City of Piqua - (OH),OH,,36.3,nameplate_mw,False
EIA-860,Kimberly-Clark Corporation,CT,,36.3,nameplate_mw,False
EIA-860,"Titus Power, LLC",PA,,36.0,nameplate_mw,False
EIA-860,U S Air Force-Eielson AFB,AK,,36.0,nameplate_mw,False
EIA-860,"Rausch Creek Generation, LLC",PA,,36.0,nameplate_mw,False
EIA-860,City of Homestead - (FL),FL,,35.7,nameplate_mw,False
EIA-860,Covanta Lancaster Inc,PA,,35.7,nameplate_mw,False
EIA-860,City of Portland (OR),OR,,35.5,nameplate_mw,False
EIA-860,FPL Energy Cape LLC,ME,,35.0,nameplate_mw,False
EIA-860,Wisconsin River Power Company,WI,,35.0,nameplate_mw,False
EIA-860,"TPC Group, LLC",TX,,35.0,nameplate_mw,False
EIA-860,"SR Bell Buckle, LLC",TN,,35.0,nameplate_mw,False
EIA-860,"Virginia Line Solar, LLC",NC,,35.0,nameplate_mw,False
EIA-860,Anheuser-Busch Inc,FL MO,,34.8,nameplate_mw,False
EIA-860,Chickadee 3-G Purchaser LLC,TX,,34.8,nameplate_mw,False
EIA-860,NC Renewable Power - Lumberton LLC,NC,,34.7,nameplate_mw,False
EIA-860,Echo 1,OR,,34.7,nameplate_mw,False
EIA-860,Paragould Municipal Utilities (AR),AR,,34.6,nameplate_mw,False
EIA-860,City of Zeeland - (MI),MI,,34.3,nameplate_mw,False
EIA-860,"Centerstream STL, LLC",MO,,34.2,nameplate_mw,False
EIA-860,"CPV Saddleback Ridge Wind, LLC",ME,,34.2,nameplate_mw,False
EIA-860,City of Poplar Bluff - (MO),MO,,34.1,nameplate_mw,False
EIA-860,TDX North Slope Generating Inc.,AK,,33.5,nameplate_mw,False
EIA-860,City of Fulton - (MO),MO,,33.2,nameplate_mw,False
EIA-860,Ada Cogeneration LLC,MI,,33.1,nameplate_mw,False
EIA-860,REC Solar,TX WI,,33.1,nameplate_mw,False
EIA-860,International Paper Corporation - Springfield,OR,,32.7,nameplate_mw,False
EIA-860,Mohave Energy,AZ,,32.6,nameplate_mw,False
EIA-860,City of Maquoketa - (IA),IA,,32.4,nameplate_mw,False
EIA-860,"TAI Huntsville Solar, LLC",AL,,32.4,nameplate_mw,False
EIA-860,City of Augusta - (KS),KS,,32.2,nameplate_mw,False
EIA-860,Reworld Waste LLC,PA,,32.1,nameplate_mw,False
EIA-860,University of North Carolina,NC,,32.0,nameplate_mw,False
EIA-860,City of Pratt- (KS),KS,,31.5,nameplate_mw,False
EIA-860,Allegheny Hydro LP,PA,,31.4,nameplate_mw,False
EIA-860,City of Falls City - (NE),NE,,31.3,nameplate_mw,False
EIA-860,Borough of Chambersburg - (PA),PA,,31.2,nameplate_mw,False
EIA-860,Pasco County - (FL),FL,,31.2,nameplate_mw,False
EIA-860,Consolidated Water Power Co,WI,,31.0,nameplate_mw,False
EIA-860,"USF Surry, LLC",NC,,31.0,nameplate_mw,False
EIA-860,City of Marshall - (MO),MO,,30.8,nameplate_mw,False
EIA-860,City of Russell - (KS),KS,,30.7,nameplate_mw,False
EIA-860,Tesoro Refng Marketing Co Mntn Region,UT,,30.4,nameplate_mw,False
EIA-860,"Mohave Electric Cooperative, Inc.",AZ,,30.3,nameplate_mw,False
EIA-860,Sid Richardson Carbon Ltd,TX,,30.0,nameplate_mw,False
EIA-860,WestRock Seminole,FL,,30.0,nameplate_mw,False
EIA-860,Kings Bay Naval Base,GA,,30.0,nameplate_mw,False
EIA-860,Tata Chemicals Partners,WY,,30.0,nameplate_mw,False
EIA-860,"Kimball Wind, LLC",NE,,30.0,nameplate_mw,False
EIA-860,Georgia-Pacific Wauna LLC,OR,,30.0,nameplate_mw,False
EIA-860,FRV AE Solar LLC,TX,,30.0,nameplate_mw,False
EIA-860,Deepwater Wind Block Island LLC,RI,,30.0,nameplate_mw,False
EIA-860,"Mozart Wind, LLC",TX,,30.0,nameplate_mw,False
EIA-860,"Simon Solar Farm, LLC",GA,,30.0,nameplate_mw,False
EIA-860,Red Horse III,AZ,,30.0,nameplate_mw,False
EIA-860,"Bluebell Solar, LLC",TX,,30.0,nameplate_mw,False
EIA-860,"Pinal Central Energy Center, LLC",AZ,,30.0,nameplate_mw,False
EIA-860,Oberon Solar IB,TX,,30.0,nameplate_mw,False
EIA-860,"Chaves County Solar II, LLC",NM,,30.0,nameplate_mw,False
EIA-860,City of Clay Center - (KS),KS,,29.9,nameplate_mw,False
EIA-860,AEM Wind LLC,NM,,29.9,nameplate_mw,False
EIA-860,"Forward Windpower, LLC",PA,,29.4,nameplate_mw,False
EIA-860,City of Iola - (KS),KS,,29.3,nameplate_mw,False
EIA-860,Antrim Wind Energy LLC,NH,,28.8,nameplate_mw,False
EIA-860,"USF Essex Lessor, LLC",NC,,28.7,nameplate_mw,False
EIA-860,Smithfield Fresh Meats Corp.,NC,,28.5,nameplate_mw,False
EIA-860,"Westrock Kraft Paper, LLC",NC,,28.3,nameplate_mw,False
EIA-860,"TPE Alta Luna, LLC",NM,,28.1,nameplate_mw,False
EIA-860,City of Bay City - (MI),MI,,28.0,nameplate_mw,False
EIA-860,City of Pella - (IA),IA,,28.0,nameplate_mw,False
EIA-860,GlidePath Power Operations LLC,PA TX,,27.9,nameplate_mw,False
EIA-860,City of Orangeburg - (SC),SC,,27.6,nameplate_mw,False
EIA-860,Kansas Municipal Energy Agency - (KS),KS,,27.6,nameplate_mw,False
EIA-860,Aurora Energy LLC,AK,,27.5,nameplate_mw,False
EIA-860,Trenton Municipal Utilities - (MO),MO,,27.5,nameplate_mw,False
EIA-860,City of Springville - (UT),UT,,27.5,nameplate_mw,False
EIA-860,"Diamond State Generation Partners, LLC",DE,,27.5,nameplate_mw,False
EIA-860,"Taos Mesa Energy Facility, LLC",NM,,27.5,nameplate_mw,False
EIA-860,Ellomay USA Inc,TX,,27.5,nameplate_mw,False
EIA-860,"Wildcat Wind, LLC",NM,,27.3,nameplate_mw,False
EIA-860,Novo Biopower LLC,AZ,,27.2,nameplate_mw,False
EIA-860,"Niles Power, LLC",OH,,27.0,nameplate_mw,False
EIA-860,"Orrtanna Power, LLC",PA,,27.0,nameplate_mw,False
EIA-860,City of New Hampton - (IA),IA,,26.5,nameplate_mw,False
EIA-860,City of Jackson - (MO),MO,,26.3,nameplate_mw,False
EIA-860,Mosaic Phosphates Co.,LA,,26.0,nameplate_mw,False
EIA-860,"Affordable Solar Silver City, LLC",NM,,26.0,nameplate_mw,False
EIA-860,"AMOR IX, LLC",NV,,26.0,nameplate_mw,False
EIA-860,Mississippi State University,MS,,26.0,nameplate_mw,False
EIA-860,Bowater Newport Coosa Pines Op,AL,,25.9,nameplate_mw,False
EIA-860,Union Carbide Corp-Texas City,TX,,25.8,nameplate_mw,False
EIA-860,University of Connecticut,CT,,25.7,nameplate_mw,False
EIA-860,"Luminace Sunbeam Development Holdings, LLC",ME,,25.7,nameplate_mw,False
EIA-860,"Eagle Point Energy Center, LLC",ME,,25.3,nameplate_mw,False
EIA-860,Enterprise Products Optg LP,LA TX,,25.2,nameplate_mw,False
EIA-860,"SREOG Partnership 1, LLC",ME,,25.1,nameplate_mw,False
EIA-860,City of St Marys - (OH),OH,,25.0,nameplate_mw,False
EIA-860,CF Industries Nitrogen LLC,MS,,25.0,nameplate_mw,False
EIA-860,Georgia-Pacific Crossett LLC,AR,,25.0,nameplate_mw,False
EIA-860,"NE Renewable Tamworth, LLC",NH,,25.0,nameplate_mw,False
EIA-860,ESI Vansycle Partners LP,OR,,25.0,nameplate_mw,False
EIA-860,Solar Avra Valley LLC,AZ,,25.0,nameplate_mw,False
EIA-860,Ormat Cove Fort LLC,UT,,25.0,nameplate_mw,False
EIA-860,Techren Solar III LLC,NV,,25.0,nameplate_mw,False
EIA-860,Techren Solar IV LLC,NV,,25.0,nameplate_mw,False
EIA-860,"SR Baxley, LLC",GA,,25.0,nameplate_mw,False
EIA-860,IMG Energy Solutions,PA,,25.0,nameplate_mw,False
EIA-860,"VESI Upton County BESS, LLC",TX,,24.8,nameplate_mw,False
EIA-860,Hayhurst Texas Solar,TX,,24.8,nameplate_mw,False
EIA-860,City of Cushing - (OK),OK,,24.6,nameplate_mw,False
EIA-860,Los Alamos County - (NM),NM,,24.6,nameplate_mw,False
EIA-860,Indiana University of Penn,PA,,24.4,nameplate_mw,False
EIA-860,Amana Society Service Co,IA,,24.4,nameplate_mw,False
EIA-860,City of Erie - (KS),KS,,24.3,nameplate_mw,False
EIA-860,Harrisburg Authority,PA,,24.1,nameplate_mw,False
EIA-860,City of Mt Pleasant - (IA),IA,,24.0,nameplate_mw,False
EIA-860,"Blossburg Power, LLC",PA,,24.0,nameplate_mw,False
EIA-860,McMinnville Electric System,TN,,24.0,nameplate_mw,False
EIA-860,COT/Division of Water Reclamation,OH,,24.0,nameplate_mw,False
EIA-860,City of Logan - (UT),UT,,23.9,nameplate_mw,False
EIA-860,City of Spencer - (IA),IA,,23.8,nameplate_mw,False
EIA-860,USACE-Detroit District,MI,,23.7,nameplate_mw,False
EIA-860,"Solar DG NM Amalia, LLC",NM,,23.7,nameplate_mw,False
EIA-860,Ormat Salt Wells LLC,NV,,23.6,nameplate_mw,False
EIA-860,Chevron Oronite Co LLC,LA,,23.5,nameplate_mw,False
EIA-860,"Ahlstrom-Munksjo NA Specialty Solutions, LLC",WI,,23.4,nameplate_mw,False
EIA-860,Occidental Permian Ltd,TX,,23.4,nameplate_mw,False
EIA-860,City of Unalaska - (AK),AK,,23.0,nameplate_mw,False
EIA-860,CI-II Mitchell Holding LLC,NC,,23.0,nameplate_mw,False
EIA-860,CPV Canton Mountain Wind LLC,ME,,22.8,nameplate_mw,False
EIA-860,Power County Wind Park South LLC,ID,,22.5,nameplate_mw,False
EIA-860,Power County Wind Park North LLC,ID,,22.5,nameplate_mw,False
EIA-860,Allendale Biomass LLC,SC,,22.5,nameplate_mw,False
EIA-860,Dorchester Biomass LLC,SC,,22.5,nameplate_mw,False
EIA-860,Idaho Winds LLC,ID,,22.4,nameplate_mw,False
EIA-860,City of Tampa (FL),FL,,22.1,nameplate_mw,False
EIA-860,Guadalupe Blanco River Authority,TX,,22.0,nameplate_mw,False
EIA-860,City of Forest City- (IA),IA,,22.0,nameplate_mw,False
EIA-860,L'Anse Warden Electric Company LLC,MI,,22.0,nameplate_mw,False
EIA-860,Powell Valley Electric Coop,TN,,22.0,nameplate_mw,False
EIA-860,Twin Rivers Paper Co LLC,ME,,22.0,nameplate_mw,False
EIA-860,Oxbow Creek Energy LLC,PA,,22.0,nameplate_mw,False
EIA-860,Roundtop Energy LLC,PA,,22.0,nameplate_mw,False
EIA-860,Beaver Dam Energy LLC,PA,,22.0,nameplate_mw,False
EIA-860,Wolf Run Energy LLC,PA,,22.0,nameplate_mw,False
EIA-860,Star Peak Geothermal LLC.,NV,,21.9,nameplate_mw,False
EIA-860,City of Sabetha - (KS),KS,,21.8,nameplate_mw,False
EIA-860,Thumb Electric Coop of Mich,MI,,21.8,nameplate_mw,False
EIA-860,City of Wayne (NE),NE,,21.8,nameplate_mw,False
EIA-860,Allegheny Electric Coop Inc,PA,,21.7,nameplate_mw,False
EIA-860,Eight Flags Energy LLC,FL,,21.6,nameplate_mw,False
EIA-860,City of Holton - (KS),KS,,21.5,nameplate_mw,False
EIA-860,North Slope Borough Power & Light (AK),AK,,21.4,nameplate_mw,False
EIA-860,City of Webster City - (IA),IA,,21.3,nameplate_mw,False
EIA-860,Ahlstrom-Munksjo,WI,,21.3,nameplate_mw,False
EIA-860,City of Cumberland - (WI),WI,,21.2,nameplate_mw,False
EIA-860,Otsego Paper Inc,MI,,21.2,nameplate_mw,False
EIA-860,Kansas Electric Power Coop Inc,KS,,21.0,nameplate_mw,False
EIA-860,"Hot Springs Windfarm, LLC",ID,,21.0,nameplate_mw,False
EIA-860,Bennett Creek Windfarm LLC,ID,,21.0,nameplate_mw,False
EIA-860,Evergreen BioPower LLC,OR,,21.0,nameplate_mw,False
EIA-860,Crosswind Holdco LLC,IA,,21.0,nameplate_mw,False
EIA-860,Iowa Lakes Electric Coop,IA,,21.0,nameplate_mw,False
EIA-860,Penn State University,PA,,21.0,nameplate_mw,False
EIA-860,Alpaca Energy LLC,PA,,21.0,nameplate_mw,False
EIA-860,Milan Energy LLC,PA,,21.0,nameplate_mw,False
EIA-860,"Arq Solutions (Red River), LLC",LA,,20.8,nameplate_mw,False
EIA-860,City of Colby - (KS),KS,,20.7,nameplate_mw,False
EIA-860,Carrollton Board of Public Wks,MO,,20.6,nameplate_mw,False
EIA-860,Heber Light & Power Company,UT,,20.2,nameplate_mw,False
EIA-860,"DG Connecticut III, LLC",CT,,20.2,nameplate_mw,False
EIA-860,"Shawnee Power, LLC",PA,,20.0,nameplate_mw,False
EIA-860,Bridgewater Power Co LP,NH,,20.0,nameplate_mw,False
EIA-860,"NE Renewable Springfield, LLC",NH,,20.0,nameplate_mw,False
EIA-860,Doyon Utilities - Ft. Wainwright,AK,,20.0,nameplate_mw,False
EIA-860,CPV Spruce Mountain Wind LLC,ME,,20.0,nameplate_mw,False
EIA-860,"ORNI 47, LLC",NV,,20.0,nameplate_mw,False
EIA-860,"Fusion Solar Centre, L.L.C",CT,,20.0,nameplate_mw,False
EIA-860,Pleasant Hill Wind Energy LLC,TX,,20.0,nameplate_mw,False
EIA-860,"Fresh Air Energy XVIII, LLC",NC,,20.0,nameplate_mw,False
EIA-860,"SR Hazlehurst, LLC",GA,,20.0,nameplate_mw,False
EIA-860,Five Forks Solar,NC,,20.0,nameplate_mw,False
EIA-860,"Murphy Flat Power, LLC",ID,,20.0,nameplate_mw,False
EIA-860,"Orchard Ranch Solar, LLC",ID,,20.0,nameplate_mw,False
EIA-860,ORNI 37 LLC,NV,,20.0,nameplate_mw,False
EIA-860,"Cork Oak Solar, LLC",NC,,20.0,nameplate_mw,False
EIA-860,Simcoe Solar,ID,,20.0,nameplate_mw,False
EIA-860,"Cameron Solar, LLC",SC,,20.0,nameplate_mw,False
EIA-860,"Estill Solar I, LLC",SC,,20.0,nameplate_mw,False
EIA-860,"Hampton Solar II, LLC",SC,,20.0,nameplate_mw,False
EIA-860,"Woods Hill Solar, LLC",CT,,20.0,nameplate_mw,False
EIA-860,"North 301 Solar, LLC",NC,,20.0,nameplate_mw,False
EIA-860,"Ormat Stillwater Solar PV II, LLC",NV,,20.0,nameplate_mw,False
EIA-860,Toray Plastics America,RI,,20.0,nameplate_mw,False
EIA-860,"SR Arlington, LLC",GA,,20.0,nameplate_mw,False
EIA-860,"St. James Solar, LLC",LA,,20.0,nameplate_mw,False
EIA-860,"Odom Solar, LLC",GA,,20.0,nameplate_mw,False
EIA-860,BD Solar 1 LLC,ME,,20.0,nameplate_mw,False
EIA-860,Camden Solar LLC,NC,,20.0,nameplate_mw,False
EIA-860,Gaucho Solar,PA,,20.0,nameplate_mw,False
EIA-860,"Macbeth Solar, LLC",MI,,20.0,nameplate_mw,False
EIA-860,"Lyons Road Solar, LLC",MI,,20.0,nameplate_mw,False
EIA-860,"Lyons Solar, LLC",PA,,20.0,nameplate_mw,False
EIA-860,"Midcontinent Solar, LLC",MI,,20.0,nameplate_mw,False
EIA-860,"Greenstone Solar, LLC",MI,,20.0,nameplate_mw,False
EIA-860,WEB Silver Maple Wind LLC,ME,,20.0,nameplate_mw,False
EIA-860,"Erie Solar, LLC",PA,,20.0,nameplate_mw,False
EIA-860,Hayhurst New Mexico Solar,NM,,20.0,nameplate_mw,False
EIA-860,"Cardinal Solar, LLC",PA,,20.0,nameplate_mw,False
EIA-860,"Shipsterns Solar, LLC",MI,,20.0,nameplate_mw,False
EIA-860,"Willford Solar, LLC",MI,,20.0,nameplate_mw,False
EIA-860,"GD West Greenwich Nooseneck I, LLC",RI,,20.0,nameplate_mw,False
EIA-860,Capon Bridge Solar LLC,WV,,20.0,nameplate_mw,False
EIA-860,Walden Solar Maine V LLC,ME,,20.0,nameplate_mw,False
EIA-860,CleanChoice Energy,PA,,20.0,nameplate_mw,False
EIA-860,Walden Renewables Development LLC,ME,,20.0,nameplate_mw,False
EIA-860,"NE Renewable Whitefield, LLC",NH,,19.9,nameplate_mw,False
EIA-860,"CZ Solar Warren, LLC",OH,,19.9,nameplate_mw,False
EIA-860,North Side Energy Company,ID,,19.8,nameplate_mw,False
EIA-860,Seneca Sustainable Energy LLC,OR,,19.8,nameplate_mw,False
EIA-860,"SR Litchfield, LLC",CT,,19.8,nameplate_mw,False
EIA-860,"Hamilton Power, LLC",PA,,19.6,nameplate_mw,False
EIA-860,Phelps Dodge Refining Corp,TX,,19.6,nameplate_mw,False
EIA-860,Warm Springs Power Enterprises,OR,,19.6,nameplate_mw,False
EIA-860,LSU and A&M College,LA,,19.6,nameplate_mw,False
EIA-860,Nutmeg Solar LLC,CT,,19.6,nameplate_mw,False
EIA-860,Colorado River Indian Irr Proj,AZ,,19.5,nameplate_mw,False
EIA-860,"PCA, Filer City Mill",MI,,19.5,nameplate_mw,False
EIA-860,City of Beloit - (KS),KS,,19.3,nameplate_mw,False
EIA-860,City of Ottawa - (KS),KS,,19.2,nameplate_mw,False
EIA-860,City of Hugoton - (KS),KS,,19.2,nameplate_mw,False
EIA-860,"Lightning Dock Geothermal HI-01, LLC",NM,,19.2,nameplate_mw,False
EIA-860,City of Kingman - (KS),KS,,19.1,nameplate_mw,False
EIA-860,City of Osage - (IA),IA,,19.0,nameplate_mw,False
EIA-860,Siete Solar LLC,AZ,,19.0,nameplate_mw,False
EIA-860,"Spanish Fork Wind Park 2, LLC",UT,,18.9,nameplate_mw,False
EIA-860,"Cassia Gulch Wind Park, LLC",ID,,18.9,nameplate_mw,False
EIA-860,"Buffalo Bear, LLC",OK,,18.9,nameplate_mw,False
EIA-860,White Springs Agrici Chem Inc,FL,,18.8,nameplate_mw,False
EIA-860,Georgia-Pacific Toledo LLC,OR,,18.8,nameplate_mw,False
EIA-860,City of Goodland - (KS),KS,,18.7,nameplate_mw,False
EIA-860,Auburn Board of Public Works,NE,,18.7,nameplate_mw,False
EIA-860,PCA-Tomahawk Mill,WI,,18.7,nameplate_mw,False
EIA-860,Vanderbilt University,TN,,18.7,nameplate_mw,False
EIA-860,Indian River Operations Inc,DE,,18.6,nameplate_mw,False
EIA-860,University of Oklahoma,OK,,18.6,nameplate_mw,False
EIA-860,City of Oberlin - (OH),OH,,18.5,nameplate_mw,False
EIA-860,Nome Joint Utility Systems,AK,,18.4,nameplate_mw,False
EIA-860,City of Algona - (IA),IA,,18.4,nameplate_mw,False
EIA-860,Covanta Southeastern Connecticut Company,CT,,18.3,nameplate_mw,False
EIA-860,Kotzebue Electric Assn Inc,AK,,18.0,nameplate_mw,False
EIA-860,Kent County - (MI),MI,,18.0,nameplate_mw,False
EIA-860,Echo 2,OR,,18.0,nameplate_mw,False
EIA-860,Fire Island Wind LLC,AK,,18.0,nameplate_mw,False
EIA-860,"Chopin Wind, LLC",OR,,18.0,nameplate_mw,False
EIA-860,"EnLink Midstream Services, LLC",OK TX,,17.9,nameplate_mw,False
EIA-860,"NC State University, Energy Systems",NC,,17.8,nameplate_mw,False
EIA-860,City of Lake Mills - (IA),IA,,17.7,nameplate_mw,False
EIA-860,Gordon Butte Wind LLC,MT,,17.7,nameplate_mw,False
EIA-860,City of Winterset - (IA),IA,,17.6,nameplate_mw,False
EIA-860,University of Oregon,OR,,17.6,nameplate_mw,False
EIA-860,City of Vinton - (IA),IA,,17.5,nameplate_mw,False
EIA-860,"NE Renewable Bethlehem, LLC",NH,,17.5,nameplate_mw,False
EIA-860,Unisea Inc,AK,,17.5,nameplate_mw,False
EIA-860,Central Electric Power,SC,,17.4,nameplate_mw,False
EIA-860,"SREOG Partnership 4, LLC",ME,,17.4,nameplate_mw,False
EIA-860,"Barrow Utils & Elec Coop, Inc",AK,,17.3,nameplate_mw,False
EIA-860,State of Wisconsin,WI,,17.3,nameplate_mw,False
EIA-860,Dane County Solar LLC,WI,,17.3,nameplate_mw,False
EIA-860,AT&T,MO,,17.2,nameplate_mw,False
EIA-860,"SE Municipal Nebraska, LLC",NE,,17.2,nameplate_mw,False
EIA-860,Energy Center Phoenix LLC,AZ,,17.1,nameplate_mw,False
EIA-860,BE-Pine1 LLC,PA,,17.1,nameplate_mw,False
EIA-860,BE-Pine2 LLC,PA,,17.1,nameplate_mw,False
EIA-860,Chevron USA,WY,,17.0,nameplate_mw,False
EIA-860,Colice Hall Solar LLC,NC,,17.0,nameplate_mw,False
EIA-860,"Cordova Electric Coop, Inc",AK,,16.9,nameplate_mw,False
EIA-860,City of Arcadia - (WI),WI,,16.9,nameplate_mw,False
EIA-860,Reworld Tulsa LLC,OK,,16.8,nameplate_mw,False
EIA-860,"Tuana Springs Energy, LLC",ID,,16.8,nameplate_mw,False
EIA-860,Oxy Renewable Energy LLC,TX,,16.8,nameplate_mw,False
EIA-860,Western Michigan University,MI,,16.7,nameplate_mw,False
EIA-860,"Bridgeport Fuel Cell, LLC",CT,,16.6,nameplate_mw,False
EIA-860,"Naknek Electric Assn, Inc",AK,,16.5,nameplate_mw,False
EIA-860,Rand Whitney Containerboard L.P.,CT,,16.5,nameplate_mw,False
EIA-860,Brigham Young University (BYU),UT,,16.5,nameplate_mw,False
EIA-860,PPM Solar LLC,KS TX,,16.5,nameplate_mw,False
EIA-860,City of Larned - (KS),KS,,16.4,nameplate_mw,False
EIA-860,Covanta Bristol Inc,CT,,16.3,nameplate_mw,False
EIA-860,Foxwoods Resort Casino,CT,,16.2,nameplate_mw,False
EIA-860,Captona Lippitt Ave Cranston LLC,RI,,16.2,nameplate_mw,False
EIA-860,"Wallingford Renewable Energy, LLC",CT,,16.1,nameplate_mw,False
EIA-860,Hazelton/Wilson Joint Venture,ID,,16.0,nameplate_mw,False
EIA-860,City of Farmington - (MO),MO,,16.0,nameplate_mw,False
EIA-860,Temple University,PA,,16.0,nameplate_mw,False
EIA-860,"Avalon Solar Partners II, LLC",AZ,,16.0,nameplate_mw,False
EIA-860,"Providence Solar Center, LLC",TN,,16.0,nameplate_mw,False
EIA-860,"Selmer North Solar I, LLC",TN,,16.0,nameplate_mw,False
EIA-860,"Sunflower Solar, LLC",NC,,16.0,nameplate_mw,False
EIA-860,"SR Canadaville, LLC",TN,,16.0,nameplate_mw,False
EIA-860,"SREOG Partnership 2, LLC",ME,,16.0,nameplate_mw,False
EIA-860,City of Malden - (MO),MO,,15.9,nameplate_mw,False
EIA-860,Simplot Leasing Corp,ID,,15.9,nameplate_mw,False
EIA-860,"Delta Solar Power II, LLC",MI,,15.9,nameplate_mw,False
EIA-860,Fall River Rural Elec Coop Inc,ID,,15.8,nameplate_mw,False
EIA-860,City of Seward - (AK),AK,,15.6,nameplate_mw,False
EIA-860,City of Estherville - (IA),IA,,15.6,nameplate_mw,False
EIA-860,Owyhee Irrigation District,OR,,15.5,nameplate_mw,False
EIA-860,Covanta Lake Inc,FL,,15.5,nameplate_mw,False
EIA-860,Hydro Kennebec LLC,ME,,15.4,nameplate_mw,False
EIA-860,PCI Nitrogen LLC,TX,,15.4,nameplate_mw,False
EIA-860,"Phantom Solar, LLC",TX,,15.4,nameplate_mw,False
EIA-860,RoxWind LLC,ME,,15.3,nameplate_mw,False
EIA-860,City of Wamego - (KS),KS,,15.2,nameplate_mw,False
EIA-860,"Wood Hydro, LLC",ID,,15.2,nameplate_mw,False
EIA-860,Hurricane City Power - (UT),UT,,15.1,nameplate_mw,False
EIA-860,City of Baldwin City- (KS),KS,,15.0,nameplate_mw,False
EIA-860,Dahlberg Light & Power Co,WI,,15.0,nameplate_mw,False
EIA-860,Pennsylvania Renewable Resources,PA,,15.0,nameplate_mw,False
EIA-860,Targa Co-Generation LLC,TX,,15.0,nameplate_mw,False
EIA-860,"SunE AZ2, LLC",AZ,,15.0,nameplate_mw,False
EIA-860,"Williamston Speight Solar, LLC",NC,,15.0,nameplate_mw,False
EIA-860,Neighborhood Power Corp.,OR,,15.0,nameplate_mw,False
EIA-860,"Listonburg Solar, LLC",PA,,15.0,nameplate_mw,False
EIA-860,Denbury Inc,WY,,14.9,nameplate_mw,False
EIA-860,City of Shelbina - (MO),MO,,14.8,nameplate_mw,False
EIA-860,University of New Mexico,NM,,14.8,nameplate_mw,False
EIA-860,Desert Sky Solar LLC,AZ,,14.8,nameplate_mw,False
EIA-860,Petersburg Borough - (AK),AK,,14.7,nameplate_mw,False
EIA-860,Hardin Holdco LLC,IA,,14.7,nameplate_mw,False
EIA-860,"Cumberland Land Holdings, LLC",AL,,14.7,nameplate_mw,False
EIA-860,University of Arizona,AZ,,14.5,nameplate_mw,False
EIA-860,"River Mountains Solar, LLC",NV,,14.4,nameplate_mw,False
EIA-860,City of Cuyahoga Falls - (OH),OH,,14.4,nameplate_mw,False
EIA-860,"Silicon Hills Campus, LLC",TX,,14.3,nameplate_mw,False
EIA-860,Jericho Power LLC,NH,,14.3,nameplate_mw,False
EIA-860,City of Wahoo - (NE),NE,,14.2,nameplate_mw,False
EIA-860,National Centers for Animal Health,IA,,14.1,nameplate_mw,False
EIA-860,City of West Liberty - (IA),IA,,14.0,nameplate_mw,False
EIA-860,PCS Nitrogen LP,LA,,14.0,nameplate_mw,False
EIA-860,Thermo No 1 BE 01 LLC,UT,,14.0,nameplate_mw,False
EIA-860,Derby Fuel Cell LLC,CT,,14.0,nameplate_mw,False
EIA-860,"Gans Solar, LLC",PA,,14.0,nameplate_mw,False
EIA-860,"Pechin Solar, LLC",PA,,14.0,nameplate_mw,False
EIA-860,"Onsite Partners Projectco, LLC",NE OH TX,,14.0,nameplate_mw,False
EIA-860,City of Story City - (IA),IA,,13.9,nameplate_mw,False
EIA-860,Revity Energy LLC,RI,,13.9,nameplate_mw,False
EIA-860,Village of Sebewaing - (MI),MI,,13.7,nameplate_mw,False
EIA-860,Pensacola Christian College,FL,,13.7,nameplate_mw,False
EIA-860,Topsham Hydro Partners,ME,,13.5,nameplate_mw,False
EIA-860,"Fresh Air Energy XXXV, LLC",NC,,13.5,nameplate_mw,False
EIA-860,"Kansas Ethanol, LLC",KS,,13.5,nameplate_mw,False
EIA-860,Ecomaine,ME,,13.3,nameplate_mw,False
EIA-860,Northbrook Carolina Hydro LLC,NC SC,,13.2,nameplate_mw,False
EIA-860,Robbins Lumber Inc,ME,,13.2,nameplate_mw,False
EIA-860,Solar Star NAFB LLC,NV,,13.2,nameplate_mw,False
EIA-860,Kent State University,OH,,13.2,nameplate_mw,False
EIA-860,City of Greenfield - (IA),IA,,13.0,nameplate_mw,False
EIA-860,Clevelandcliffs Warren,OH,,13.0,nameplate_mw,False
EIA-860,Turnbull Hydro LLC,MT,,13.0,nameplate_mw,False
EIA-860,Central Utah Water Conservancy District,UT,,13.0,nameplate_mw,False
EIA-860,Inertia Energy Storage LLC,TX,,13.0,nameplate_mw,False
EIA-860,Coldwater Board of Public Util,MI,,12.9,nameplate_mw,False
EIA-860,Miami Dade Water & Sewer Dept,FL,,12.8,nameplate_mw,False
EIA-860,"Midway Green Solar, LLC",SC,,12.8,nameplate_mw,False
EIA-860,The Amalgamated Sugar Co,ID,,12.7,nameplate_mw,False
EIA-860,Energy Center Paxton LLC,PA,,12.6,nameplate_mw,False
EIA-860,Jacksonville Solar LLC,FL,,12.6,nameplate_mw,False
EIA-860,Jax LNG,FL,,12.6,nameplate_mw,False
EIA-860,"Hood Container of Louisiana, LLC",LA,,12.5,nameplate_mw,False
EIA-860,Nutrien US LLC,AK,,12.5,nameplate_mw,False
EIA-860,"Greensburg Wind Farm, LLC",KS,,12.5,nameplate_mw,False
EIA-860,Inst and Envir Div Marine Logistics Base,GA,,12.5,nameplate_mw,False
EIA-860,MC Power Companies Inc,KS MO,,12.5,nameplate_mw,False
EIA-860,"Ft Worth, City of - (TX)",TX,,12.4,nameplate_mw,False
EIA-860,University of Michigan NCampus Research,MI,,12.4,nameplate_mw,False
EIA-860,Cutrale Citrus Juices USA Inc,FL,,12.3,nameplate_mw,False
EIA-860,Briar-Hydro Associates,NH,,12.3,nameplate_mw,False
EIA-860,D/R Hydro Co,PA,,12.2,nameplate_mw,False
EIA-860,Agrilectric Power Partners Ltd,LA,,12.1,nameplate_mw,False
EIA-860,"Ozark Hydro Management, LLC",AR,,12.1,nameplate_mw,False
EIA-860,City of Wrangell - (AK),AK,,12.0,nameplate_mw,False
EIA-860,City of Ord - (NE),NE,,12.0,nameplate_mw,False
EIA-860,W&T Offshore Inc,AL,,12.0,nameplate_mw,False
EIA-860,"SunE EPE2, LLC",NM,,12.0,nameplate_mw,False
EIA-860,"SR Camden, LLC",AR,,12.0,nameplate_mw,False
EIA-860,City of Osawatomie - (KS),KS,,12.0,nameplate_mw,False
EIA-860,"Republic Services Renewable Energy, LLC",NV,,12.0,nameplate_mw,False
EIA-860,"SR North Stonington, LLC",CT,,12.0,nameplate_mw,False
EIA-860,VESI 21 LLC,OH,,12.0,nameplate_mw,False
EIA-860,USG Nevada LLC,NV,,11.8,nameplate_mw,False
EIA-860,Milford Solar LLC,DE,,11.8,nameplate_mw,False
EIA-860,"Rhode Island Solar Renewable Energy IV, LLC",RI,,11.8,nameplate_mw,False
EIA-860,Portage Solar Plant,WI,,11.8,nameplate_mw,False
EIA-860,City of Garnett - (KS),KS,,11.7,nameplate_mw,False
EIA-860,"US Sugar Savannah Refinery, LLC",GA,,11.7,nameplate_mw,False
EIA-860,Hillsdale Board of Public Wks,MI,,11.6,nameplate_mw,False
EIA-860,Simplot Phosphates LLC,WY,,11.5,nameplate_mw,False
EIA-860,"Doyon Utilities, LLC",AK,,11.5,nameplate_mw,False
EIA-860,Pantex (NNSA),TX,,11.5,nameplate_mw,False
EIA-860,City of Washington - (KS),KS,,11.4,nameplate_mw,False
EIA-860,Dart Container Corp,PA,,11.2,nameplate_mw,False
EIA-860,Concord New Energy,IN RI WI,,11.2,nameplate_mw,False
EIA-860,North American Natural Res,MI,,11.2,nameplate_mw,False
EIA-860,"Angel Fire Energy Facility, LLC",NM,,11.2,nameplate_mw,False
EIA-860,City of Anthony - (KS),KS,,11.1,nameplate_mw,False
EIA-860,City of Osage City - (KS),KS,,11.1,nameplate_mw,False
EIA-860,BMW Manufacturing Co LLC,SC,,11.1,nameplate_mw,False
EIA-860,City of Traer - (IA),IA,,11.0,nameplate_mw,False
EIA-860,City of Macon - (MO),MO,,11.0,nameplate_mw,False
EIA-860,State of Rhode Island,RI,,11.0,nameplate_mw,False
EIA-860,Concord Energy LLC,NC,,11.0,nameplate_mw,False
EIA-860,Brighter Future Solar LLC,NC,,11.0,nameplate_mw,False
EIA-860,Solar Breakers LLC,RI,,11.0,nameplate_mw,False
EIA-860,"Auburn Renewables, LLC",IN,,11.0,nameplate_mw,False
EIA-860,Zero6 Energy Hydro,IA WI,,10.9,nameplate_mw,False
EIA-860,City of Hoisington - (KS),KS,,10.9,nameplate_mw,False
EIA-860,City of Butler - (MO),MO,,10.9,nameplate_mw,False
EIA-860,City of Fayette - (MO),MO,,10.9,nameplate_mw,False
EIA-860,City of Girard - (KS),KS,,10.8,nameplate_mw,False
EIA-860,State Farm Mutual Auto Ins Co,GA,,10.8,nameplate_mw,False
EIA-860,State Farm Mutual Auto Ins Co,TX,,10.8,nameplate_mw,False
EIA-860,"SunE AZ1, LLC",AZ,,10.8,nameplate_mw,False
EIA-860,Citrus World Inc,FL,,10.7,nameplate_mw,False
EIA-860,Heritage Sustainable Energy. LLC,MI,,10.7,nameplate_mw,False
EIA-860,City of Paris - (KY),KY,,10.6,nameplate_mw,False
EIA-860,City of David City -(NE),NE,,10.6,nameplate_mw,False
EIA-860,City of Columbia - (SC),SC,,10.6,nameplate_mw,False
EIA-860,"GD Hopkinton Main I, LLC",RI,,10.6,nameplate_mw,False
EIA-860,"Nushagak Electric Coop, Inc",AK,,10.5,nameplate_mw,False
EIA-860,City of Lamoni - (IA),IA,,10.5,nameplate_mw,False
EIA-860,Pontook Operating LP,NH,,10.5,nameplate_mw,False
EIA-860,Kingman Energy Corp,AZ,,10.5,nameplate_mw,False
EIA-860,Newman Solar LLC,TX,,10.5,nameplate_mw,False
EIA-860,City of Burlington - (KS),KS,,10.4,nameplate_mw,False
EIA-860,Central Oregon Irrigation Dist,OR,,10.4,nameplate_mw,False
EIA-860,Rhode Island Hospital,RI,,10.4,nameplate_mw,False
EIA-860,"Stamford Health Systems, Inc.",CT,,10.4,nameplate_mw,False
EIA-860,City of Sterling - (KS),KS,,10.3,nameplate_mw,False
EIA-860,"SunE SPS4, LLC",NM,,10.1,nameplate_mw,False
EIA-860,"SunE SPS5, LLC",NM,,10.1,nameplate_mw,False
EIA-860,The Andersons Albion Ethanol LLC,MI,,10.1,nameplate_mw,False
EIA-860,Atlantic Municipal Utilities (IA),IA,,10.0,nameplate_mw,False
EIA-860,City of Seneca - (SC),SC,,10.0,nameplate_mw,False
EIA-860,CR51 Inc.,OR,,10.0,nameplate_mw,False
EIA-860,Wyandot Solar LLC,OH,,10.0,nameplate_mw,False
EIA-860,White Oak Solar Energy LLC,DE,,10.0,nameplate_mw,False
EIA-860,Ralls Wind Farm LLC,TX,,10.0,nameplate_mw,False
EIA-860,"SunE SPS1, LLC",NM,,10.0,nameplate_mw,False
EIA-860,"SunE SPS2, LLC",NM,,10.0,nameplate_mw,False
EIA-860,"SunE SPS3, LLC",NM,,10.0,nameplate_mw,False
EIA-860,Musselshell Wind Project LLC,MT,,10.0,nameplate_mw,False
EIA-860,Musselshell Wind Project Two LLC,MT,,10.0,nameplate_mw,False
EIA-860,SunE EPE1 LLC,NM,,10.0,nameplate_mw,False
EIA-860,Anderson Wind II LLC,NM,,10.0,nameplate_mw,False
EIA-860,Jett Creek,OR,,10.0,nameplate_mw,False
EIA-860,Benson Creek,OR,,10.0,nameplate_mw,False
EIA-860,Durbin Creek,OR,,10.0,nameplate_mw,False
EIA-860,Prospector,OR,,10.0,nameplate_mw,False
EIA-860,Willow Spring,OR,,10.0,nameplate_mw,False
EIA-860,"Clinton Battery Utility, LLC",OH,,10.0,nameplate_mw,False
EIA-860,Pima Energy Storage System,AZ,,10.0,nameplate_mw,False
EIA-860,"OR Solar 2, LLC",OR,,10.0,nameplate_mw,False
EIA-860,"AES ES GILBERT, LLC",AZ,,10.0,nameplate_mw,False
EIA-860,Imeson Solar Farm LLC,FL,,10.0,nameplate_mw,False
EIA-860,Rush Springs Energy Storage,OK,,10.0,nameplate_mw,False
EIA-860,CBH Lessor LLC,SC,,10.0,nameplate_mw,False
EIA-860,Riley Solar I LLC,OR,,10.0,nameplate_mw,False
EIA-860,Fort Rock Solar IV LLC,OR,,10.0,nameplate_mw,False
EIA-860,"Bishopville Solar II, LLC",SC,,10.0,nameplate_mw,False
EIA-860,"Generate Colchester Fuel Cells, LLC",CT,,10.0,nameplate_mw,False
EIA-860,"Southeastern Solar Farm Fund, LLC",FL GA,,10.0,nameplate_mw,False
EIA-860,SMT Mercedes LLC,TX,,10.0,nameplate_mw,False
EIA-860,SMT Mission LLC,TX,,10.0,nameplate_mw,False
EIA-860,SMT Santa Rosa LLC,TX,,10.0,nameplate_mw,False
EIA-860,SMT Alamo LLC,TX,,10.0,nameplate_mw,False
EIA-860,SMT Bay City LLC,TX,,10.0,nameplate_mw,False
EIA-860,SMT Elsa LLC,TX,,10.0,nameplate_mw,False
EIA-860,SMT Los Fresnos LLC,TX,,10.0,nameplate_mw,False
EIA-860,SMT Harlingen II LLC,TX,,10.0,nameplate_mw,False
EIA-860,SMT Rio Grande I LLC,TX,,10.0,nameplate_mw,False
EIA-860,SMT Rio Grande II LLC,TX,,10.0,nameplate_mw,False
EIA-860,"Lightfoot Solar, LLC",MI,,10.0,nameplate_mw,False
EIA-860,"Surbrook Solar, LLC",MI,,10.0,nameplate_mw,False
EIA-860,Matta Power Station LLC,TX,,10.0,nameplate_mw,False
EIA-860,SMT Dallas LLC,TX,,10.0,nameplate_mw,False
EIA-860,SMT Mission II LLC,TX,,10.0,nameplate_mw,False
EIA-860,"Snyder ESS Assets, LLC",TX,,10.0,nameplate_mw,False
EIA-860,"Sweetwater ESS Assets, LLC",TX,,10.0,nameplate_mw,False
EIA-860,"Westover ESS Assets, LLC",TX,,10.0,nameplate_mw,False
EIA-860,Waste Management Inc,PA,,9.9,nameplate_mw,False
EIA-860,"Threemile Canyon Wind I, LLC",OR,,9.9,nameplate_mw,False
EIA-860,Broadview Energy Prime LLC,NM,,9.9,nameplate_mw,False
EIA-860,Broadview Energy Prime 2 LLC,NM,,9.9,nameplate_mw,False
EIA-860,Rabbit Hill Energy Storage Project,TX,,9.9,nameplate_mw,False
EIA-860,Sikorsky Aircraft Corporation,CT,,9.9,nameplate_mw,False
EIA-860,Galactic Wind,WI,,9.9,nameplate_mw,False
EIA-860,"Starvation Solar I, LLC",OR,,9.9,nameplate_mw,False
EIA-860,"Fort Rock Solar I, LLC",OR,,9.9,nameplate_mw,False
EIA-860,Pittsfiled Solar LLC,ME,,9.9,nameplate_mw,False
EIA-860,Flower Valley,TX,,9.9,nameplate_mw,False
EIA-860,Swoose,TX,,9.9,nameplate_mw,False
EIA-860,SBESS TX7 LLC,TX,,9.9,nameplate_mw,False
EIA-860,SBESS TX5 LLC,TX,,9.9,nameplate_mw,False
EIA-860,"Texas Bluebonnet Solar Partners, LLC",TX,,9.9,nameplate_mw,False
EIA-860,Regis Continental LLC,TX,,9.9,nameplate_mw,False
EIA-860,Regis Gregory LLC,TX,,9.9,nameplate_mw,False
EIA-860,Regis Palacios LLC,TX,,9.9,nameplate_mw,False
EIA-860,Regis Carrizo Springs LLC,TX,,9.9,nameplate_mw,False
EIA-860,Regis Goodwin LLC,TX,,9.9,nameplate_mw,False
EIA-860,Regis Hearn LLC,TX,,9.9,nameplate_mw,False
EIA-860,Regis Mason LLC,TX,,9.9,nameplate_mw,False
EIA-860,Regis Monte Cristo LLC,TX,,9.9,nameplate_mw,False
EIA-860,Regis Muenster LLC,TX,,9.9,nameplate_mw,False
EIA-860,Regis Sinton-Pirate LLC,TX,,9.9,nameplate_mw,False
EIA-860,Regis Falfurrias LLC,TX,,9.9,nameplate_mw,False
EIA-860,City of Bellevue - (IA),IA,,9.8,nameplate_mw,False
EIA-860,City of Montezuma - (IA),IA,,9.8,nameplate_mw,False
EIA-860,City of Marshall - (MI),MI,,9.8,nameplate_mw,False
EIA-860,Montana Dept-Natural Res&Consv,MT,,9.7,nameplate_mw,False
EIA-860,"Cycle Holdings, LLC",MT,,9.7,nameplate_mw,False
EIA-860,Maverick Cty Water Control & Improvement,TX,,9.6,nameplate_mw,False
EIA-860,"Uwharrie Mountain Renewable Energy, LLC",NC,,9.6,nameplate_mw,False
EIA-860,LMS Energy USA LLC,FL,,9.6,nameplate_mw,False
EIA-860,"GDIM 1, LLC",RI,,9.6,nameplate_mw,False
EIA-860,"GDIM 2, LLC",RI,,9.6,nameplate_mw,False
EIA-860,"GDIM 3, LLC",RI,,9.6,nameplate_mw,False
EIA-860,"GDIM 4, LLC",RI,,9.6,nameplate_mw,False
EIA-860,Caterpillar Inc,IN,,9.5,nameplate_mw,False
EIA-860,New London Municipal Utilities - (IA),IA,,9.5,nameplate_mw,False
EIA-860,City of Belleville - (KS),KS,,9.4,nameplate_mw,False
EIA-860,City of New Roads - (LA),LA,,9.4,nameplate_mw,False
EIA-860,Horseshoe Bend Hydroelectric Co,ID,,9.4,nameplate_mw,False
EIA-860,City of Tipton - (IA),IA,,9.3,nameplate_mw,False
EIA-860,Tesoro Refining and Marketing Co LLC,ND,,9.3,nameplate_mw,False
EIA-860,City of Wilton - (IA),IA,,9.2,nameplate_mw,False
EIA-860,City of Mulvane - (KS),KS,,9.2,nameplate_mw,False
EIA-860,Patheon Manufacturing Service LLC,NC,,9.2,nameplate_mw,False
EIA-860,City Of High Point - (NC),NC,,9.2,nameplate_mw,False
EIA-860,Smithfield Packaged Meats Corp (Kinston),NC,,9.2,nameplate_mw,False
EIA-860,BD Solar Oxford LLC,ME,,9.2,nameplate_mw,False
EIA-860,City of Minneapolis - (KS),KS,,9.1,nameplate_mw,False
EIA-860,City of Kingfisher - (OK),OK,,9.1,nameplate_mw,False
EIA-860,"Pisgah Mountain, LLC",ME,,9.1,nameplate_mw,False
EIA-860,City of Pawhuska - (OK),OK,,9.0,nameplate_mw,False
EIA-860,Baptist Memorial Hospital,FL,,9.0,nameplate_mw,False
EIA-860,John Deere Dubuque Works,IA,,9.0,nameplate_mw,False
EIA-860,Marysville Hydro Partners,ID,,9.0,nameplate_mw,False
EIA-860,Cox Operating LLC,LA,,9.0,nameplate_mw,False
EIA-860,PaTu Wind Farm LLC,OR,,9.0,nameplate_mw,False
EIA-860,"SR Washington I, LLC",TN,,9.0,nameplate_mw,False
EIA-860,"SunE B9 Holdings, LLC",NC,,9.0,nameplate_mw,False
EIA-860,City of Lincoln Center - (KS),KS,,8.8,nameplate_mw,False
EIA-860,City of Memphis - (MO),MO,,8.8,nameplate_mw,False
EIA-860,Grundy Center Mun Light & Power,IA,,8.7,nameplate_mw,False
EIA-860,City of Unionville - (MO),MO,,8.7,nameplate_mw,False
EIA-860,City of Broken Bow - (NE),NE,,8.7,nameplate_mw,False
EIA-860,GE Wind Energy LLC,TX,,8.7,nameplate_mw,False
EIA-860,City of Stockton - (KS),KS,,8.6,nameplate_mw,False
EIA-860,McCallum Enterprises I LP,CT,,8.6,nameplate_mw,False
EIA-860,Tesoro Alaska Company LLC,AK,,8.6,nameplate_mw,False
EIA-860,Crestwood Corp,AL,,8.6,nameplate_mw,False
EIA-860,CityCenter Land LLC,NV,,8.6,nameplate_mw,False
EIA-860,City of Bloomfield - (IA),IA,,8.5,nameplate_mw,False
EIA-860,City of Ellinwood - (KS),KS,,8.5,nameplate_mw,False
EIA-860,Boise Cascade Wood Products LLC,OR,,8.5,nameplate_mw,False
EIA-860,"Athens Energy, LLC",ME,,8.5,nameplate_mw,False
EIA-860,Ingredion Inc - Winston Salem,NC,,8.4,nameplate_mw,False
EIA-860,"Cassia Wind Farm, LLC",ID,,8.4,nameplate_mw,False
EIA-860,Anaergia,NC RI,,8.4,nameplate_mw,False
EIA-860,City of New Lisbon (WI),WI,,8.3,nameplate_mw,False
EIA-860,Adams PV Plant (WI),WI,,8.3,nameplate_mw,False
EIA-860,"Redfield Energy, LLC",SD,,8.3,nameplate_mw,False
EIA-860,City of Meade - (KS),KS,,8.2,nameplate_mw,False
EIA-860,City of Sturgis - (MI),MI,,8.2,nameplate_mw,False
EIA-860,Amalgamated Sugar Co-Nampa,ID,,8.2,nameplate_mw,False
EIA-860,Jefferson Solar,SC,,8.2,nameplate_mw,False
EIA-860,"Northbrook Carolina Hydro II, LLC",NC SC,,8.1,nameplate_mw,False
EIA-860,Weber Basin Water Conserv Dist,UT,,8.1,nameplate_mw,False
EIA-860,City of Columbus - (OH),OH,,8.1,nameplate_mw,False
EIA-860,"Delta Solar Power I, LLC",MI,,8.1,nameplate_mw,False
EIA-860,"SREOG ME Credit Seller 2, LLC",ME,,8.1,nameplate_mw,False
EIA-860,Farmington River Power Company,CT,,8.0,nameplate_mw,False
EIA-860,City of Kimball - (NE),NE,,8.0,nameplate_mw,False
EIA-860,City of Marceline - (MO),MO,,8.0,nameplate_mw,False
EIA-860,South Forks Joint Venture,ID,,8.0,nameplate_mw,False
EIA-860,Pioneer Crossing Energy LLC,PA,,8.0,nameplate_mw,False
EIA-860,Enfinity BNB Napoleon Solar LLC,OH,,8.0,nameplate_mw,False
EIA-860,Junction Hilltop Management LLC,IA,,8.0,nameplate_mw,False
EIA-860,"Selmer North Solar II, LLC",TN,,8.0,nameplate_mw,False
EIA-860,BC Solar,OR,,8.0,nameplate_mw,False
EIA-860,Philadelphia Authority for Industrial Development,PA,,8.0,nameplate_mw,False
EIA-860,Kearsarge Smithfield LLC,RI,,8.0,nameplate_mw,False
EIA-860,City of Manning - (IA),IA,,7.9,nameplate_mw,False
EIA-860,Emcor Energy Services,NH,,7.9,nameplate_mw,False
EIA-860,City of Woodsfield - (OH),OH,,7.8,nameplate_mw,False
EIA-860,East. Michigan Univ. Heating Plant,MI,,7.8,nameplate_mw,False
EIA-860,"POET Biorefining - Marion, LLC",OH,,7.8,nameplate_mw,False
EIA-860,Seadrift Coke L P,TX,,7.6,nameplate_mw,False
EIA-860,Placid Refining Co LLC,LA,,7.6,nameplate_mw,False
EIA-860,"Pixelle Specialty Solution, LLC",WI,,7.6,nameplate_mw,False
EIA-860,"SR Enterprise South, LLC",TN,,7.6,nameplate_mw,False
EIA-860,Landfill Energy Systems,IN,,7.6,nameplate_mw,False
EIA-860,City of Laurens - (IA),IA,,7.5,nameplate_mw,False
EIA-860,City of La Crosse - (KS),KS,,7.5,nameplate_mw,False
EIA-860,Truckee Meadows Water Authority,NV,,7.5,nameplate_mw,False
EIA-860,University of Northern Iowa,IA,,7.5,nameplate_mw,False
EIA-860,Co-Generation Co,OR,,7.5,nameplate_mw,False
EIA-860,Co-Gen II,OR,,7.5,nameplate_mw,False
EIA-860,Louisiana Tech University,LA,,7.5,nameplate_mw,False
EIA-860,Tiber Montana LLC,MT,,7.5,nameplate_mw,False
EIA-860,Otter Creek Ethanol LLC - Poet Ashton,IA,,7.5,nameplate_mw,False
EIA-860,Carolina Solar Energy LLC,NC,,7.5,nameplate_mw,False
EIA-860,"Dorena Hydro, LLC",OR,,7.5,nameplate_mw,False
EIA-860,Triple Butte,TX,,7.5,nameplate_mw,False
EIA-860,"Perendale Holdings, LLC",NC,,7.5,nameplate_mw,False
EIA-860,"SR Maryville East, LLC",TN,,7.5,nameplate_mw,False
EIA-860,City of Kahoka - (MO),MO,,7.4,nameplate_mw,False
EIA-860,City of Fennimore - (WI),WI,,7.4,nameplate_mw,False
EIA-860,Tate & Lyle Ingredients Americas Inc,IN,,7.4,nameplate_mw,False
EIA-860,Doyon Utilities - Fort Greely,AK,,7.4,nameplate_mw,False
EIA-860,The University of Utah,UT,,7.4,nameplate_mw,False
EIA-860,"Groton Station Fuel Cell, LLC",CT,,7.4,nameplate_mw,False
EIA-860,City of Lowell - (MI),MI,,7.3,nameplate_mw,False
EIA-860,City of Piggott - (AR),AR,,7.2,nameplate_mw,False
EIA-860,Cascade Municipal Utilities - (IA),IA,,7.2,nameplate_mw,False
EIA-860,City of Gallatin - (MO),MO,,7.2,nameplate_mw,False
EIA-860,Merimil Ltd Partnership,ME,,7.2,nameplate_mw,False
EIA-860,Tooele Army Depot,UT,,7.2,nameplate_mw,False
EIA-860,Georgia-Pacific Wood Products LLC,MS,,7.2,nameplate_mw,False
EIA-860,BD Solar Augusta LLC,ME,,7.2,nameplate_mw,False
EIA-860,City of State Center - (IA),IA,,7.1,nameplate_mw,False
EIA-860,City of Stuart - (IA),IA,,7.1,nameplate_mw,False
EIA-860,City of Osborne - (KS),KS,,7.1,nameplate_mw,False
EIA-860,Block Island Utility District,RI,,7.1,nameplate_mw,False
EIA-860,City of Tecumseh - (NE),NE,,7.0,nameplate_mw,False
EIA-860,Metlakatla Power & Light,AK,,7.0,nameplate_mw,False
EIA-860,Bowersock Mills & Power Co,KS,,7.0,nameplate_mw,False
EIA-860,Dartmouth College,NH,,7.0,nameplate_mw,False
EIA-860,Cardinal Solar LLC,SC,,7.0,nameplate_mw,False
EIA-860,BD Solar Hancock LLC,ME,,7.0,nameplate_mw,False
EIA-860,BD Solar 2 LLC,ME,,7.0,nameplate_mw,False
EIA-860,BD Solar Hancock North LLC,ME,,7.0,nameplate_mw,False
EIA-860,"SE Municipal Iowa, LLC",IA,,7.0,nameplate_mw,False
EIA-860,City of Hill City -(KS),KS,,6.9,nameplate_mw,False
EIA-860,Rice University,TX,,6.9,nameplate_mw,False
EIA-860,City of Gastonia - (NC),NC,,6.9,nameplate_mw,False
EIA-860,"Creston Ridge II, LLC",NE,,6.9,nameplate_mw,False
EIA-860,"Perennial Wind, LLC",NE,,6.9,nameplate_mw,False
EIA-860,City of Corning - (IA),IA,,6.8,nameplate_mw,False
EIA-860,City of St. John - (KS),KS,,6.8,nameplate_mw,False
EIA-860,"Creston Ridge, LLC",NE,,6.8,nameplate_mw,False
EIA-860,"SR Paris, LLC",TN,,6.8,nameplate_mw,False
EIA-860,City of West Bend - (IA),IA,,6.7,nameplate_mw,False
EIA-860,Louisiana Sugar Refining LLC,LA,,6.7,nameplate_mw,False
EIA-860,City of Elroy - (WI),WI,,6.6,nameplate_mw,False
EIA-860,"Inside Passage Elec Coop, Inc",AK,,6.6,nameplate_mw,False
EIA-860,Albuquerque City of,NM,,6.6,nameplate_mw,False
EIA-860,Riverview Energy Systems,MI,,6.6,nameplate_mw,False
EIA-860,Westward Seafoods Inc,AK,,6.6,nameplate_mw,False
EIA-860,City of Milford - (IA),IA,,6.5,nameplate_mw,False
EIA-860,Snowbird Corporation,UT,,6.5,nameplate_mw,False
EIA-860,Reworld Indianapolis Inc,IN,,6.5,nameplate_mw,False
EIA-860,White Rock Road LLC,RI,,6.5,nameplate_mw,False
EIA-860,"Autoliv ASP, Inc.",UT,,6.5,nameplate_mw,False
EIA-860,"SR Lexington, LLC",TN,,6.5,nameplate_mw,False
EIA-860,"SR Trezevant, LLC",TN,,6.5,nameplate_mw,False
EIA-860,City of Salisbury - (MO),MO,,6.4,nameplate_mw,False
EIA-860,Landfill Energy Systems Florida,FL,,6.4,nameplate_mw,False
EIA-860,Open Mountain Energy LLC.,NV,,6.4,nameplate_mw,False
EIA-860,City of Sibley - (IA),IA,,6.3,nameplate_mw,False
EIA-860,City of Norway - (MI),MI,,6.3,nameplate_mw,False
EIA-860,Douglas County Forest Products - (OR),OR,,6.3,nameplate_mw,False
EIA-860,Messalonskee Stream Hydro LLC,ME,,6.2,nameplate_mw,False
EIA-860,Tamarack Energy,ID,,6.2,nameplate_mw,False
EIA-860,Neenah Paper Michigan Inc.,MI,,6.2,nameplate_mw,False
EIA-860,Stimson Lumber Company,ID,,6.2,nameplate_mw,False
EIA-860,City of Lenox - (IA),IA,,6.1,nameplate_mw,False
EIA-860,POET Biorefining- Shelbyville,IN,,6.1,nameplate_mw,False
EIA-860,University of Montana,MT,,6.1,nameplate_mw,False
EIA-860,City of Oberlin - (KS),KS,,6.0,nameplate_mw,False
EIA-860,City of Crete - (NE),NE,,6.0,nameplate_mw,False
EIA-860,City of Johnson - (KS),KS,,6.0,nameplate_mw,False
EIA-860,Toledo Refining Company,OH,,6.0,nameplate_mw,False
EIA-860,Shepherd Center,GA,,6.0,nameplate_mw,False
EIA-860,City of Fort Pierre - (SD),SD,,6.0,nameplate_mw,False
EIA-860,Village of Genoa - (OH),OH,,6.0,nameplate_mw,False
EIA-860,"LKL BLBD, LLC",FL,,6.0,nameplate_mw,False
EIA-860,City of Washington - (UT),UT,,6.0,nameplate_mw,False
EIA-860,"Bio Town Biogas, LLC",IN,,6.0,nameplate_mw,False
EIA-860,Farmers Electric Coop - (IA),IA,,6.0,nameplate_mw,False
EIA-860,Kenyon Energy KS Solar 1 LLC,KS,,6.0,nameplate_mw,False
EIA-860,"DG South Carolina Solar, LLC",SC,,6.0,nameplate_mw,False
EIA-860,"Energy 49, LLC",AK,,6.0,nameplate_mw,False
EIA-860,Addicus Advisors,ME,,6.0,nameplate_mw,False
EIA-860,Bucknell University,PA,,5.9,nameplate_mw,False
EIA-860,Truckee-Carson Irrigation District,NV,,5.8,nameplate_mw,False
EIA-860,City of Madison - (NE),NE,,5.8,nameplate_mw,False
EIA-860,E&E Enterprises LLC,IA,,5.8,nameplate_mw,False
EIA-860,"Generate Fremont Digester, LLC.",MI,,5.8,nameplate_mw,False
EIA-860,City of Red Cloud - (NE),NE,,5.7,nameplate_mw,False
EIA-860,Chalmette Refining LLC,LA,,5.7,nameplate_mw,False
EIA-860,City of Ashland - (KS),KS,,5.6,nameplate_mw,False
EIA-860,City of St Louis - (MI),MI,,5.6,nameplate_mw,False
EIA-860,Pacific Northwest Generating Coop,OR,,5.6,nameplate_mw,False
EIA-860,North Central Power Co Inc,WI,,5.6,nameplate_mw,False
EIA-860,Philadelphia Water Department,PA,,5.6,nameplate_mw,False
EIA-860,Brigham Young Univ Idaho,ID,,5.6,nameplate_mw,False
EIA-860,Groton Fuel Cell 1 LLC,CT,,5.6,nameplate_mw,False
EIA-860,University Of Arkansas,AR,,5.6,nameplate_mw,False
EIA-860,ECP Uptown Campus LLC,PA,,5.6,nameplate_mw,False
EIA-860,"SPPW1, LLC",NE,,5.6,nameplate_mw,False
EIA-860,Augusta Canal Authority,GA,,5.5,nameplate_mw,False
EIA-860,DeKalb Regional Health System,GA,,5.5,nameplate_mw,False
EIA-860,Lowndes County Hospital Authority,GA,,5.5,nameplate_mw,False
EIA-860,Oregon State University,OR,,5.5,nameplate_mw,False
EIA-860,Clemson University - Main Campus,SC,,5.5,nameplate_mw,False
EIA-860,La Porte City Utilities,IA,,5.4,nameplate_mw,False
EIA-860,City of Sumner - (IA),IA,,5.4,nameplate_mw,False
EIA-860,City of Shelby - (OH),OH,,5.4,nameplate_mw,False
EIA-860,City of Coon Rapids -(IA),IA,,5.4,nameplate_mw,False
EIA-860,SunEnergy1,NC,,5.4,nameplate_mw,False
EIA-860,POET Biorefining- Chancellor,SD,,5.4,nameplate_mw,False
EIA-860,Spartanburg Commissioners PW,SC,,5.3,nameplate_mw,False
EIA-860,Marion Solar LLC,IN,,5.3,nameplate_mw,False
EIA-860,GD Richmond Beaver River I LLC,RI,,5.3,nameplate_mw,False
EIA-860,"Solarity Aggregator, LLC",TN,,5.3,nameplate_mw,False
EIA-860,Payson City Corporation,UT,,5.2,nameplate_mw,False
EIA-860,Beaver Falls Municipal Auth - (PA),PA,,5.2,nameplate_mw,False
EIA-860,City of St Francis - (KS),KS,,5.1,nameplate_mw,False
EIA-860,City of Hart Hydro - (MI),MI,,5.1,nameplate_mw,False
EIA-860,City of Oxford - (KS),KS,,5.1,nameplate_mw,False
EIA-860,City of Croswell - (MI),MI,,5.1,nameplate_mw,False
EIA-860,"Northbrook Tuxedo, LLC",NC,,5.0,nameplate_mw,False
EIA-860,"Washington Island El Coop, Inc",WI,,5.0,nameplate_mw,False
EIA-860,Foss Manufacturing Company LLC,NH,,5.0,nameplate_mw,False
EIA-860,Dodge Falls Associates LP,NH,,5.0,nameplate_mw,False
EIA-860,Maine Waste to Energy,ME,,5.0,nameplate_mw,False
EIA-860,Snider Industries Inc,TX,,5.0,nameplate_mw,False
EIA-860,HF Sinclair Parco Refining LLC,WY,,5.0,nameplate_mw,False
EIA-860,"SWVP Alpharetta Owners, LLC",GA,,5.0,nameplate_mw,False
EIA-860,"Cox Companies, LLC",KY,,5.0,nameplate_mw,False
EIA-860,University of Tennessee,TN,,5.0,nameplate_mw,False
EIA-860,Loess Hills Wind Farm LLC,MO,,5.0,nameplate_mw,False
EIA-860,"Hatch Solar Energy Center I, LLC",NM,,5.0,nameplate_mw,False
EIA-860,Cashton Greens Wind Farm LLC,WI,,5.0,nameplate_mw,False
EIA-860,Eli Lilly and Company,IN,,5.0,nameplate_mw,False
EIA-860,Vitro Architectural Glass (PA),PA,,5.0,nameplate_mw,False
EIA-860,Utah State University,UT,,5.0,nameplate_mw,False
EIA-860,Middle Tennessee State University,TN,,5.0,nameplate_mw,False
EIA-860,Vicinity Energy Kansas City,MO,,5.0,nameplate_mw,False
EIA-860,"Port Huron Multimodal Hub, LLC",MI,,5.0,nameplate_mw,False
EIA-860,Owen Solar LLC,NC,,5.0,nameplate_mw,False
EIA-860,Star Solar LLC,NC,,5.0,nameplate_mw,False
EIA-860,"Pamlico Partners Solar, LLC",NC,,5.0,nameplate_mw,False
EIA-860,Anderson Wind I LLC,NM,,5.0,nameplate_mw,False
EIA-860,"Haida Energy, Inc.",AK,,5.0,nameplate_mw,False
EIA-860,Old Mill Solar,OR,,5.0,nameplate_mw,False
EIA-860,The Methodist Hospital,TX,,5.0,nameplate_mw,False
EIA-860,"Wellons Farm, LLC",NC,,5.0,nameplate_mw,False
EIA-860,"Stikeleather Farm, LLC",NC,,5.0,nameplate_mw,False
EIA-860,Current Energy Group,NC,,5.0,nameplate_mw,False
EIA-860,Choco Solar LLC,NC,,5.0,nameplate_mw,False
EIA-860,Albertson Solar LLC,NC,,5.0,nameplate_mw,False
EIA-860,"Cline Solar, LLC",NC,,5.0,nameplate_mw,False
EIA-860,"Conetoe Solar, LLC",NC,,5.0,nameplate_mw,False
EIA-860,"Sugar Run Solar, LLC",NC,,5.0,nameplate_mw,False
EIA-860,Hemlock Solar LLC,NC,,5.0,nameplate_mw,False
EIA-860,HXNAir Solar One LLC,NC,,5.0,nameplate_mw,False
EIA-860,"Trinity Solar, LLC",NC,,5.0,nameplate_mw,False
EIA-860,White Street Renewables LLC,NC,,5.0,nameplate_mw,False
EIA-860,"MC1 Solar Farm, LLC",NC,,5.0,nameplate_mw,False
EIA-860,"Wayne Solar III, LLC",NC,,5.0,nameplate_mw,False
EIA-860,"Wayne Solar II, LLC",NC,,5.0,nameplate_mw,False
EIA-860,"Duplin Solar I, LLC",NC,,5.0,nameplate_mw,False
EIA-860,"Wayne Solar I, LLC",NC,,5.0,nameplate_mw,False
EIA-860,Wind Colebrook South,CT,,5.0,nameplate_mw,False
EIA-860,"Thigpen Solar, LLC",NC,,5.0,nameplate_mw,False
EIA-860,"Violet Solar, LLC",NC,,5.0,nameplate_mw,False
EIA-860,Edenton Solar,NC,,5.0,nameplate_mw,False
EIA-860,Scenic Hill Solar III LLC,AR,,5.0,nameplate_mw,False
EIA-860,"SR Meridian II, LLC",MS,,5.0,nameplate_mw,False
EIA-860,C2 Starratt Solar LLC,FL,,5.0,nameplate_mw,False
EIA-860,"Plott Hound Solar, LLC",NC,,5.0,nameplate_mw,False
EIA-860,"Carolina Lily Solar, LLC",NC,,5.0,nameplate_mw,False
EIA-860,"Ray Wilson Solar, LLC",NC,,5.0,nameplate_mw,False
EIA-860,South Energy Investments LLC,CT,,5.0,nameplate_mw,False
EIA-860,"1001 Ebenezer Church Solar, LLC",NC,,5.0,nameplate_mw,False
EIA-860,"Lang Solar Farm, LLC",NC,,5.0,nameplate_mw,False
EIA-860,POET Biorefining - Jewell,IA,,5.0,nameplate_mw,False
EIA-860,BD Solar Fairfield LLC,ME,,5.0,nameplate_mw,False
EIA-860,POET Biorefining LLC - Corning,IA,,5.0,nameplate_mw,False
EIA-860,POET Biorefining - Gowrie,IA,,5.0,nameplate_mw,False
EIA-860,"Harrison Solar, LLC",NC,,5.0,nameplate_mw,False
EIA-860,BD Solar Palmyra LLC,ME,,5.0,nameplate_mw,False
EIA-860,"Moore Solar, LLC",NC,,5.0,nameplate_mw,False
EIA-860,"Norridgewock River Road Solar, LLC",ME,,5.0,nameplate_mw,False
EIA-860,"Maine DG Solar Baldwin, LLC",ME,,5.0,nameplate_mw,False
EIA-860,"Maine DG Solar Monmouth, LLC",ME,,5.0,nameplate_mw,False
EIA-860,Kearsarge West Shore Solar LLC,RI,,5.0,nameplate_mw,False
EIA-860,"Cathcart Solar, LLC",NC,,5.0,nameplate_mw,False
EIA-860,"Spring Hope Solar 2, LLC",NC,,5.0,nameplate_mw,False
EIA-860,"Moyer Solar, LLC",NC,,5.0,nameplate_mw,False
EIA-860,"Beckwith Solar, LLC",NC,,5.0,nameplate_mw,False
EIA-860,"Arthur Solar 2, LLC",NC,,5.0,nameplate_mw,False
EIA-860,"Whiskey Solar, LLC",NC,,5.0,nameplate_mw,False
EIA-860,BAP Grounded 2 LLC,ME,,5.0,nameplate_mw,False
EIA-860,"Henry Gibson Solar, LLC",NC,,5.0,nameplate_mw,False
EIA-860,"Byrne Solar, LLC",MI,,5.0,nameplate_mw,False
EIA-860,"Overlook Solar Partners, LLC",ME,,5.0,nameplate_mw,False
EIA-860,"Green Mile Solar, LLC",ME,,5.0,nameplate_mw,False
EIA-860,"Tower Solar Partners, LLC",ME,,5.0,nameplate_mw,False
EIA-860,"Shining Solar Partners, LLC",ME,,5.0,nameplate_mw,False
EIA-860,"Hayworth Solar Partners, LLC",ME,,5.0,nameplate_mw,False
EIA-860,Penobscot Narrows Solar I LLC,ME,,5.0,nameplate_mw,False
EIA-860,MEVS Clark LLC,ME,,5.0,nameplate_mw,False
EIA-860,"WSD Coventry, LLC",RI,,5.0,nameplate_mw,False
EIA-860,City of Stafford - (KS),KS,,4.9,nameplate_mw,False
EIA-860,City of Pender - (NE),NE,,4.9,nameplate_mw,False
EIA-860,Vitro Architectural Glass,TX,,4.9,nameplate_mw,False
EIA-860,"Bearford Solar II, LLC",NC,,4.9,nameplate_mw,False
EIA-860,Duke Energy Florida Solar Solutions,FL,,4.9,nameplate_mw,False
EIA-860,Lockheed Martin RMS,FL,,4.9,nameplate_mw,False
EIA-860,AGA TAG Solar IV LLC,NC,,4.9,nameplate_mw,False
EIA-860,"1009 Yadkin Solar, LLC",NC,,4.9,nameplate_mw,False
EIA-860,"1008 Matthews Solar, LLC",NC,,4.9,nameplate_mw,False
EIA-860,"1045 Tomlin Mill Solar, LLC",NC,,4.9,nameplate_mw,False
EIA-860,"Meadowlark Solar, LLC",NC,,4.9,nameplate_mw,False
EIA-860,"Nash 97 Solar 2, LLC",NC,,4.9,nameplate_mw,False
EIA-860,"Nickelson Solar 2, LLC",NC,,4.9,nameplate_mw,False
EIA-860,"Siler City Solar 2, LLC",NC,,4.9,nameplate_mw,False
EIA-860,"Bo Biggs Solar, LLC",NC,,4.9,nameplate_mw,False
EIA-860,"Solar Lee, LLC",NC,,4.9,nameplate_mw,False
EIA-860,"Acme Solar, LLC",NC,,4.9,nameplate_mw,False
EIA-860,"Swansboro Solar, LLC",NC,,4.9,nameplate_mw,False
EIA-860,"1034 Catherine Lake Solar, LLC",NC,,4.9,nameplate_mw,False
EIA-860,"Maine DG Solar Harmony, LLC",ME,,4.9,nameplate_mw,False
EIA-860,"Arctaris Saddleback Solar, LLC",ME,,4.9,nameplate_mw,False
EIA-860,"NextGrid Peppertree, LLC",ME,,4.9,nameplate_mw,False
EIA-860,Dublin Street LLC,ME,,4.9,nameplate_mw,False
EIA-860,"Maine DG Solar Pittsfield, LLC",ME,,4.9,nameplate_mw,False
EIA-860,"Entegrity Solar ADC, LLC",AR,,4.9,nameplate_mw,False
EIA-860,"REC RWD, LLC",ME,,4.9,nameplate_mw,False
EIA-860,Ergon Refining Inc,MS,,4.8,nameplate_mw,False
EIA-860,Central Michigan University,MI,,4.8,nameplate_mw,False
EIA-860,"TMF-RIG, LLC",OR,,4.8,nameplate_mw,False
EIA-860,Finley BioEnergy LLC,OR,,4.8,nameplate_mw,False
EIA-860,Dessie Solar Center LLC,NC,,4.8,nameplate_mw,False
EIA-860,BearPond Solar Center LLC,NC,,4.8,nameplate_mw,False
EIA-860,Shankle Solar Center LLC,NC,,4.8,nameplate_mw,False
EIA-860,Graham Solar Center LLC,NC,,4.8,nameplate_mw,False
EIA-860,"ACE-Stanton, LLC",FL,,4.8,nameplate_mw,False
EIA-860,"SR Greenville I, LLC",TN,,4.8,nameplate_mw,False
EIA-860,"SR Greenville II, LLC",TN,,4.8,nameplate_mw,False
EIA-860,"REV LNG SSL BC, LLC",PA,,4.8,nameplate_mw,False
EIA-860,"SR Clarksville II, LLC",TN,,4.8,nameplate_mw,False
EIA-860,"SR Byhalia, LLC",MS,,4.8,nameplate_mw,False
EIA-860,"SR Panola II, LLC",MS,,4.8,nameplate_mw,False
EIA-860,"SR Panola I, LLC",MS,,4.8,nameplate_mw,False
EIA-860,"SR Monroe, LLC",TN,,4.8,nameplate_mw,False
EIA-860,"SR West Marshall, LLC",MS,,4.8,nameplate_mw,False
EIA-860,"KSI III Consolidated, LLC",OR,,4.8,nameplate_mw,False
EIA-860,New Mexico State University,NM,,4.7,nameplate_mw,False
EIA-860,Pasadena Refining System Inc,TX,,4.7,nameplate_mw,False
EIA-860,Broshco Fabricated Products,OH,,4.7,nameplate_mw,False
EIA-860,"1073 Onslow Solar, LLC",NC,,4.7,nameplate_mw,False
EIA-860,Captona Kilvert Street Warwick LLC,RI,,4.7,nameplate_mw,False
EIA-860,"EnLink Processing Services, LLC",LA,,4.7,nameplate_mw,False
EIA-860,City of Brooklyn - (IA),IA,,4.6,nameplate_mw,False
EIA-860,Piedmont Athens Regional Medical Center,GA,,4.6,nameplate_mw,False
EIA-860,Frito Lay Incorporated Dayville,CT,,4.6,nameplate_mw,False
EIA-860,The Medical Center Company,OH,,4.6,nameplate_mw,False
EIA-860,"NextGrid Mastic, LLC",ME,,4.6,nameplate_mw,False
EIA-860,"NextGrid Mangrove, LLC",ME,,4.6,nameplate_mw,False
EIA-860,"NextGrid Bitterbush, LLC",ME,,4.6,nameplate_mw,False
EIA-860,"NextGrid Corkwood, LLC",ME,,4.6,nameplate_mw,False
EIA-860,City of Panora - (IA),IA,,4.5,nameplate_mw,False
EIA-860,Corewell Health Dearborn Campus,MI,,4.5,nameplate_mw,False
EIA-860,City of Omaha - (NE),NE,,4.5,nameplate_mw,False
EIA-860,Gaylord Entertainment Co,TN,,4.5,nameplate_mw,False
EIA-860,"Valley Queen Cheese Factory, Inc.",SD,,4.5,nameplate_mw,False
EIA-860,Fairfield University,CT,,4.5,nameplate_mw,False
EIA-860,CPV Beaver Ridge Wind LLC,ME,,4.5,nameplate_mw,False
EIA-860,Fox Island Wind LLC,ME,,4.5,nameplate_mw,False
EIA-860,Cooper Hatchery Inc.,OH,,4.5,nameplate_mw,False
EIA-860,Haviland Plastic Products Co,OH,,4.5,nameplate_mw,False
EIA-860,Sophie Solar LLC,NC,,4.5,nameplate_mw,False
EIA-860,"WED Coventry Two, LLC",RI,,4.5,nameplate_mw,False
EIA-860,Narragansett Bay Commission,RI,,4.5,nameplate_mw,False
EIA-860,"Shoe Show, Inc.",NC,,4.5,nameplate_mw,False
EIA-860,"Findlay Wind 19, LLC",OH,,4.5,nameplate_mw,False
EIA-860,"Marion Wind 23, LLC",OH,,4.5,nameplate_mw,False
EIA-860,"Greenville Wind 26, LLC",OH,,4.5,nameplate_mw,False
EIA-860,"Findlay Wind 30, LLC",OH,,4.5,nameplate_mw,False
EIA-860,"Paulding Wind 28, LLC",OH,,4.5,nameplate_mw,False
EIA-860,"Sweet Tea Solar, LLC",NC,,4.5,nameplate_mw,False
EIA-860,"Milo CSG, LLC",ME,,4.5,nameplate_mw,False
EIA-860,"Sandusky Wind 33, LLC",OH,,4.5,nameplate_mw,False
EIA-860,Heimlich Solar Partners LLC,DE,,4.5,nameplate_mw,False
EIA-860,Manville Hill Road Solar LLC,RI,,4.5,nameplate_mw,False
EIA-860,City of West Point - (NE),NE,,4.4,nameplate_mw,False
EIA-860,City of Durant - (IA),IA,,4.4,nameplate_mw,False
EIA-860,General Electric Co,PA,,4.4,nameplate_mw,False
EIA-860,Farmer's Irrigation District,OR,,4.4,nameplate_mw,False
EIA-860,"Outback Solar, LLC",OR,,4.4,nameplate_mw,False
EIA-860,Jordan Hydroelectric LTD PTP,NC,,4.4,nameplate_mw,False
EIA-860,"Nelson Gardens Energy, LLC",TX,,4.4,nameplate_mw,False
EIA-860,"Luminace Solar Georgia 2, LLC",GA,,4.4,nameplate_mw,False
EIA-860,"SR Jonesborough II, LLC",TN,,4.4,nameplate_mw,False
EIA-860,"BESSP1, LLC.",TX,,4.4,nameplate_mw,False
EIA-860,City of Stanberry - (MO),MO,,4.3,nameplate_mw,False
EIA-860,Deschutes Valley Water District,OR,,4.3,nameplate_mw,False
EIA-860,Danbury Hospital,CT,,4.3,nameplate_mw,False
EIA-860,Green Cow Power LLC,IN,,4.3,nameplate_mw,False
EIA-860,"GD Johnson Scituate I, LLC",RI,,4.3,nameplate_mw,False
EIA-860,"SR Albany, LLC",TN,,4.3,nameplate_mw,False
EIA-860,Bancroft Municipal Utilities - (IA),IA,,4.2,nameplate_mw,False
EIA-860,"Garkane Energy Coop, Inc",UT,,4.2,nameplate_mw,False
EIA-860,Essex Hydro Associates LLC,ME,,4.2,nameplate_mw,False
EIA-860,Tenet Hospital Ltd,TX,,4.2,nameplate_mw,False
EIA-860,Mississippi Baptist Medical,MS,,4.2,nameplate_mw,False
EIA-860,"Electric Glass Fiber America, LLC.",NC,,4.2,nameplate_mw,False
EIA-860,Cargill Inc,MI,,4.2,nameplate_mw,False
EIA-860,UT West Tennessee Solar Farm,TN,,4.2,nameplate_mw,False
EIA-860,Croda Inc.,DE,,4.2,nameplate_mw,False
EIA-860,Gaston County Solid Waste and Recycling Division,NC,,4.2,nameplate_mw,False
EIA-860,City of Wakefield - (NE),NE,,4.1,nameplate_mw,False
EIA-860,City of Hopkinton - (IA),IA,,4.1,nameplate_mw,False
EIA-860,Bob Jones University,SC,,4.1,nameplate_mw,False
EIA-860,Barber Pool Hydro LLC,ID,,4.1,nameplate_mw,False
EIA-860,"ACE-Stanton A, LLC",FL,,4.1,nameplate_mw,False
EIA-860,City of Alta - (IA),IA,,4.0,nameplate_mw,False
EIA-860,City of Lake Park - (IA),IA,,4.0,nameplate_mw,False
EIA-860,City of Villisca - (IA),IA,,4.0,nameplate_mw,False
EIA-860,City of Burlingame - (KS),KS,,4.0,nameplate_mw,False
EIA-860,City of Cambridge - (NE),NE,,4.0,nameplate_mw,False
EIA-860,City of Grafton - (ND),ND,,4.0,nameplate_mw,False
EIA-860,Albertville Municipal Utilities Board (AL),AL,,4.0,nameplate_mw,False
EIA-860,Hydrodynamics Inc,MT,,4.0,nameplate_mw,False
EIA-860,City of Hillsboro - (ND),ND,,4.0,nameplate_mw,False
EIA-860,Town of Laverne - (OK),OK,,4.0,nameplate_mw,False
EIA-860,City of Pocahontas - (IA),IA,,4.0,nameplate_mw,False
EIA-860,City of Spearfish - (SD),SD,,4.0,nameplate_mw,False
EIA-860,Delaware Electric Cooperative,DE,,4.0,nameplate_mw,False
EIA-860,"Lenape Solar II, LLC",IN,,4.0,nameplate_mw,False
EIA-860,"Leyline Renewable Energy, LLC",NC,,4.0,nameplate_mw,False
EIA-860,"Ashley Solar Farm, LLC",NC,,4.0,nameplate_mw,False
EIA-860,Fort Hays State University,KS,,4.0,nameplate_mw,False
EIA-860,"POET Biorefining-Hanlontown, LLC",IA,,4.0,nameplate_mw,False
EIA-860,North American Central - LLC,MI,,4.0,nameplate_mw,False
EIA-860,City of Scribner (NE),NE,,4.0,nameplate_mw,False
EIA-860,Kearsarge Westerly LLC,RI,,4.0,nameplate_mw,False
EIA-860,"Enfield Solar One, LLC",CT,,4.0,nameplate_mw,False
EIA-860,"East Windsor Solar Two, LLC",CT,,4.0,nameplate_mw,False
EIA-860,"Wyman Hill Solar, LLC",ME,,4.0,nameplate_mw,False
EIA-860,"Nabholz Solar FPS, LLC",AR,,4.0,nameplate_mw,False
EIA-860,"Entegrity Solar LRWRA, LLC",AR,,4.0,nameplate_mw,False
EIA-860,GCC Trident LLC,MT,,4.0,nameplate_mw,False
EIA-860,White Brook Renewables LLC,RI,,4.0,nameplate_mw,False
EIA-860,Hartly Community Energy Initiative LLC,DE,,4.0,nameplate_mw,False
EIA-860,City of Ogden - (IA),IA,,3.9,nameplate_mw,False
EIA-860,City of Burwell - (NE),NE,,3.9,nameplate_mw,False
EIA-860,City of Franklin - (NE),NE,,3.9,nameplate_mw,False
EIA-860,City of Abbeville - (SC),SC,,3.9,nameplate_mw,False
EIA-860,City of Bonners Ferry (ID),ID,,3.9,nameplate_mw,False
EIA-860,City of King Cove - (AK),AK,,3.9,nameplate_mw,False
EIA-860,Targa Pipeline Mid-Continent West OK LLC,OK,,3.9,nameplate_mw,False
EIA-860,Southern Idaho Solid Waste,ID,,3.9,nameplate_mw,False
EIA-860,"POET Biorefining - North Manchester, LLC",IN,,3.9,nameplate_mw,False
EIA-860,POET Bioprocessing- Mitchell,SD,,3.9,nameplate_mw,False
EIA-860,Telyon AMZ Windsor LLC,CT,,3.9,nameplate_mw,False
EIA-860,Kearsarge Burrillville LLC,RI,,3.9,nameplate_mw,False
EIA-860,City of Portland - (MI),MI,,3.8,nameplate_mw,False
EIA-860,"ABC Coke - Drummond Co, Inc",AL,,3.8,nameplate_mw,False
EIA-860,Michigan Sugar Company,MI,,3.8,nameplate_mw,False
EIA-860,Eastern Maine Medical Center,ME,,3.8,nameplate_mw,False
EIA-860,Kearsarge SKSC1 LLC,RI,,3.8,nameplate_mw,False
EIA-860,"POET Biorefining Caro, LLC",MI,,3.8,nameplate_mw,False
EIA-860,Limestone CSG 1 LLC,ME,,3.8,nameplate_mw,False
EIA-860,"Sand Point Generating, LLC",AK,,3.7,nameplate_mw,False
EIA-860,Shell Chemical LP,TX,,3.7,nameplate_mw,False
EIA-860,Surprise Valley Electrification,OR,,3.7,nameplate_mw,False
EIA-860,"TRS Fuel Cell, LLC",CT,,3.7,nameplate_mw,False
EIA-860,Cincinnati Zoo & Botanical Garden,OH,,3.7,nameplate_mw,False
EIA-860,City of Preston - (IA),IA,,3.6,nameplate_mw,False
EIA-860,City of La Plata - (MO),MO,,3.6,nameplate_mw,False
EIA-860,City of Wilber - (NE),NE,,3.6,nameplate_mw,False
EIA-860,Town of Lake Lure - (NC),NC,,3.6,nameplate_mw,False
EIA-860,Strawberry Water Users Assn,UT,,3.6,nameplate_mw,False
EIA-860,City of Strawberry Point -(IA),IA,,3.6,nameplate_mw,False
EIA-860,Brassua Hydroelectric LP,ME,,3.6,nameplate_mw,False
EIA-860,Dry Creek LLC,ID,,3.6,nameplate_mw,False
EIA-860,Central Connecticut State University,CT,,3.6,nameplate_mw,False
EIA-860,POET Biorefining - Hudson,SD,,3.6,nameplate_mw,False
EIA-860,"POET Biorefining - Alexandria, LLC.",IN,,3.6,nameplate_mw,False
EIA-860,"Clear Solar I, LLC",NC,,3.6,nameplate_mw,False
EIA-860,"Limelight Solar III, LLC",SC,,3.6,nameplate_mw,False
EIA-860,ME Sandy River LLC,ME,,3.6,nameplate_mw,False
EIA-860,City of Laurel - (NE),NE,,3.5,nameplate_mw,False
EIA-860,Village of Cashton - (WI),WI,,3.5,nameplate_mw,False
EIA-860,KEI (Maine) Power Management (III) LLC,ME,,3.5,nameplate_mw,False
EIA-860,RMQ Ventures LLC,NC,,3.5,nameplate_mw,False
EIA-860,Clean Energy LLC,NC,,3.5,nameplate_mw,False
EIA-860,Sun E N7 Holdings LLC,FL,,3.5,nameplate_mw,False
EIA-860,Walton Electric Member Corp,GA,,3.5,nameplate_mw,False
EIA-860,West Texas A&M University,TX,,3.5,nameplate_mw,False
EIA-860,Cobb Electric Membership Corporation,GA,,3.5,nameplate_mw,False
EIA-860,Fostoria Ethanol,OH,,3.5,nameplate_mw,False
EIA-860,POET Biorefining - Portland,IN,,3.5,nameplate_mw,False
EIA-860,"POET Biorefining - Leipsic, LLC",OH,,3.5,nameplate_mw,False
EIA-860,"Acton H Road Solar 1, LLC",ME,,3.5,nameplate_mw,False
EIA-860,"TPE RI WA1, LLC",RI,,3.5,nameplate_mw,False
EIA-860,"SR Panola III, LLC",MS,,3.5,nameplate_mw,False
EIA-860,"SR Warren, LLC",KY,,3.5,nameplate_mw,False
EIA-860,Poet Bioprocessing Emmetsburg,IA,,3.5,nameplate_mw,False
EIA-860,1519 Crandall Road LLC,RI,,3.5,nameplate_mw,False
EIA-860,"Berwick Hubbard Solar 1, LLC",ME,,3.5,nameplate_mw,False
EIA-860,City of Norwich - (CT),CT,,3.4,nameplate_mw,False
EIA-860,Harlan Municipal Utilities - (IA),IA,,3.4,nameplate_mw,False
EIA-860,City of Curtis - (NE),NE,,3.4,nameplate_mw,False
EIA-860,Village of Oxford - (NE),NE,,3.4,nameplate_mw,False
EIA-860,City of Stuart - (NE),NE,,3.4,nameplate_mw,False
EIA-860,City of Valdosta - (GA),GA,,3.4,nameplate_mw,False
EIA-860,"UIL Distributed Resources, LLC",CT,,3.4,nameplate_mw,False
EIA-860,Brass Mill Center,CT,,3.4,nameplate_mw,False
EIA-860,"TPE RI WA2, LLC",RI,,3.4,nameplate_mw,False
EIA-860,Great Lakes Energy Coop,MI,,3.3,nameplate_mw,False
EIA-860,Middle Fork Irrigation Dist,OR,,3.3,nameplate_mw,False
EIA-860,"Luminace Solar Arizona, LLC",AZ,,3.3,nameplate_mw,False
EIA-860,City of Las Vegas - (NV),NV,,3.3,nameplate_mw,False
EIA-860,Gettysburg Energy and Nutrient Rec Facility LLC,PA,,3.3,nameplate_mw,False
EIA-860,"Cummins, Inc.",NC,,3.3,nameplate_mw,False
EIA-860,"SR Bolivar, LLC",TN,,3.3,nameplate_mw,False
EIA-860,Easton CSG 1 LLC,ME,,3.3,nameplate_mw,False
EIA-860,"Livermore Falls CSG, LLC",ME,,3.3,nameplate_mw,False
EIA-860,"SR Christiana, LLC",TN,,3.3,nameplate_mw,False
EIA-860,City of Ottumwa - (IA),IA,,3.2,nameplate_mw,False
EIA-860,Lower Valley Energy Inc,WY,,3.2,nameplate_mw,False
EIA-860,Emerald People's Utility Dist,OR,,3.2,nameplate_mw,False
EIA-860,Metropolitan Dist of Hartford,CT,,3.2,nameplate_mw,False
EIA-860,Sagepoint Energy,MI,,3.2,nameplate_mw,False
EIA-860,City of Springfield - (MO),MO,,3.2,nameplate_mw,False
EIA-860,Oregon Environmental Industries LLC,OR,,3.2,nameplate_mw,False
EIA-860,Iredell Transmission LLC,NC,,3.2,nameplate_mw,False
EIA-860,Tulsa LFG LLC,OK,,3.2,nameplate_mw,False
EIA-860,Hidden Hollow Energy LLC,ID,,3.2,nameplate_mw,False
EIA-860,Kootenai Renewable Energy LLC,ID,,3.2,nameplate_mw,False
EIA-860,Zeeland Farm Services,MI,,3.2,nameplate_mw,False
EIA-860,Viresco Turtle Lake,WI,,3.2,nameplate_mw,False
EIA-860,Bannock County Landfill - (ID),ID,,3.2,nameplate_mw,False
EIA-860,State Correctnl Inst Laurel Highlands,PA,,3.2,nameplate_mw,False
EIA-860,Lorin Industries,MI,,3.2,nameplate_mw,False
EIA-860,Flathead Electric Coop Inc,MT,,3.2,nameplate_mw,False
EIA-860,"Camco International Group, Inc.",ID,,3.2,nameplate_mw,False
EIA-860,AstraZeneca Pharmaceuticals,DE,,3.2,nameplate_mw,False
EIA-860,Northeastern Power Systems,OH,,3.2,nameplate_mw,False
EIA-860,City of Graettinger - (IA),IA,,3.1,nameplate_mw,False
EIA-860,Mink Creek Hydro Entity,ID,,3.1,nameplate_mw,False
EIA-860,University of Arizona - Biosphere 2,AZ,,3.1,nameplate_mw,False
EIA-860,City of Morganton - (NC),NC,,3.1,nameplate_mw,False
EIA-860,"Macys Corporate Services, Inc",AZ,,3.1,nameplate_mw,False
EIA-860,"SR Houston Holdings, LLC",MS,,3.1,nameplate_mw,False
EIA-860,Kearsarge SKSC2 LLC,RI,,3.1,nameplate_mw,False
EIA-860,"Syncarpha Taos I, LLC",NM,,3.1,nameplate_mw,False
EIA-860,Valley Sun Solar LLC,ME,,3.1,nameplate_mw,False
EIA-860,Kearsarge KWW LLC,RI,,3.1,nameplate_mw,False
EIA-860,City of Sharon Springs - (KS),KS,,3.0,nameplate_mw,False
EIA-860,Sho-Me Power Electric Coop,MO,,3.0,nameplate_mw,False
EIA-860,City of Wisner (NE),NE,,3.0,nameplate_mw,False
EIA-860,Bluestem LLC,NE,,3.0,nameplate_mw,False
EIA-860,City of Nashua - (NH),NH,,3.0,nameplate_mw,False
EIA-860,Errol Hydroelectric Co LLC,NH,,3.0,nameplate_mw,False
EIA-860,Hendricks Regional Health,IN,,3.0,nameplate_mw,False
EIA-860,"600 Peachtree PropCo, LLC",GA,,3.0,nameplate_mw,False
EIA-860,Western Renewable Energy LLC,AZ,,3.0,nameplate_mw,False
EIA-860,MF Mesa Lane LLC,PA,,3.0,nameplate_mw,False
EIA-860,Knouse Food Cooperative Inc,PA,,3.0,nameplate_mw,False
EIA-860,Lime Wind LLC,OR,,3.0,nameplate_mw,False
EIA-860,"Electric Glass Fiber America, LLC",NC,,3.0,nameplate_mw,False
EIA-860,"Dunn Paper East Hartford, LLC",CT,,3.0,nameplate_mw,False
EIA-860,Arkalon Ethanol LLC,KS,,3.0,nameplate_mw,False
EIA-860,EBD Hydro LLC,OR,,3.0,nameplate_mw,False
EIA-860,Amethyst Solar LLC,NC,,3.0,nameplate_mw,False
EIA-860,Audrey Solar LLC,NC,,3.0,nameplate_mw,False
EIA-860,Milo Solar LLC,NC,,3.0,nameplate_mw,False
EIA-860,Minnie Solar LLC,NC,,3.0,nameplate_mw,False
EIA-860,Michelangelo Wind 3 LLC,IA,,3.0,nameplate_mw,False
EIA-860,Port Charlotte Energy LLC,FL,,3.0,nameplate_mw,False
EIA-860,"North American Biofuels, LLC",KY,,3.0,nameplate_mw,False
EIA-860,"Yadkin 601 Farm, LLC",NC,,3.0,nameplate_mw,False
EIA-860,"SunE Solar XVII Project 2, LLC",UT,,3.0,nameplate_mw,False
EIA-860,"SunE Solar XVII Project 1, LLC",UT,,3.0,nameplate_mw,False
EIA-860,"SunEnergy1-Scotland Neck, LLC",NC,,3.0,nameplate_mw,False
EIA-860,"SunE Solar XVII Project 3, LLC",UT,,3.0,nameplate_mw,False
EIA-860,SunE DB24 LLC,UT,,3.0,nameplate_mw,False
EIA-860,"Findlay Wind 20, LLC",OH,,3.0,nameplate_mw,False
EIA-860,Goldfinch (Lakeland),FL,,3.0,nameplate_mw,False
EIA-860,Quichapa 1 LLC,UT,,3.0,nameplate_mw,False
EIA-860,Quichapa 2 LLC,UT,,3.0,nameplate_mw,False
EIA-860,Quichapa 3 LLC,UT,,3.0,nameplate_mw,False
EIA-860,"Findlay Wind 25, LLC",OH,,3.0,nameplate_mw,False
EIA-860,"Haywood Solar, SMLLC",TN,,3.0,nameplate_mw,False
EIA-860,Walton Solar,GA,,3.0,nameplate_mw,False
EIA-860,"WED Green Hill, LLC",RI,,3.0,nameplate_mw,False
EIA-860,"WED Plainfield II, LLC",RI,,3.0,nameplate_mw,False
EIA-860,"WED Plainfield III, LLC",RI,,3.0,nameplate_mw,False
EIA-860,"WED Plainfield, LLC",RI,,3.0,nameplate_mw,False
EIA-860,"WED Shun I, LLC",RI,,3.0,nameplate_mw,False
EIA-860,"WED Shun II, LLC",RI,,3.0,nameplate_mw,False
EIA-860,"WED Shun III, LLC",RI,,3.0,nameplate_mw,False
EIA-860,Beloit Memorial Hospital,WI,,3.0,nameplate_mw,False
EIA-860,"Crown Solar Center, LLC",SC,,3.0,nameplate_mw,False
EIA-860,Bluebird Solar LLC,SC,,3.0,nameplate_mw,False
EIA-860,"Hayes Solar, LLC",NC,,3.0,nameplate_mw,False
EIA-860,"1051 Lucky Solar, LLC",NC,,3.0,nameplate_mw,False
EIA-860,"Luminace Solar Rhode Island, LLC",RI,,3.0,nameplate_mw,False
EIA-860,"WED Coventry Seven, LLC",RI,,3.0,nameplate_mw,False
EIA-860,City of Fredonia - (KS),KS,,3.0,nameplate_mw,False
EIA-860,"Green Providence Wind II, LLC",RI,,3.0,nameplate_mw,False
EIA-860,CHI NV Solar LLC,NV,,3.0,nameplate_mw,False
EIA-860,"SR Brownsville, LLC",TN,,3.0,nameplate_mw,False
EIA-860,Verde Light Community Solar LLC,OR,,3.0,nameplate_mw,False
EIA-860,"Belvedere Solar, LLC",OR,,3.0,nameplate_mw,False
EIA-860,"Chapman Creek Solar, LLC",OR,,3.0,nameplate_mw,False
EIA-860,Pilot Rock Solar 2 LLC,OR,,3.0,nameplate_mw,False
EIA-860,Glenville Hollow Community Energy Initiative LLC,DE,,3.0,nameplate_mw,False
EIA-860,City of Anita - (IA),IA,,2.9,nameplate_mw,False
EIA-860,City of Rockford- (IA),IA,,2.9,nameplate_mw,False
EIA-860,Shoshone Irrigation District,WY,,2.9,nameplate_mw,False
EIA-860,"REUT Origination, LLC",UT,,2.9,nameplate_mw,False
EIA-860,Limestone CSG 2 LLC,ME,,2.9,nameplate_mw,False
EIA-860,"Entegrity Solar WRMC, LLC",AR,,2.9,nameplate_mw,False
EIA-860,City of Ephraim - (UT),UT,,2.8,nameplate_mw,False
EIA-860,Gwitchyaa Zhee Utility Co,AK,,2.8,nameplate_mw,False
EIA-860,Lower Lowline LLC,ID,,2.8,nameplate_mw,False
EIA-860,Des Moines Metro WRF,IA,,2.8,nameplate_mw,False
EIA-860,Littlewood Irrigation District,ID,,2.8,nameplate_mw,False
EIA-860,Plymouth State University,NH,,2.8,nameplate_mw,False
EIA-860,Smithfield Packaged Meats Corp (Wilson),NC,,2.8,nameplate_mw,False
EIA-860,Boise Project Board of Control,ID,,2.8,nameplate_mw,False
EIA-860,F H Stoltze Land & Lumber Co,MT,,2.8,nameplate_mw,False
EIA-860,"ADS Renewable Energy- Wolf Creek, LLC",GA,,2.8,nameplate_mw,False
EIA-860,"BCSB, LLC",NE,,2.8,nameplate_mw,False
EIA-860,"Linkville Solar, LLC",OR,,2.8,nameplate_mw,False
EIA-860,"Hickson Solar, LLC",SC,,2.8,nameplate_mw,False
EIA-860,"Entegrity Solar SWU 2, LLC",AR,,2.8,nameplate_mw,False
EIA-860,"Entegrity Solar UA AG, LLC",AR,,2.8,nameplate_mw,False
EIA-860,ME Fort Fairfield LLC,ME,,2.8,nameplate_mw,False
EIA-860,Pocono International Raceway Inc,PA,,2.7,nameplate_mw,False
EIA-860,"Western Plains Wind, LLC",KS,,2.7,nameplate_mw,False
EIA-860,Galena Electric Utility,AK,,2.6,nameplate_mw,False
EIA-860,Birch Power Co,ID,,2.6,nameplate_mw,False
EIA-860,Haleon PLC,PA,,2.6,nameplate_mw,False
EIA-860,"Pepperidge Farm, Inc.- Bloomfield",CT,,2.6,nameplate_mw,False
EIA-860,"Luminace Solar Arizona 2, LLC",AZ,,2.6,nameplate_mw,False
EIA-860,"PowerFin ASL 1, LLC",TX,,2.6,nameplate_mw,False
EIA-860,"Thunderhead Solar, LLC",NC,,2.6,nameplate_mw,False
EIA-860,"Clayfield Solar, LLC",OR,,2.6,nameplate_mw,False
EIA-860,Waterford Solar LLC,OR,,2.6,nameplate_mw,False
EIA-860,"REG Mason City, LLC",IA,,2.6,nameplate_mw,False
EIA-860,Gowrie Municipal Utilities - (IA),IA,,2.5,nameplate_mw,False
EIA-860,Rock Rapids Municipal Utility - (IA),IA,,2.5,nameplate_mw,False
EIA-860,City of Jetmore -(KS),KS,,2.5,nameplate_mw,False
EIA-860,City of Lyons - (NE),NE,,2.5,nameplate_mw,False
EIA-860,Beaver City Corporation,UT,,2.5,nameplate_mw,False
EIA-860,Morton Salt Inc,OH,,2.5,nameplate_mw,False
EIA-860,Tampa Wastewater Department,FL,,2.5,nameplate_mw,False
EIA-860,Quinebaug Associates LLC,CT,,2.5,nameplate_mw,False
EIA-860,Southeastern Chester County Refuse Auth,PA,,2.5,nameplate_mw,False
EIA-860,Aqua America Inc,PA,,2.5,nameplate_mw,False
EIA-860,Lincoln Electric Company,OH,,2.5,nameplate_mw,False
EIA-860,Chattanooga Metropolitan Airport,TN,,2.5,nameplate_mw,False
EIA-860,TIG Sun Energy I LLC,SC,,2.5,nameplate_mw,False
EIA-860,"CBC Alternative Energy, LLC",NC,,2.5,nameplate_mw,False
EIA-860,"Polk County Renewables, LLC",NE,,2.5,nameplate_mw,False
EIA-860,Arizona State University FDM,AZ,,2.5,nameplate_mw,False
EIA-860,"Lock 12 Hydro Partners, LLC",KY,,2.5,nameplate_mw,False
EIA-860,Cuming County Renewables. LLC,NE,,2.5,nameplate_mw,False
EIA-860,"Cuba 2.5ac, LLC",NM,,2.5,nameplate_mw,False
EIA-860,"Maine DG Solar Augusta, LLC",ME,,2.5,nameplate_mw,False
EIA-860,"Carnes Creek Solar, LLC",OR,,2.5,nameplate_mw,False
EIA-860,"Cosper Creek Solar, LLC",OR,,2.5,nameplate_mw,False
EIA-860,"Sesqui-C Solar, LLC",OR,,2.5,nameplate_mw,False
EIA-860,"SR Franklin, LLC",KY,,2.5,nameplate_mw,False
EIA-860,"SR Forked Deer, LLC",TN,,2.5,nameplate_mw,False
EIA-860,"Gun Club Solar, LLC",OR,,2.5,nameplate_mw,False
EIA-860,"Mars Hill Road Solar Farm, LLC",ME,,2.5,nameplate_mw,False
EIA-860,Zena Solar LLC,OR,,2.5,nameplate_mw,False
EIA-860,"Buckner Creek Solar, LLC",OR,,2.5,nameplate_mw,False
EIA-860,Marvin Composites,ND,,2.5,nameplate_mw,False
EIA-860,City of Sargent - (NE),NE,,2.4,nameplate_mw,False
EIA-860,Town of Edenton - (NC),NC,,2.4,nameplate_mw,False
EIA-860,Metropolitan Sewerage District,NC,,2.4,nameplate_mw,False
EIA-860,Lateral 10 Ventures,ID,,2.4,nameplate_mw,False
EIA-860,"Banyan St./GAP 191 Peachtree Owner, LLC",GA,,2.4,nameplate_mw,False
EIA-860,Sun Trust Plaza Associates LLC,GA,,2.4,nameplate_mw,False
EIA-860,Murphy - Brown LLC,NC,,2.4,nameplate_mw,False
EIA-860,"North American -- Erie, LLC",OH,,2.4,nameplate_mw,False
EIA-860,Wesleyan University,CT,,2.4,nameplate_mw,False
EIA-860,Jemez Cuba LLC,NM,,2.4,nameplate_mw,False
EIA-860,Merrimack Solar Farm,NH,,2.4,nameplate_mw,False
EIA-860,"Suncaster, LLC",NC,,2.4,nameplate_mw,False
EIA-860,Smithfield Solar Farm,RI,,2.4,nameplate_mw,False
EIA-860,Kearsarge Fogland LLC,RI,,2.4,nameplate_mw,False
EIA-860,Tallassee Shoals LLC,GA,,2.3,nameplate_mw,False
EIA-860,City of Argyle - (WI),WI,,2.3,nameplate_mw,False
EIA-860,Crystal Springs Hydro Elec LP,ID,,2.3,nameplate_mw,False
EIA-860,Washington Cnty Wtr Consv Dist,UT,,2.3,nameplate_mw,False
EIA-860,"SunE W12DG-B, LLC",FL,,2.3,nameplate_mw,False
EIA-860,Steel Bridge Solar. LLC,OR,,2.3,nameplate_mw,False
EIA-860,"Somerville Solar, LLC",TN,,2.3,nameplate_mw,False
EIA-860,MC6 Hydro Facility,ID,,2.3,nameplate_mw,False
EIA-860,"SR Trenton, LLC",TN,,2.3,nameplate_mw,False
EIA-860,"Antelope Creek Solar, LLC",OR,,2.3,nameplate_mw,False
EIA-860,Orchard Knob Solar LLC,OR,,2.3,nameplate_mw,False
EIA-860,"Kelly Creek Solar, LLC",OR,,2.3,nameplate_mw,False
EIA-860,Sunset Ridge Solar LLC,OR,,2.3,nameplate_mw,False
EIA-860,"Pedernales Electric Coop, Inc",TX,,2.3,nameplate_mw,False
EIA-860,City of Manti - (UT),UT,,2.2,nameplate_mw,False
EIA-860,City of Dike - (IA),IA,,2.2,nameplate_mw,False
EIA-860,"Pico Energy, LLC",ID,,2.2,nameplate_mw,False
EIA-860,"Mas Durham Power, LLC",NC,,2.2,nameplate_mw,False
EIA-860,Boring Solar LLC,OR,,2.2,nameplate_mw,False
EIA-860,Ballston Solar LLC,OR,,2.2,nameplate_mw,False
EIA-860,Labish Solar LLC,OR,,2.2,nameplate_mw,False
EIA-860,Rafael Solar LLC,OR,,2.2,nameplate_mw,False
EIA-860,Case Creek Solar LLC,OR,,2.2,nameplate_mw,False
EIA-860,Kale Patch Solar LLC,OR,,2.2,nameplate_mw,False
EIA-860,O'Neill Creek Solar LLC,OR,,2.2,nameplate_mw,False
EIA-860,"TLS Capital, Inc",OR,,2.2,nameplate_mw,False
EIA-860,"Middleton Biogas Solar, LLC",WI,,2.2,nameplate_mw,False
EIA-860,"MEVS DOT, LLC",ME,,2.2,nameplate_mw,False
EIA-860,Lock 7 Hydro Partners LLC,KY,,2.1,nameplate_mw,False
EIA-860,Village of Spalding - (NE),NE,,2.1,nameplate_mw,False
EIA-860,KEI (Maine) Power Management (II) LLC,ME,,2.1,nameplate_mw,False
EIA-860,Shorock Hydro Inc,ID,,2.1,nameplate_mw,False
EIA-860,Seven Hills New Hampshire,NH,,2.1,nameplate_mw,False
EIA-860,HQC Rock River Solar Power Generation Station LLC,WI,,2.1,nameplate_mw,False
EIA-860,Lineage Logistics Solar PV - Salem OR,OR,,2.1,nameplate_mw,False
EIA-860,"Burlingame Solar, LLC",OR,,2.1,nameplate_mw,False
EIA-860,Coggon Municipal Light Plant - (IA),IA,,2.0,nameplate_mw,False
EIA-860,City of Primghar - (IA),IA,,2.0,nameplate_mw,False
EIA-860,Unalakleet Valley Elec Coop,AK,,2.0,nameplate_mw,False
EIA-860,Pelican Utility,AK,,2.0,nameplate_mw,False
EIA-860,"Cataract Hydro, LLC",MI,,2.0,nameplate_mw,False
EIA-860,Contango Oil and Gas,WY,,2.0,nameplate_mw,False
EIA-860,Anderson Erickson Dairy,IA,,2.0,nameplate_mw,False
EIA-860,Kindred Public School,ND,,2.0,nameplate_mw,False
EIA-860,First State Marine Wind,DE,,2.0,nameplate_mw,False
EIA-860,The Hankin Group,PA,,2.0,nameplate_mw,False
EIA-860,RockTenn-Battle Creek Mill,MI,,2.0,nameplate_mw,False
EIA-860,Oberlin College,OH,,2.0,nameplate_mw,False
EIA-860,Bonanza BioEnergy LLC,KS,,2.0,nameplate_mw,False
EIA-860,"Gilbert Solar Facility I, LLC",AZ,,2.0,nameplate_mw,False
EIA-860,"East Kansas Agri-Energy, LLC",KS,,2.0,nameplate_mw,False
EIA-860,"Suncore Photovoltaics, Inc",NM,,2.0,nameplate_mw,False
EIA-860,Facile Solar LLC,NC,,2.0,nameplate_mw,False
EIA-860,Robeson County Landfill - (NC),NC,,2.0,nameplate_mw,False
EIA-860,"Neisler Street Solar I, LLC",NC,,2.0,nameplate_mw,False
EIA-860,CoServ Electric,TX,,2.0,nameplate_mw,False
EIA-860,"Green City Recovery, LLC",KY,,2.0,nameplate_mw,False
EIA-860,Catawba Solar LLC,NC,,2.0,nameplate_mw,False
EIA-860,Town of Stafford - (CT),CT,,2.0,nameplate_mw,False
EIA-860,Johnson County Rural E M C,IN,,2.0,nameplate_mw,False
EIA-860,LSE Canis Major LLC,CT,,2.0,nameplate_mw,False
EIA-860,"1634 Solar, LLC",SC,,2.0,nameplate_mw,False
EIA-860,"Bani Solar, LLC",SC,,2.0,nameplate_mw,False
EIA-860,"Panda Solar NC 2, LLC",NC,,2.0,nameplate_mw,False
EIA-860,"Panda Solar NC 3, LLC",NC,,2.0,nameplate_mw,False
EIA-860,"Panda Solar NC 4, LLC",NC,,2.0,nameplate_mw,False
EIA-860,"Panda Solar NC 8, LLC",NC,,2.0,nameplate_mw,False
EIA-860,"Panda Solar NC 9, LLC",NC,,2.0,nameplate_mw,False
EIA-860,"Panda Solar NC 10, LLC",NC,,2.0,nameplate_mw,False
EIA-860,"Panda Solar NC 11, LLC",NC,,2.0,nameplate_mw,False
EIA-860,Ashley Solar (SC),SC,,2.0,nameplate_mw,False
EIA-860,Gaines Solar,SC,,2.0,nameplate_mw,False
EIA-860,Marshall Solar,SC,,2.0,nameplate_mw,False
EIA-860,Tedder Solar,SC,,2.0,nameplate_mw,False
EIA-860,Washington Solar II (SC),SC,,2.0,nameplate_mw,False
EIA-860,Weaver Solar,SC,,2.0,nameplate_mw,False
EIA-860,Runway Solar Farm,SC,,2.0,nameplate_mw,False
EIA-860,"4 Rivers Electric Cooperative, Inc.",KS,,2.0,nameplate_mw,False
EIA-860,MBS TextBook Exchange LLC,MO,,2.0,nameplate_mw,False
EIA-860,Limelight Solar II LLC,SC,,2.0,nameplate_mw,False
EIA-860,ATOOD Solar III LLC,SC,,2.0,nameplate_mw,False
EIA-860,AGA TAG Solar III LLC,SC,,2.0,nameplate_mw,False
EIA-860,"Bonefish Solar, LLC",SC,,2.0,nameplate_mw,False
EIA-860,"Samoset Solar, LLC",ME,,2.0,nameplate_mw,False
EIA-860,"Woodfields Solar, LLC",SC,,2.0,nameplate_mw,False
EIA-860,"Augusta Solar, LLC",SC,,2.0,nameplate_mw,False
EIA-860,Ballenger Road Solar A,SC,,2.0,nameplate_mw,False
EIA-860,White Horse Solar A,SC,,2.0,nameplate_mw,False
EIA-860,"Red Toad 315 Vinson Road, LLC",NC,,2.0,nameplate_mw,False
EIA-860,Red Toad Powatan Phase 2 LLC,NC,,2.0,nameplate_mw,False
EIA-860,Captona N.P. LLC,RI,,2.0,nameplate_mw,False
EIA-860,Captona Plainfield Pike Johnston LLC,RI,,2.0,nameplate_mw,False
EIA-860,"JSD Flatwood PV-1, LLC",SC,,2.0,nameplate_mw,False
EIA-860,"Anderson Solar Farm, LLC",SC,,2.0,nameplate_mw,False
EIA-860,"Briarwood Solar, LLC",SC,,2.0,nameplate_mw,False
EIA-860,"13 Mile Solar, LLC",MI,,2.0,nameplate_mw,False
EIA-860,"Captain Solar, LLC",MI,,2.0,nameplate_mw,False
EIA-860,"Coldwater Solar, LLC",MI,,2.0,nameplate_mw,False
EIA-860,"Geddes 1 Solar, LLC",MI,,2.0,nameplate_mw,False
EIA-860,"Jack Francis Solar, LLC",MI,,2.0,nameplate_mw,False
EIA-860,"May Shannon Solar, LLC",MI,,2.0,nameplate_mw,False
EIA-860,"Stoneheart Solar, LLC",MI,,2.0,nameplate_mw,False
EIA-860,"Workman Road Solar Farm, LLC",MI,,2.0,nameplate_mw,False
EIA-860,"Interchange Solar, LLC",MI,,2.0,nameplate_mw,False
EIA-860,"RPSC Solar 3, LLC",SC,,2.0,nameplate_mw,False
EIA-860,"Hendershot Solar, LLC",MI,,2.0,nameplate_mw,False
EIA-860,"Hazel Solar, LLC",MI,,2.0,nameplate_mw,False
EIA-860,"Geddes 2 Solar, LLC",MI,,2.0,nameplate_mw,False
EIA-860,"Bullhead Solar, LLC",MI,,2.0,nameplate_mw,False
EIA-860,"Angola Solar, LLC",MI,,2.0,nameplate_mw,False
EIA-860,SoCore Clovis 1 LLC,NM,,2.0,nameplate_mw,False
EIA-860,"Van Buren Solar, LLC",NC,,2.0,nameplate_mw,False
EIA-860,"Naples Casco Solar 1, LLC",ME,,2.0,nameplate_mw,False
EIA-860,"Adams Solar SC, LLC",SC,,2.0,nameplate_mw,False
EIA-860,Kearsarge East Providence LLC,RI,,2.0,nameplate_mw,False
EIA-860,"Ridgeback Solar, LLC",NC,,2.0,nameplate_mw,False
EIA-860,"Kaiser Creek Solar, LLC",OR,,2.0,nameplate_mw,False
EIA-860,"Ogburn Solar, LLC",SC,,2.0,nameplate_mw,False
EIA-860,"Magdaline Solar, LLC",SC,,2.0,nameplate_mw,False
EIA-860,"Limelight Solar I, LLC",SC,,2.0,nameplate_mw,False
EIA-860,"233 Randolph 74 Solar I, LLC",NC,,2.0,nameplate_mw,False
EIA-860,"NextGrid Cliffrose, LLC",ME,,2.0,nameplate_mw,False
EIA-860,"SR Clarksville, LLC",TN,,2.0,nameplate_mw,False
EIA-860,"Township Road 215 Solar Project 2021, LLC",OH,,2.0,nameplate_mw,False
EIA-860,"SR White Pine, LLC",TN,,2.0,nameplate_mw,False
EIA-860,LSE Coma Berenices LLC,CT,,2.0,nameplate_mw,False
EIA-860,LSE Canes Venatici LLC,CT,,2.0,nameplate_mw,False
EIA-860,LSE Delphinus LLC,CT,,2.0,nameplate_mw,False
EIA-860,LSE Pictor LLC,CT,,2.0,nameplate_mw,False
EIA-860,LSE Phoenix LLC,CT,,2.0,nameplate_mw,False
EIA-860,LSE Indus LLC,CT,,2.0,nameplate_mw,False
EIA-860,"Entegrity Solar ACC, LLC",AR,,2.0,nameplate_mw,False
EIA-860,Mompano,OR,,2.0,nameplate_mw,False
EIA-860,"Dover Solar, LLC",OR,,2.0,nameplate_mw,False
EIA-860,ME CDG 004 LLC,ME,,2.0,nameplate_mw,False
EIA-860,ME CDG 005 LLC,ME,,2.0,nameplate_mw,False
EIA-860,"MMPS1, LLC",NE,,2.0,nameplate_mw,False
EIA-860,Pilot Rock Solar 1 LLC,OR,,2.0,nameplate_mw,False
EIA-860,MEVS LLC,ME,,2.0,nameplate_mw,False
EIA-860,"Lebanon West Lebanon Solar 1, LLC",ME,,2.0,nameplate_mw,False
EIA-860,Blackwater Rd Solar LLC,NH,,2.0,nameplate_mw,False
EIA-860,"SREOG ME Credit Seller 1, LLC",ME,,2.0,nameplate_mw,False
EIA-860,"SREOG Partnership 3, LLC",ME,,2.0,nameplate_mw,False
EIA-860,FRB Solar LLC,AZ,,1.9,nameplate_mw,False
EIA-860,U.S. General Services Administration,IN,,1.9,nameplate_mw,False
EIA-860,Alaska Environmental Power,AK,,1.9,nameplate_mw,False
EIA-860,"Valentine Wind, LLC",NE,,1.9,nameplate_mw,False
EIA-860,Lockheed Martin Solar System,FL,,1.9,nameplate_mw,False
EIA-860,"HCE Johnston I, LLC",NC,,1.9,nameplate_mw,False
EIA-860,"Wind GEM, LLC",IA,,1.9,nameplate_mw,False
EIA-860,"Cougar Solar, LLC",NC,,1.9,nameplate_mw,False
EIA-860,"Richlands Solar, LLC",NC,,1.9,nameplate_mw,False
EIA-860,"Cruise Solar, LLC",NC,,1.9,nameplate_mw,False
EIA-860,"Sandy River Solar, LLC",OR,,1.9,nameplate_mw,False
EIA-860,North Kingstown Solar LLC,RI,,1.9,nameplate_mw,False
EIA-860,"Marquam Creek Solar, LLC",OR,,1.9,nameplate_mw,False
EIA-860,City of Peru - (IN),IN,,1.8,nameplate_mw,False
EIA-860,City of Dayton - (IA),IA,,1.8,nameplate_mw,False
EIA-860,Tower Kleber Ltd Partnership,MI,,1.8,nameplate_mw,False
EIA-860,Brigham City Corporation,UT,,1.8,nameplate_mw,False
EIA-860,City of Denison - (IA),IA,,1.8,nameplate_mw,False
EIA-860,City of Earlville - (IA),IA,,1.8,nameplate_mw,False
EIA-860,Newman & Co Inc,PA,,1.8,nameplate_mw,False
EIA-860,"WTG Jameson, L.P.",TX,,1.8,nameplate_mw,False
EIA-860,"Kettle Butte Digester, LLC",ID,,1.8,nameplate_mw,False
EIA-860,Romark Logistics of PA Inc.,PA,,1.8,nameplate_mw,False
EIA-860,CU Solar LLC,OH,,1.8,nameplate_mw,False
EIA-860,Richland Center Renewable Energy LLC,WI,,1.8,nameplate_mw,False
EIA-860,City of Akron - (OH),OH,,1.8,nameplate_mw,False
EIA-860,Wapsie Valley Creamery,IA,,1.8,nameplate_mw,False
EIA-860,JPMorgan Chase Bank,DE,,1.8,nameplate_mw,False
EIA-860,"August Wind Energy, LLC",IA,,1.8,nameplate_mw,False
EIA-860,"Roseman Energy, LLC",IA,,1.8,nameplate_mw,False
EIA-860,Birch Power LLC,IA,,1.8,nameplate_mw,False
EIA-860,Two Dot Wind Broadview East LLC,MT,,1.8,nameplate_mw,False
EIA-860,"GD Glocester White Oak I, LLC",RI,,1.8,nameplate_mw,False
EIA-860,"Fruitland Creek Solar, LLC",OR,,1.8,nameplate_mw,False
EIA-860,"Entegrity Solar El Dorado SD, LLC",AR,,1.8,nameplate_mw,False
EIA-860,City of Grand Junction - (IA),IA,,1.7,nameplate_mw,False
EIA-860,City of Deshler - (NE),NE,,1.7,nameplate_mw,False
EIA-860,Aniak Light & Power Co Inc,AK,,1.7,nameplate_mw,False
EIA-860,"I-N-N Electric Coop, Inc",AK,,1.7,nameplate_mw,False
EIA-860,New Hampshire Hydro Associates,NH,,1.7,nameplate_mw,False
EIA-860,SLB Milbank LLC,SD,,1.7,nameplate_mw,False
EIA-860,Iowa Lakes Community College,IA,,1.7,nameplate_mw,False
EIA-860,Prairie Horizon Agri Energy LLC,KS,,1.7,nameplate_mw,False
EIA-860,Toledo Zoological Society,OH,,1.7,nameplate_mw,False
EIA-860,"Green Energy Machine, LLC",IA,,1.7,nameplate_mw,False
EIA-860,"CCC Hastings Renewable Energy, LLC",NE,,1.7,nameplate_mw,False
EIA-860,Seward Wind LLC,NE,,1.7,nameplate_mw,False
EIA-860,Carolina Poultry Power,NC,,1.7,nameplate_mw,False
EIA-860,City of Osceola - (AR),AR,,1.6,nameplate_mw,False
EIA-860,City of Herington - (KS),KS,,1.6,nameplate_mw,False
EIA-860,City of Emerson - (NE),NE,,1.6,nameplate_mw,False
EIA-860,McGrath Light & Power Co,AK,,1.6,nameplate_mw,False
EIA-860,Blackstone Hydro Inc.,RI,,1.6,nameplate_mw,False
EIA-860,Douglas County - (OR),OR,,1.6,nameplate_mw,False
EIA-860,Marsh Valley Development Inc,ID,,1.6,nameplate_mw,False
EIA-860,"Lewiston, City of - (ME)",ME,,1.6,nameplate_mw,False
EIA-860,Transcontinental Gas PL Corp,MS,,1.6,nameplate_mw,False
EIA-860,"Davenport, City of - (IA)",IA,,1.6,nameplate_mw,False
EIA-860,Phillips 66 Billings Refinery,MT,,1.6,nameplate_mw,False
EIA-860,DF-AP #1 LLC,ID,,1.6,nameplate_mw,False
EIA-860,Davidson Gas Producers LLC,NC,,1.6,nameplate_mw,False
EIA-860,Roseburg LFG Energy LLC,OR,,1.6,nameplate_mw,False
EIA-860,Luther College Wind Energy Project LLC,IA,,1.6,nameplate_mw,False
EIA-860,"Cumberland Rose Wind Energy, LLC",IA,,1.6,nameplate_mw,False
EIA-860,"Forward Fontanelle Power, LLC",IA,,1.6,nameplate_mw,False
EIA-860,"Greenfield Wind Power, LLC",IA,,1.6,nameplate_mw,False
EIA-860,"Meadow Ridge Wind Energy, LLC",IA,,1.6,nameplate_mw,False
EIA-860,"Sky Volt, LLC",IA,,1.6,nameplate_mw,False
EIA-860,"Wiota Wind Energy, LLC #1",IA,,1.6,nameplate_mw,False
EIA-860,Petra Engineering,NC,,1.6,nameplate_mw,False
EIA-860,Equilon Enterprises LLC d/b/a Shell Oil,OR,,1.6,nameplate_mw,False
EIA-860,Clean Water Services,OR,,1.6,nameplate_mw,False
EIA-860,South Atlantic Services Inc,NC,,1.6,nameplate_mw,False
EIA-860,"TIG Sun Energy IV, LLC",SC,,1.6,nameplate_mw,False
EIA-860,Mondelez Global LLC (Twin Falls),ID,,1.6,nameplate_mw,False
EIA-860,Bell Bay Solar Farm,SC,,1.6,nameplate_mw,False
EIA-860,Nashville Electric Service,TN,,1.6,nameplate_mw,False
EIA-860,"Syncarpha El Rito I, LLC",NM,,1.6,nameplate_mw,False
EIA-860,"Syncarpha Questa I, LLC",NM,,1.6,nameplate_mw,False
EIA-860,Captona A Street 2 Johnston LLC,RI,,1.6,nameplate_mw,False
EIA-860,"North Haven Solar One, LLC",CT,,1.6,nameplate_mw,False
EIA-860,"Emerald Gardens PKI, LLC",CT,,1.6,nameplate_mw,False
EIA-860,Northeast Power,NE,,1.6,nameplate_mw,False
EIA-860,City of McGregor- (IA),IA,,1.5,nameplate_mw,False
EIA-860,Algonquin Northern Maine,ME,,1.5,nameplate_mw,False
EIA-860,City of Ansley - (NE),NE,,1.5,nameplate_mw,False
EIA-860,La Farge Municipal Electric Co - (WI),WI,,1.5,nameplate_mw,False
EIA-860,Dakota Magic Casino,ND,,1.5,nameplate_mw,False
EIA-860,Little Mac Power Company,ID,,1.5,nameplate_mw,False
EIA-860,Haw River Hydro Co,NC,,1.5,nameplate_mw,False
EIA-860,Norfork Southern Corp,PA,,1.5,nameplate_mw,False
EIA-860,Great Lakes Tissue Co,MI,,1.5,nameplate_mw,False
EIA-860,Winnebago County - (WI),WI,,1.5,nameplate_mw,False
EIA-860,YKK USA Inc,GA,,1.5,nameplate_mw,False
EIA-860,Mesalands Community College,NM,,1.5,nameplate_mw,False
EIA-860,"Wolverine Wind Energy, LLC",IA,,1.5,nameplate_mw,False
EIA-860,"Bulldog Wind Energy, LLC",IA,,1.5,nameplate_mw,False
EIA-860,Buffalo Center Wind LLC,IA,,1.5,nameplate_mw,False
EIA-860,MSM Solar LLC,NM,,1.5,nameplate_mw,False
EIA-860,Hamilton Wind Energy LLC,IA,,1.5,nameplate_mw,False
EIA-860,WED NK Green LLC,RI,,1.5,nameplate_mw,False
EIA-860,"WED Coventry One, LLC",RI,,1.5,nameplate_mw,False
EIA-860,"WED Coventry Three, LLC",RI,,1.5,nameplate_mw,False
EIA-860,"WED Coventry Four, LLC",RI,,1.5,nameplate_mw,False
EIA-860,Town Of Cary - (NC),NC,,1.5,nameplate_mw,False
EIA-860,"Wyandot Wind 17, LLC",OH,,1.5,nameplate_mw,False
EIA-860,"Solar Mule, LLC",ME,,1.5,nameplate_mw,False
EIA-860,"Ottawa Wind 24, LLC",OH,,1.5,nameplate_mw,False
EIA-860,Merck - Upper Gwynedd Solar Array,PA,,1.5,nameplate_mw,False
EIA-860,The Biltmore Company,NC,,1.5,nameplate_mw,False
EIA-860,"SR Innovation, LLC",TN,,1.5,nameplate_mw,False
EIA-860,SS PA II PSU LLC,PA,,1.5,nameplate_mw,False
EIA-860,"Panda Solar NC 7 , LLC",NC,,1.5,nameplate_mw,False
EIA-860,Western Sugar Cooperative - Billings,MT,,1.5,nameplate_mw,False
EIA-860,Johnson Melloh Solutions,IN,,1.5,nameplate_mw,False
EIA-860,Altamonte Mall,FL,,1.5,nameplate_mw,False
EIA-860,"Gold Mine Solar, LLC",SC,,1.5,nameplate_mw,False
EIA-860,"VCP Realty, LLC",CT,,1.5,nameplate_mw,False
EIA-860,"DG Nebraska Energy Storage, LLC",NE,,1.5,nameplate_mw,False
EIA-860,"Green Providence Wind I, LLC",RI,,1.5,nameplate_mw,False
EIA-860,"SR Blount, LLC",TN,,1.5,nameplate_mw,False
EIA-860,Milford Pepes Farm Road Solar LLC,CT,,1.5,nameplate_mw,False
EIA-860,180th Fighter Wing,OH,,1.5,nameplate_mw,False
EIA-860,Stamford Health Tully Health Center,CT,,1.5,nameplate_mw,False
EIA-860,Liverpool Solar Partners,PA,,1.5,nameplate_mw,False
EIA-860,RP SCG Texas Solar LLC,TX,,1.5,nameplate_mw,False
EIA-860,High Shoals Hydro,GA,,1.4,nameplate_mw,False
EIA-860,SFR Hydro Cor,NH,,1.4,nameplate_mw,False
EIA-860,KEI (Maine) Power Management (IV) LLC,ME,,1.4,nameplate_mw,False
EIA-860,GP Center Holdings LLC,GA,,1.4,nameplate_mw,False
EIA-860,"New Britain Renewable Energy, LLC",CT,,1.4,nameplate_mw,False
EIA-860,Ecogy Delaware II LLC.,DE,,1.4,nameplate_mw,False
EIA-860,UB Fuel Cell,CT,,1.4,nameplate_mw,False
EIA-860,Blackwell Creek Solar LLC,OR,,1.4,nameplate_mw,False
EIA-860,Banner Solar Ironwood LLC,AZ,,1.4,nameplate_mw,False
EIA-860,Pine Grove Solar LLC,OR,,1.4,nameplate_mw,False
EIA-860,City of Mt Pleasant - (UT),UT,,1.3,nameplate_mw,False
EIA-860,City of Blue Hill - (NE),NE,,1.3,nameplate_mw,False
EIA-860,Little Rock Water Reclamation Authority,AR,,1.3,nameplate_mw,False
EIA-860,French Paper Co,MI,,1.3,nameplate_mw,False
EIA-860,Koyle Hydro Inc,ID,,1.3,nameplate_mw,False
EIA-860,City of Fort Smith - (AR),AR,,1.3,nameplate_mw,False
EIA-860,"DCII-250 Williams Street NW, LLC",GA,,1.3,nameplate_mw,False
EIA-860,"Blind Canyon Aquaranch, Inc.",ID,,1.3,nameplate_mw,False
EIA-860,510 REPP One LLC,NC,,1.3,nameplate_mw,False
EIA-860,Carlisle Area School District,PA,,1.3,nameplate_mw,False
EIA-860,Ecogy Pennsylvania Systems LLC,PA,,1.3,nameplate_mw,False
EIA-860,Wasatch View Solar LLC,UT,,1.3,nameplate_mw,False
EIA-860,North Gooding Main Hydro LLC,ID,,1.3,nameplate_mw,False
EIA-860,"SR Marion, LLC",TN,,1.3,nameplate_mw,False
EIA-860,RA Jones,KY,,1.3,nameplate_mw,False
EIA-860,"SR Maryville, LLC",TN,,1.3,nameplate_mw,False
EIA-860,"Cork Solar, LLC",OR,,1.3,nameplate_mw,False
EIA-860,Moon Lake Electric Assn Inc,UT,,1.2,nameplate_mw,False
EIA-860,Sprague Hydro LLC,OR,,1.2,nameplate_mw,False
EIA-860,Sugar River Power LLC,NH,,1.2,nameplate_mw,False
EIA-860,Marco Power Inc,ID,,1.2,nameplate_mw,False
EIA-860,Madison Hydro Partners,NC,,1.2,nameplate_mw,False
EIA-860,Converse Energy Inc,SC,,1.2,nameplate_mw,False
EIA-860,Ford Hydro Ltd Partnership,ID,,1.2,nameplate_mw,False
EIA-860,City of Woonsocket - (RI),RI,,1.2,nameplate_mw,False
EIA-860,Avalon Hydropower LLC,NC,,1.2,nameplate_mw,False
EIA-860,Evonik Degussa Corporation,IN,,1.2,nameplate_mw,False
EIA-860,Atlanta Gift Mart LP,GA,,1.2,nameplate_mw,False
EIA-860,Kent County Levy Court Dept of Pub Work,DE,,1.2,nameplate_mw,False
EIA-860,Jamison Solar Farm,SC,,1.2,nameplate_mw,False
EIA-860,Captona A Street 1 Johnston LLC,RI,,1.2,nameplate_mw,False
EIA-860,City of Salem Public Works - (OR),OR,,1.2,nameplate_mw,False
EIA-860,"Foster Solar, LLC",RI,,1.2,nameplate_mw,False
EIA-860,"AJMS, LLC",ID,,1.2,nameplate_mw,False
EIA-860,"Entegrity Solar Green Forest, LLC",AR,,1.2,nameplate_mw,False
EIA-860,City of Chappell - (NE),NE,,1.1,nameplate_mw,False
EIA-860,Domtar Paper Company Rothschild,WI,,1.1,nameplate_mw,False
EIA-860,Highwoods Properties,GA,,1.1,nameplate_mw,False
EIA-860,SunE M5C Holdings LLC,AZ,,1.1,nameplate_mw,False
EIA-860,Gundersen Lutheran Biogas I LLC,WI,,1.1,nameplate_mw,False
EIA-860,PPG Monroeville Chemicals Center,PA,,1.1,nameplate_mw,False
EIA-860,C-Drop,OR,,1.1,nameplate_mw,False
EIA-860,Bernhardt Furniture Company,NC,,1.1,nameplate_mw,False
EIA-860,L'Oreal USA Products Inc,KY,,1.1,nameplate_mw,False
EIA-860,Luz Solar,SC,,1.1,nameplate_mw,False
EIA-860,Mount Joy Wire Corp,PA,,1.1,nameplate_mw,False
EIA-860,Jefferson Torresdale Hospital,PA,,1.1,nameplate_mw,False
EIA-860,Pembroke Lakes Mall,FL,,1.1,nameplate_mw,False
EIA-860,City of Crystal Falls - (MI),MI,,1.0,nameplate_mw,False
EIA-860,Village of Campbell - (NE),NE,,1.0,nameplate_mw,False
EIA-860,Village of Viola - (WI),WI,,1.0,nameplate_mw,False
EIA-860,Oconto Electric Cooperative,WI,,1.0,nameplate_mw,False
EIA-860,"Koosh, Inc.",ID,,1.0,nameplate_mw,False
EIA-860,"M.A. Patout & Son Limited, LLC",LA,,1.0,nameplate_mw,False
EIA-860,Lacomb Irrigation Dist,OR,,1.0,nameplate_mw,False
EIA-860,SAS Institute Inc,NC,,1.0,nameplate_mw,False
EIA-860,SunE NC Progress 1 LLC,NC,,1.0,nameplate_mw,False
EIA-860,Chevron Technology Ventures,NM,,1.0,nameplate_mw,False
EIA-860,Masser Farms Realty Ltd,PA,,1.0,nameplate_mw,False
EIA-860,"Bos Dairy, LLC",IN,,1.0,nameplate_mw,False
EIA-860,Alliance HP Virginia Drive LLC,PA,,1.0,nameplate_mw,False
EIA-860,MARTA,GA,,1.0,nameplate_mw,False
EIA-860,Collinwood BioEnergy,OH,,1.0,nameplate_mw,False
EIA-860,Sunstream Energy LLC,PA,,1.0,nameplate_mw,False
EIA-860,"Tillamook BioGas, LLC Digester",OR,,1.0,nameplate_mw,False
EIA-860,Case Western Reserve University,OH,,1.0,nameplate_mw,False
EIA-860,AgriReNew,IA,,1.0,nameplate_mw,False
EIA-860,"Hidden View Dairy, LLC",IN,,1.0,nameplate_mw,False
EIA-860,Marlboro Mushroom,PA,,1.0,nameplate_mw,False
EIA-860,"Springer Electric Coop, Inc",NM,,1.0,nameplate_mw,False
EIA-860,"Luminace Solar Georgia, LLC",GA,,1.0,nameplate_mw,False
EIA-860,Materials Innovation Recycling Authority,CT,,1.0,nameplate_mw,False
EIA-860,Ozarks Electric Coop Corp - (AR),AR,,1.0,nameplate_mw,False
EIA-860,"J.T. Hobby and Son, Inc.",NC,,1.0,nameplate_mw,False
EIA-860,LSE Canis Minor LLC,CT,,1.0,nameplate_mw,False
EIA-860,Corix Cleveland Thermal Generating LP,OH,,1.0,nameplate_mw,False
EIA-860,"Panda Solar NC 1, LLC",NC,,1.0,nameplate_mw,False
EIA-860,"Panda Solar NC 5, LLC",NC,,1.0,nameplate_mw,False
EIA-860,"Panda Solar NC 6, LLC",NC,,1.0,nameplate_mw,False
EIA-860,"Syncarpha Eagle Nest I, LLC",NM,,1.0,nameplate_mw,False
EIA-860,Otis Elevator Company,SC,,1.0,nameplate_mw,False
EIA-860,RC Energy AA LLC,NM,,1.0,nameplate_mw,False
EIA-860,"Phoenix Contact Services, Inc",PA,,1.0,nameplate_mw,False
EIA-860,"Bainbridge Solar, LLC",GA,,1.0,nameplate_mw,False
EIA-860,"SR Jackson II, LLC",TN,,1.0,nameplate_mw,False
EIA-860,ENGIE 2020 ProjectCo-WI1 LLC,WI,,1.0,nameplate_mw,False
EIA-860,"SOL ME Augusta 13 York Farm, LLC",ME,,1.0,nameplate_mw,False
EIA-860,"Entegrity Solar Crossett SD, LLC",AR,,1.0,nameplate_mw,False
EIA-860,"Nabholz Solar FPS Ozarks, LLC",AR,,1.0,nameplate_mw,False
EIA-860,"Entegrity Solar Rivercrest SD, LLC",AR,,1.0,nameplate_mw,False
EIA-860,"Entegrity Solar SWU, LLC",AR,,1.0,nameplate_mw,False
EIA-860,"Entegrity Solar Southside SD, LLC",AR,,1.0,nameplate_mw,False
EIA-860,Round Lake Solar LLC,OR,,1.0,nameplate_mw,False
EIA-860,Bonneville Environmental Foundation (BEF),OR,,1.0,nameplate_mw,False
EIA-860,"BFI Waste Systems of GA, LLC",GA,,0.6,nameplate_mw,False
EIA-860,City of Barron - (WI),WI,,0.1,nameplate_mw,False
EIA-861,Pacific Gas & Electric Co.,CA,Investor Owned,5725404,customers,True
EIA-861,Southern California Edison Co,CA,Investor Owned,5297361,customers,True
EIA-861,Commonwealth Edison Co,IL,Investor Owned,4130749,customers,True
EIA-861,Adjustment 2024,AK AL AR AZ CA CO CT DC DE FL GA HI IA ID IL IN KS KY LA MA MD ME MI MN MO MS MT NC ND NE NH NJ NM NV NY OH OK OR PA RI SC SD TN TX UT VA VT WA WI WV WY,,4018973,customers,True
EIA-861,Consolidated Edison Co-NY Inc,NY,Investor Owned,3646787,customers,True
EIA-861,Virginia Electric & Power Co,NC VA,Investor Owned,2783257,customers,True
EIA-861,PacifiCorp,CA ID OR UT WA WY,Investor Owned,2104092,customers,True
EIA-861,Niagara Mohawk Power Corp.,NY,Investor Owned,1718921,customers,True
EIA-861,Northern States Power Co - Minnesota,MN ND SD,Investor Owned,1577476,customers,True
EIA-861,NSTAR Electric Company,MA,Investor Owned,1526558,customers,True
EIA-861,San Diego Gas & Electric Co,CA,Investor Owned,1525968,customers,True
EIA-861,Los Angeles Department of Water & Power,CA,Municipal,1510995,customers,True
EIA-861,Massachusetts Electric Co,MA,Investor Owned,1373756,customers,True
EIA-861,Baltimore Gas & Electric Co,MD,Investor Owned,1342757,customers,True
EIA-861,Jersey Central Power & Lt Co,NJ,Investor Owned,1171837,customers,True
EIA-861,Long Island Power Authority,NY,State,1161788,customers,True
EIA-861,Appalachian Power Co,VA WV,Investor Owned,967408,customers,True
EIA-861,Potomac Electric Power Co,DC MD,Investor Owned,949732,customers,True
EIA-861,New York State Elec & Gas Corp,NY,Investor Owned,921369,customers,True
EIA-861,Clean Power Alliance of Southern Califor,CA,Community Choice Aggregator,821164,customers,True
EIA-861,"Dynegy Energy Services, LLC",IL MA OH PA,Retail Power Marketer,735337,customers,True
EIA-861,Sacramento Municipal Util Dist,CA,Political Subdivision,666235,customers,True
EIA-861,Ava Community Energy,CA,Community Choice Aggregator,642188,customers,True
EIA-861,Marin Clean Energy,CA,Community Choice Aggregator,585162,customers,True
EIA-861,Kentucky Utilities Co,KY VA,Investor Owned,574094,customers,True
EIA-861,Atlantic City Electric Co,NJ,Investor Owned,572775,customers,True
EIA-861,Delmarva Power,DE MD,Investor Owned,554699,customers,True
EIA-861,City of Seattle - (WA),WA,Municipal,512498,customers,True
EIA-861,Reliant Energy Northeast LLC,CT DC DE IL MA MD NJ NY OH PA,Retail Power Marketer,488488,customers,True
EIA-861,"Ambit Energy Holdings, LLC",DC DE IL MA MD ME NH NJ OH PA RI TX,Retail Power Marketer,462410,customers,True
EIA-861,The Potomac Edison Company,MD WV,Investor Owned,448509,customers,True
EIA-861,Central Coast Community Energy,CA,Community Choice Aggregator,448049,customers,True
EIA-861,Rochester Gas & Electric Corp,NY,Investor Owned,392342,customers,True
EIA-861,CleanPowerSF,CA,Community Choice Aggregator,384194,customers,True
EIA-861,PUD No 1 of Snohomish County,WA,Political Subdivision,382062,customers,True
EIA-861,San Jose Clean Energy,CA,Community Choice Aggregator,354402,customers,True
EIA-861,Tesla Inc.,AZ CA CO CT DC DE FL HI IL MA MD ME NH NJ NM NV NY OH OR PA RI TX UT VA VT WA,Behind the Meter,337342,customers,True
EIA-861,Peninsula Clean Energy Authority,CA,Community Choice Aggregator,311640,customers,True
EIA-861,Hawaiian Electric Co Inc,HI,Investor Owned,309839,customers,True
EIA-861,"Interstate Gas Supply, Inc.",IL MD OH PA,Retail Power Marketer,292738,customers,True
EIA-861,"Inspire Energy Holdings, LLC",DC DE IL MA MD NJ NY OH PA,Retail Power Marketer,283681,customers,True
EIA-861,Silicon Valley Clean Energy Authority,CA,Community Choice Aggregator,276695,customers,True
EIA-861,"MC Squared Energy Services, LLC",IL,Retail Power Marketer,262779,customers,True
EIA-861,City of Colorado Springs - (CO),CO,Municipal,260682,customers,True
EIA-861,Orange & Rockland Utils Inc,NY,Investor Owned,244791,customers,True
EIA-861,PUD No 1 of Clark County - (WA),WA,Political Subdivision,239896,customers,True
EIA-861,"CleanChoice Energy, Inc.",DC DE IL MA MD NJ NY OH PA,Retail Power Marketer,236756,customers,True
EIA-861,Sonoma Clean Power Authority,CA,Community Choice Aggregator,230656,customers,True
EIA-861,"First Point Power, LLC",CT DE MA ME NH NJ PA RI,Retail Power Marketer,218396,customers,True
EIA-861,Orange County Power Authority,CA,Community Choice Aggregator,216096,customers,True
EIA-861,Clean Energy Alliance,CA,Community Choice Aggregator,208611,customers,True
EIA-861,City of Tacoma - (WA),WA,Municipal,203185,customers,True
EIA-861,"SmartEnergy Holdings, LLC",DC DE IL MA MD ME NH NJ NY OH PA RI TX,Retail Power Marketer,201843,customers,True
EIA-861,Sunnova,AR AZ CA CO CT DC DE FL GA HI ID IL IN KS KY LA MA MD ME MI MN MO NC NH NJ NM NV NY OH OK OR PA RI SC TX UT VA WA WI WV,Behind the Meter,189581,customers,True
EIA-861,Northern Virginia Elec Coop,VA,Cooperative,182074,customers,True
EIA-861,Rappahannock Electric Coop,VA,Cooperative,180962,customers,True
EIA-861,CORE Electric Cooperative,CO,Cooperative,180823,customers,True
EIA-861,Southern Maryland Elec Coop Inc,MD,Cooperative,177155,customers,True
EIA-861,Homefield Energy,IL,Retail Power Marketer,166014,customers,True
EIA-861,Pioneer Community Energy,CA,Community Choice Aggregator,165656,customers,True
EIA-861,Imperial Irrigation District,CA,Political Subdivision,164802,customers,True
EIA-861,"ALLETE, Inc.",MN,Investor Owned,152342,customers,True
EIA-861,"Frontier Utilities, LLC",IL NJ OH PA TX,Retail Power Marketer,145903,customers,True
EIA-861,Otter Tail Power Co,MN ND SD,Investor Owned,134397,customers,True
EIA-861,Modesto Irrigation District,CA,Political Subdivision,133517,customers,True
EIA-861,City of Anaheim - (CA),CA,Municipal,123665,customers,True
EIA-861,AP Holdings LLC,IL MD NJ NY OH PA TX,Retail Power Marketer,118385,customers,True
EIA-861,City of Riverside - (CA),CA,Municipal,113373,customers,True
EIA-861,"TriEagle Energy, L.P.",NJ PA TX,Retail Power Marketer,112190,customers,True
EIA-861,"SunPower Capital, LLC",AZ CA CO CT HI MA NJ NV NY PA VT,Behind the Meter,107002,customers,True
EIA-861,Shenandoah Valley Elec Coop,VA,Cooperative,100827,customers,True
EIA-861,Town Square Energy,CT MA ME NH RI,Retail Power Marketer,100314,customers,True
EIA-861,Turlock Irrigation District,CA,Political Subdivision,95746,customers,True
EIA-861,MP2 Energy LLC,CT DC DE IL MA MD ME NH NJ NY OH PA RI TX VA,Retail Power Marketer,93987,customers,True
EIA-861,"Energy Services Providers, Inc",IL MA MD NJ NY OH PA,Retail Power Marketer,91139,customers,True
EIA-861,City of Glendale - (CA),CA,Municipal,90990,customers,True
EIA-861,Hawaii Electric Light Co Inc,HI,Investor Owned,89923,customers,True
EIA-861,City of Fort Collins - (CO),CO,Municipal,79990,customers,True
EIA-861,"Residents Energy, LLC",DE IL MA NJ NY OH PA,Retail Power Marketer,79125,customers,True
EIA-861,Rockland Electric Co,NJ,Investor Owned,76034,customers,True
EIA-861,Maui Electric Co Ltd,HI,Investor Owned,71906,customers,True
EIA-861,City of Springfield - (IL),IL,Municipal,71179,customers,True
EIA-861,City of Roseville - (CA),CA,Municipal,70475,customers,True
EIA-861,"IDT Energy, Inc.",DC IL MD NJ NY OH PA,Retail Power Marketer,68055,customers,True
EIA-861,East Central Energy,MN WI,Cooperative,67593,customers,True
EIA-861,City of Pasadena - (CA),CA,Municipal,67059,customers,True
EIA-861,"Mountain View Elec Assn, Inc",CO,Cooperative,64275,customers,True
EIA-861,City of Naperville - (IL),IL,Municipal,62990,customers,True
EIA-861,Valley Clean Energy Alliance,CA,Community Choice Aggregator,62299,customers,True
EIA-861,Redwood Coast Energy Authority,CA,Community Choice Aggregator,61718,customers,True
EIA-861,"Holy Cross Electric Assn, Inc",CO,Cooperative,61197,customers,True
EIA-861,Rochester Public Utilities,MN,Municipal,60133,customers,True
EIA-861,City of Santa Clara - (CA),CA,Municipal,59389,customers,True
EIA-861,"Southside Electric Coop, Inc",VA,Cooperative,59338,customers,True
EIA-861,Energywell LLC,CT DC DE IL MA MD ME NH NJ NY OH PA RI,Retail Power Marketer,57885,customers,True
EIA-861,PUD No 1 of Benton County,WA,Political Subdivision,57827,customers,True
EIA-861,"Choptank Electric Cooperative, Inc",MD,Cooperative,57045,customers,True
EIA-861,Wright-Hennepin Coop Elec Assn,MN,Cooperative,56279,customers,True
EIA-861,PUD No 2 of Grant County,WA,Political Subdivision,55943,customers,True
EIA-861,"Poudre Valley REA, Inc",CO,Cooperative,55344,customers,True
EIA-861,PUD No 1 of Cowlitz County,WA,Political Subdivision,53716,customers,True
EIA-861,City of Burbank Water and Power,CA,Municipal,53155,customers,True
EIA-861,Lancaster Choice Energy,CA,Community Choice Aggregator,52580,customers,True
EIA-861,Lake Country Power,MN,Cooperative,51383,customers,True
EIA-861,Spruce Finance,AZ CA CO CT HI LA MA MD NJ NV NY,Behind the Meter,50856,customers,True
EIA-861,Verde Energy USA,DC MA NJ NY OH PA,Retail Power Marketer,50684,customers,True
EIA-861,PUD No 1 of Chelan County,WA,Political Subdivision,50137,customers,True
EIA-861,Titan Gas LLC,DC DE IL MA MD NH NJ OH PA,Retail Power Marketer,49708,customers,True
EIA-861,Crow Wing Cooperative Power & Light Comp,MN,Cooperative,47859,customers,True
EIA-861,Inland Power & Light Company,ID WA,Cooperative,47805,customers,True
EIA-861,Minnesota Valley Electric Coop,MN,Cooperative,47632,customers,True
EIA-861,"La Plata Electric Assn, Inc",CO,Cooperative,47002,customers,True
EIA-861,PUD No 1 of Grays Harbor County,WA,Political Subdivision,45587,customers,True
EIA-861,Energy for Palmdale's Independent Choice,CA,Community Choice Aggregator,45452,customers,True
EIA-861,"Eligo Energy, LLC",CT DC IL MA MD NJ NY OH PA,Retail Power Marketer,44876,customers,True
EIA-861,City of Redding - (CA),CA,Municipal,44465,customers,True
EIA-861,City of Longmont,CO,Municipal,43741,customers,True
EIA-861,City of Danville - (VA),VA,Municipal,42984,customers,True
EIA-861,City of Loveland - (CO),CO,Municipal,42375,customers,True
EIA-861,Pomona Choice Energy (PCE),CA,Community Choice Aggregator,41765,customers,True
EIA-861,"Vermont Electric Cooperative, Inc",VT,Cooperative,41122,customers,True
EIA-861,City of Taunton,MA,Municipal,40690,customers,True
EIA-861,Central Virginia Electric Coop,VA,Cooperative,39573,customers,True
EIA-861,"North American Power and Gas, LLC",CT IL MD ME NH NJ OH PA RI,Retail Power Marketer,38833,customers,True
EIA-861,Santa Barbara Clean Energy,CA,Community Choice Aggregator,38582,customers,True
EIA-861,A & N Electric Coop,MD VA,Cooperative,37636,customers,True
EIA-861,Alameda Municipal Power,CA,Municipal,37226,customers,True
EIA-861,Corn Belt Energy Corporation,IL,Cooperative,37183,customers,True
EIA-861,Delta Montrose Electric Assn,CO,Cooperative,36893,customers,True
EIA-861,PUD No 3 of Mason County,WA,Political Subdivision,36407,customers,True
EIA-861,Peninsula Light Company,WA,Cooperative,35616,customers,True
EIA-861,Kauai Island Utility Cooperative,HI,Cooperative,35316,customers,True
EIA-861,ENGIE Resources LLC,CT DC DE IL MA MD ME NH NJ NY OH PA RI TX,Retail Power Marketer,34994,customers,True
EIA-861,Powell Valley Electric Coop,TN VA,Cooperative,34943,customers,True
EIA-861,PUD No 1 of Lewis County,WA,Political Subdivision,34766,customers,True
EIA-861,"Nordic Energy Services, LLC",DC DE IL MA MD NJ NY OH PA RI,Retail Power Marketer,34320,customers,True
EIA-861,PUD No 1 of Clallam County,WA,Political Subdivision,34080,customers,True
EIA-861,Kootenai Electric Cooperative,ID WA,Cooperative,33226,customers,True
EIA-861,MPower Energy LLC,NY,Retail Power Marketer,32436,customers,True
EIA-861,Desert Community Energy,CA,Community Choice Aggregator,32398,customers,True
EIA-861,"Wheatland Electric Coop, Inc",CO KS,Cooperative,32368,customers,True
EIA-861,Mecklenburg Electric Cooperative,NC VA,Cooperative,32072,customers,True
EIA-861,Fitchburg Gas & Elec Light Co,MA,Investor Owned,30884,customers,True
EIA-861,Town of Reading - (MA),MA,Municipal,30700,customers,True
EIA-861,"Tri-County Electric Coop, Inc (OK)",CO KS NM OK TX,Cooperative,30076,customers,True
EIA-861,Lake Region Electric Cooperative - (MN),MN,Cooperative,30069,customers,True
EIA-861,City of Palo Alto - (CA),CA,Municipal,29833,customers,True
EIA-861,PUD No 1 of Franklin County,WA,Political Subdivision,29752,customers,True
EIA-861,Major Energy Electric Services,CT DC IL MA MD ME NY OH,Retail Power Marketer,29606,customers,True
EIA-861,Sioux Valley SW Elec Coop,MN SD,Cooperative,29186,customers,True
EIA-861,Respond Power LLC,NJ PA,Retail Power Marketer,28920,customers,True
EIA-861,Yampa Valley Electric Assn Inc,CO WY,Cooperative,28641,customers,True
EIA-861,Stearns Cooperative Elec Assn,MN,Cooperative,28558,customers,True
EIA-861,City of Richland - (WA),WA,Municipal,27563,customers,True
EIA-861,City of Peabody - (MA),MA,Municipal,27086,customers,True
EIA-861,City of Chicopee - (MA),MA,Municipal,26052,customers,True
EIA-861,"San Isabel Electric Assn, Inc",CO,Cooperative,26046,customers,True
EIA-861,City of Lodi - (CA),CA,Municipal,25939,customers,True
EIA-861,"Family Energy, Inc. New York",NY,Retail Power Marketer,25931,customers,True
EIA-861,City of Vineland - (NJ),NJ,Municipal,25905,customers,True
EIA-861,Apple Valley Choice Energy,CA,Community Choice Aggregator,25326,customers,True
EIA-861,Southwestern Electric Coop Inc - (IL),IL,Cooperative,25284,customers,True
EIA-861,"Southeastern IL Elec Coop, Inc",IL,Cooperative,25188,customers,True
EIA-861,"Valley Electric Assn, Inc",CA NV,Cooperative,25066,customers,True
EIA-861,Bear Valley Electric Service,CA,Investor Owned,24819,customers,True
EIA-861,People's Cooperative Services,MN,Cooperative,23916,customers,True
EIA-861,"Northern Lights, Inc",ID MT WA,Cooperative,23910,customers,True
EIA-861,MiEnergy Cooperative,IA MN,Cooperative,23568,customers,True
EIA-861,MPower Energy NJ LLC,DC IL MD NJ OH PA,Retail Power Marketer,23359,customers,True
EIA-861,"Mountain Parks Electric, Inc",CO,Cooperative,22779,customers,True
EIA-861,"Shipley Choice, LLC",MD OH PA,Retail Power Marketer,22391,customers,True
EIA-861,"Beltrami Electric Coop, Inc",MN,Cooperative,22364,customers,True
EIA-861,PUD No 1 of Okanogan County,WA,Political Subdivision,22155,customers,True
EIA-861,City of Burlington Electric - (VT),VT,Municipal,21842,customers,True
EIA-861,City of Harrisonburg - (VA),VA,Municipal,21705,customers,True
EIA-861,"EverBright, LLC",AR AZ CA CO CT IL MA MD ME NH NJ OH RI TX,Behind the Meter,21642,customers,True
EIA-861,"Palmco Power IL, LLC",IL,Retail Power Marketer,21332,customers,True
EIA-861,Freeborn Mower Electric Cooperative,IA MN,Cooperative,21264,customers,True
EIA-861,"National Gas & Electric, LLC",MA MD NJ OH PA,Retail Power Marketer,20969,customers,True
EIA-861,PUD No 1 of Jefferson County,WA,Political Subdivision,20956,customers,True
EIA-861,"Vista Energy Marketing, L.P.",IL NJ OH PA,Retail Power Marketer,20948,customers,True
EIA-861,"Northern Neck Elec Coop, Inc",VA,Cooperative,20658,customers,True
EIA-861,Shakopee Public Utilities Comm,MN,Municipal,20529,customers,True
EIA-861,City of Moorhead - (MN),MN,Municipal,20404,customers,True
EIA-861,Moon Lake Electric Assn Inc,CO UT,Cooperative,20377,customers,True
EIA-861,Norris Electric Coop,IL,Cooperative,20300,customers,True
EIA-861,"Jo-Carroll Energy, Inc",IL,Cooperative,20189,customers,True
EIA-861,City of Colton - (CA),CA,Municipal,20064,customers,True
EIA-861,BENCO Electric Cooperative,MN,Cooperative,19934,customers,True
EIA-861,Grand Valley Power,CO,Cooperative,19689,customers,True
EIA-861,"Rushmore Energy, LLC",DE IL MD NJ OH PA,Retail Power Marketer,19359,customers,True
EIA-861,PUD No 2 of Pacific County,WA,Political Subdivision,18577,customers,True
EIA-861,Jamestown Board of Public Util,NY,Municipal,18347,customers,True
EIA-861,City of Westfield - (MA),MA,Municipal,18344,customers,True
EIA-861,City of Fountain,CO,Municipal,18290,customers,True
EIA-861,Rock Energy Cooperative,IL WI,Cooperative,18168,customers,True
EIA-861,Town of Middleborough - (MA),MA,Municipal,18132,customers,True
EIA-861,Village of Fairport - (NY),NY,Municipal,18076,customers,True
EIA-861,City of Holyoke - (MA),MA,Municipal,17966,customers,True
EIA-861,Hagerstown Light Department,MD,Municipal,17743,customers,True
EIA-861,City of Azusa,CA,Municipal,17583,customers,True
EIA-861,"XOOM Energy New York, LLC",NY,Retail Power Marketer,17568,customers,True
EIA-861,PUD No 1 of Douglas County,WA,Political Subdivision,17553,customers,True
EIA-861,"Empire Electric Assn, Inc",CO UT,Cooperative,17164,customers,True
EIA-861,Town of Shrewsbury - (MA),MA,Municipal,16986,customers,True
EIA-861,"Alpha Gas and Electric, LLC",DC IL MA MD NJ NY OH PA,Retail Power Marketer,16835,customers,True
EIA-861,Pico Rivera Innovative Municipal Energy,CA,Community Choice Aggregator,16776,customers,True
EIA-861,Town of Braintree - (MA),MA,Municipal,16769,customers,True
EIA-861,"Agway Energy Services, LLC",MD NY PA,Retail Power Marketer,16647,customers,True
EIA-861,City of Manassas - (VA),VA,Municipal,16624,customers,True
EIA-861,"Tri-County Electric Coop, Inc (IL)",IL,Cooperative,16604,customers,True
EIA-861,Bristol Virginia Utilities,VA,Municipal,16485,customers,True
EIA-861,City of St Charles - (IL),IL,Municipal,16461,customers,True
EIA-861,Benton Rural Electric Assn,WA,Cooperative,16453,customers,True
EIA-861,Atlantic Energy LLC,DC DE IL MA MD NJ NY OH PA TX,Retail Power Marketer,16419,customers,True
EIA-861,New Wave Energy Corporation,MD NJ NY OH PA,Retail Power Marketer,16418,customers,True
EIA-861,Elmhurst Mutual Power & Light Co,WA,Cooperative,16195,customers,True
EIA-861,Mille Lacs Energy Cooperative,MN,Cooperative,15978,customers,True
EIA-861,Orcas Power & Light Coop,WA,Cooperative,15943,customers,True
EIA-861,City of Norwood - (MA),MA,Municipal,15794,customers,True
EIA-861,Egyptian Electric Coop Assn,IL,Cooperative,15465,customers,True
EIA-861,Runestone Electric Assn,MN,Cooperative,15391,customers,True
EIA-861,Village of Freeport - (NY),NY,Municipal,15319,customers,True
EIA-861,Rancho Mirage Energy Authority,CA,Community Choice Aggregator,15133,customers,True
EIA-861,San Jacinto Power,CA,Community Choice Aggregator,15108,customers,True
EIA-861,"San Miguel Power Assn, Inc",CO,Cooperative,14851,customers,True
EIA-861,"Wild Rice Electric Coop, Inc",MN,Cooperative,14801,customers,True
EIA-861,Scenic Rivers Energy Coop,IL WI,Cooperative,14621,customers,True
EIA-861,Nantucket Electric Co,MA,Investor Owned,14544,customers,True
EIA-861,Viridian Energy PA LLC,IL MD NJ OH PA,Retail Power Marketer,14370,customers,True
EIA-861,PUD No 1 of Klickitat County,WA,Political Subdivision,14286,customers,True
EIA-861,Town of North Attleborough - (MA),MA,Municipal,13896,customers,True
EIA-861,"Renaissance Power & Gas, Inc.",DC MA NY OH PA,Retail Power Marketer,13791,customers,True
EIA-861,Wayne-White Counties Elec Coop,IL,Cooperative,13654,customers,True
EIA-861,Vera Irrigation District #15,WA,Political Subdivision,13550,customers,True
EIA-861,City of Salem - (VA),VA,Municipal,13519,customers,True
EIA-861,Town of Hudson - (MA),MA,Municipal,13515,customers,True
EIA-861,Eastern Illinois Elec Coop,IL,Cooperative,13499,customers,True
EIA-861,Town of Danvers,MA,Municipal,13492,customers,True
EIA-861,City of Elk River,MN,Municipal,13466,customers,True
EIA-861,"San Luis Valley R E C, Inc",CO,Cooperative,13285,customers,True
EIA-861,"Pure Energy USA, LLC",IL NJ NY OH PA,Retail Power Marketer,13250,customers,True
EIA-861,Merced Irrigation District,CA,Political Subdivision,13140,customers,True
EIA-861,City of Anoka,MN,Municipal,13004,customers,True
EIA-861,NOCO Electric,NY,Retail Power Marketer,12963,customers,True
EIA-861,"XOOM Energy Illinois, LLC",IL,Retail Power Marketer,12843,customers,True
EIA-861,Freepoint Energy Solutions LLC,DC DE IL MD NJ NY OH PA TX,Retail Power Marketer,12785,customers,True
EIA-861,Itasca-Mantrap Co-op Electrical Assn,MN,Cooperative,12681,customers,True
EIA-861,City of Owatonna - (MN),MN,Municipal,12489,customers,True
EIA-861,Prince George Electric Coop,VA,Cooperative,12489,customers,True
EIA-861,City of Chaska - (MN),MN,Municipal,12108,customers,True
EIA-861,Steele-Waseca Cooperative Electric,MN,Cooperative,12046,customers,True
EIA-861,City of Austin - (MN),MN,Municipal,12010,customers,True
EIA-861,Discount Power Inc - (CT),DE MA MD NJ OH PA RI,Retail Power Marketer,11567,customers,True
EIA-861,City of Batavia - (IL),IL,Municipal,11398,customers,True
EIA-861,City of Port Angeles - (WA),WA,Municipal,11028,customers,True
EIA-861,Easton Utilities Comm,MD,Municipal,10990,customers,True
EIA-861,"High West Energy, Inc",CO NE WY,Cooperative,10981,customers,True
EIA-861,Menard Electric Coop,IL,Cooperative,10972,customers,True
EIA-861,Modern Electric Water Company,WA,Cooperative,10929,customers,True
EIA-861,Southeast Colorado Power Assn,CO,Cooperative,10925,customers,True
EIA-861,Kiwi Energy NY LLC,NY OH,Retail Power Marketer,10797,customers,True
EIA-861,City of Centralia - (WA),WA,Municipal,10759,customers,True
EIA-861,City of Alexandria - (MN),MN,Municipal,10692,customers,True
EIA-861,Town of Wellesley - (MA),MA,Municipal,10662,customers,True
EIA-861,"EcoPlus Power, LLC",IL NJ OH PA,Retail Power Marketer,10653,customers,True
EIA-861,Town of Mansfield - (MA),MA,Municipal,10564,customers,True
EIA-861,Highline Electric Assn,CO NE,Cooperative,10539,customers,True
EIA-861,Lakeview Light & Power,WA,Cooperative,10438,customers,True
EIA-861,"Big Bend Electric Coop, Inc",WA,Cooperative,10411,customers,True
EIA-861,Spring Energy RRH LLC,MD NJ PA,Retail Power Marketer,10297,customers,True
EIA-861,City of Geneva- (IL),IL,Municipal,10287,customers,True
EIA-861,City of Ellensburg - (WA),WA,Municipal,10178,customers,True
EIA-861,City of Plattsburgh - (NY),NY,Municipal,10173,customers,True
EIA-861,Willmar Municipal Utilities,MN,Municipal,10171,customers,True
EIA-861,PUD No 1 of Pend Oreille County,WA,Political Subdivision,10101,customers,True
EIA-861,"Shelby Electric Coop, Inc - (IL)",IL,Cooperative,10054,customers,True
EIA-861,"SFE Energy Massachusetts, Inc.",MA,Retail Power Marketer,9916,customers,True
EIA-861,"Choice Energy, LLC",NJ OH PA,Retail Power Marketer,9670,customers,True
EIA-861,Coles-Moultrie Electric Coop,IL,Cooperative,9576,customers,True
EIA-861,Morgan County Rural Elec Assn,CO,Cooperative,9564,customers,True
EIA-861,"RPA Energy, Inc.",DC DE IL MD NJ OH PA,Retail Power Marketer,9504,customers,True
EIA-861,Meeker Coop Light & Power Assn,MN,Cooperative,9361,customers,True
EIA-861,Town of Massena - (NY),NY,Municipal,9328,customers,True
EIA-861,City of Moreno Valley - (CA),CA,Municipal,8944,customers,True
EIA-861,Median Energy Corp.,DC MD NJ NY OH,Retail Power Marketer,8943,customers,True
EIA-861,Y-W Electric Assn Inc,CO NE,Cooperative,8903,customers,True
EIA-861,Viridian Energy LLC,MA,Retail Power Marketer,8646,customers,True
EIA-861,Brainerd Public Utilities,MN,Municipal,8305,customers,True
EIA-861,"XOOM Energy Maryland, LLC",MD,Retail Power Marketer,8167,customers,True
EIA-861,"Provider Power MASS, LLC",MA,Retail Power Marketer,7850,customers,True
EIA-861,"Realgy, LLC",IL OH,Retail Power Marketer,7705,customers,True
EIA-861,"SFE Energy Maryland, Inc.",MD,Retail Power Marketer,7688,customers,True
EIA-861,Hutchinson Utilities Comm,MN,Municipal,7665,customers,True
EIA-861,Town of Littleton - (MA),MA,Municipal,7596,customers,True
EIA-861,Park Power LLC,DC DE IL MD OH PA,Retail Power Marketer,7592,customers,True
EIA-861,"Approved Energy II, LLC",NJ NY OH PA,Retail Power Marketer,7375,customers,True
EIA-861,Agressive Energy LLC,IL MD NJ NY OH PA,Retail Power Marketer,7269,customers,True
EIA-861,"Palmco Power NJ, LLC",NJ,Retail Power Marketer,7211,customers,True
EIA-861,South Bay Energy Corp.,IL NJ NY OH PA,Retail Power Marketer,7161,customers,True
EIA-861,"Palmco Power MA, LLC",MA,Retail Power Marketer,7150,customers,True
EIA-861,City of Fort Morgan,CO,Municipal,7134,customers,True
EIA-861,Federated Rural Electric Assn,IA MN,Cooperative,7043,customers,True
EIA-861,Rochelle Municipal Utilities,IL,Municipal,7009,customers,True
EIA-861,"SunSea Energy, LLC",DC NJ NY OH,Retail Power Marketer,6947,customers,True
EIA-861,City of Marshall - (MN),MN,Municipal,6925,customers,True
EIA-861,Virginia Tech Electric Service,VA,State,6849,customers,True
EIA-861,"EnergyMark, LLC",NY,Retail Power Marketer,6840,customers,True
EIA-861,Surprise Valley Electrification,CA NV OR,Cooperative,6712,customers,True
EIA-861,"Columbia Rural Elec Assn, Inc",OR WA,Cooperative,6656,customers,True
EIA-861,K C Electric Association,CO,Cooperative,6625,customers,True
EIA-861,City of Peru - (IL),IL,Municipal,6161,customers,True
EIA-861,"Energy Coop of New York, Inc",NY PA,Retail Power Marketer,6099,customers,True
EIA-861,South Central Electric Assn,MN,Cooperative,5944,customers,True
EIA-861,"Stream Energy New Jersey, LLC",NJ,Retail Power Marketer,5924,customers,True
EIA-861,"XOOM Energy Massachusetts, LLC",MA,Retail Power Marketer,5606,customers,True
EIA-861,"Pilot Power Group, LLC",CA,Retail Power Marketer,5559,customers,True
EIA-861,City of Worthington - (MN),MN,Municipal,5541,customers,True
EIA-861,"Great American Power, LLC",IL MD OH PA,Retail Power Marketer,5492,customers,True
EIA-861,Agralite Electric Coop,MN,Cooperative,5397,customers,True
EIA-861,Heartland Power Coop,IA MN,Cooperative,5349,customers,True
EIA-861,Greenlight Energy Inc.,DE IL MD NJ NY OH PA,Retail Power Marketer,5346,customers,True
EIA-861,Minnesota Valley Coop L&P Assn,MN,Cooperative,5310,customers,True
EIA-861,Mt Carmel Public Utility Co,IL,Investor Owned,5233,customers,True
EIA-861,Village of Solvay - (NY),NY,Municipal,5182,customers,True
EIA-861,City of Shasta Lake - (CA),CA,Municipal,4597,customers,True
EIA-861,U.S. Energy Partners LLC,NY,Retail Power Marketer,4558,customers,True
EIA-861,"SFE Energy NJ, Inc.",NJ,Retail Power Marketer,4537,customers,True
EIA-861,"Abest Power & Gas, LLC",NY,Retail Power Marketer,4237,customers,True
EIA-861,Powervine Energy,MD OH PA,Retail Power Marketer,3963,customers,True
EIA-861,"Palmco Power MD, LLC",MD,Retail Power Marketer,3836,customers,True
EIA-861,"All American Power and Gas, LLC",NJ NY OH PA,Retail Power Marketer,3763,customers,True
EIA-861,SmartestEnergy US LLC,CT DC DE IL MA MD NJ NY OH PA RI,Retail Power Marketer,3519,customers,True
EIA-861,Marathon Power LLC,MD NJ NY PA,Retail Power Marketer,3499,customers,True
EIA-861,"White River Electric Assn, Inc",CO,Cooperative,3485,customers,True
EIA-861,King City Community Power,CA,Community Choice Aggregator,3444,customers,True
EIA-861,ENGIE Power & Gas LLC,IL MD NJ NY OH PA,Retail Power Marketer,3161,customers,True
EIA-861,"Stream Energy Illinois, LLC",IL,Retail Power Marketer,3152,customers,True
EIA-861,"XOOM Energy New Jersey, LLC",NJ,Retail Power Marketer,3113,customers,True
EIA-861,"ResCom Energy, LLC",DE IL OH,Retail Power Marketer,3024,customers,True
EIA-861,"Stream Energy Maryland, LLC",MD,Retail Power Marketer,3012,customers,True
EIA-861,Glencoe Light & Power Comm,MN,Municipal,2974,customers,True
EIA-861,City & County of San Francisco,CA,Municipal,2941,customers,True
EIA-861,City of Corona - (CA),CA,Municipal,2773,customers,True
EIA-861,"Stream Energy New York, LLC",NY,Retail Power Marketer,2425,customers,True
EIA-861,Viridian Energy NY LLC,NY,Retail Power Marketer,2377,customers,True
EIA-861,"Town Square Energy East, LLC",MD NJ OH PA,Retail Power Marketer,2202,customers,True
EIA-861,Southwestern Electric Coop Inc - (NM),CO NM OK TX,Cooperative,2172,customers,True
EIA-861,BP Energy Retail LLC,CA CT DC DE IL MA MD ME NH NJ NY OH PA RI TX VA,Retail Power Marketer,2117,customers,True
EIA-861,"Summer Energy Midwest, LLC",IL OH PA,Retail Power Marketer,2096,customers,True
EIA-861,Polaris Power Services LLC,NJ NY PA,Retail Power Marketer,2092,customers,True
EIA-861,"Texas Retail Energy, LLC",CT IL MA MD ME NH NJ NY OH PA TX VA,Retail Power Marketer,1801,customers,True
EIA-861,"Mirabito Power & Gas, LLC",NY,Retail Power Marketer,1784,customers,True
EIA-861,"Chief Energy Power, LLC",NY,Retail Power Marketer,1779,customers,True
EIA-861,StateWise Energy Maryland LLC,MD,Retail Power Marketer,1761,customers,True
EIA-861,City of Vernon,CA,Municipal,1744,customers,True
EIA-861,Northeastern Power and Gas LLC,NY,Retail Power Marketer,1712,customers,True
EIA-861,"SFE Energy Illinois, Inc.",IL,Retail Power Marketer,1617,customers,True
EIA-861,Pay Less Energy LLC,NJ NY,Retail Power Marketer,1560,customers,True
EIA-861,"Palmetto Solar, LLC",AZ CA CO CT FL GA IL KS MA MD ME MI NC NH NJ NM NV NY OH OK PA RI TX,Behind the Meter,1468,customers,True
EIA-861,CPV Retail Energy LP,DC DE IL MD NJ OH PA,Retail Power Marketer,1463,customers,True
EIA-861,"Robison Energy, LLC",NY,Retail Power Marketer,1372,customers,True
EIA-861,City of Lake Crystal - (MN),MN,Municipal,1249,customers,True
EIA-861,Commercial Energy of California,CA,Retail Power Marketer,1046,customers,True
EIA-861,Spartacus Energy Services LLC,NJ PA,Retail Power Marketer,992,customers,True
EIA-861,"Horizon Power and Light, LLC",DC MD,Retail Power Marketer,990,customers,True
EIA-861,"XOOM Energy Washington DC, LLC",DC,Retail Power Marketer,976,customers,True
EIA-861,"All Choice Energy, LLC",NY PA,Retail Power Marketer,957,customers,True
EIA-861,New York Power Authority,NY,State,907,customers,True
EIA-861,"Palmco Power DC, LLC",DC,Retail Power Marketer,903,customers,True
EIA-861,"Power UP Energy, LLC",NJ NY PA,Retail Power Marketer,887,customers,True
EIA-861,Fishers Island Utility Co Inc,NY,Investor Owned,770,customers,True
EIA-861,The Regents of the Univ. of California,CA,Retail Power Marketer,768,customers,True
EIA-861,"ABN Energy, LLC",NY,Retail Power Marketer,693,customers,True
EIA-861,3 Phases Renewables Inc,CA,Retail Power Marketer,622,customers,True
EIA-861,Empire Natural Gas Corporation,NY,Retail Power Marketer,393,customers,True
EIA-861,"TerraForm US Energy Services, LLC",AZ CA CO CT FL GA HI MA MD NH NJ NY OR PA TX VT,Behind the Meter,336,customers,True
EIA-861,"Grid Power Direct, LLC",CT DC IL MA NJ NY OH PA,Retail Power Marketer,273,customers,True
EIA-861,City of Cerritos - (CA),CA,Municipal,261,customers,True
EIA-861,"Summer Energy Northeast, LLC",MA NH,Retail Power Marketer,257,customers,True
EIA-861,"Harborside Energy, LLC",NJ,Retail Power Marketer,250,customers,True
EIA-861,"Stream Energy Columbia, LLC",DC,Retail Power Marketer,240,customers,True
EIA-861,WAPA-- Western Area Power Administration,AZ CA CO KS MN MT ND NE NM NV SD UT WY,Federal,223,customers,True
EIA-861,First Choice Energy LLC,NY,Retail Power Marketer,209,customers,True
EIA-861,Greenbacker Renewable Energy Corporation,AR AZ CA CO CT FL HI IN MA MD NC NJ NV NY RI TN VT,Behind the Meter,155,customers,True
EIA-861,"Collegiate Clean Energy, LLC",VA,Retail Power Marketer,89,customers,True
EIA-861,"Ahana Renewables, LLC",AZ CA CO DC HI IL IN MA MD ME MI NH NJ NM NY OR PA RI VT,Behind the Meter,84,customers,True
EIA-861,Massachusetts Bay Trans Authority,MA,Political Subdivision,68,customers,True
EIA-861,"Greenskies Renewable Energy, LLC",CA CO CT FL MA NJ PA,Behind the Meter,60,customers,True
EIA-861,StateWise Energy Illinois LLC,IL,Retail Power Marketer,45,customers,True
EIA-861,"Messer Energy Services, Inc.",DE IL ME NY OH PA,Retail Power Marketer,14,customers,True
EIA-861,"Scale Sustainable I, LLC",CA CO DE NJ OR PA,Behind the Meter,12,customers,True
EIA-861,"Consolidated Power Co., LLC",NY,Retail Power Marketer,10,customers,True
EIA-861,Brookfield Renewable Energy Marketing US LLC,MD NV NY OR WA,Retail Power Marketer,10,customers,True
EIA-861,Calpine Power America LLC,CA ME TX,Retail Power Marketer,6,customers,True
EIA-861,"Devonshire Energy, LLC",DC MA NH RI,Retail Power Marketer,4,customers,True
EIA-861,Eastside Power Authority,CA,Political Subdivision,4,customers,True
EIA-861,BP Energy Company,TX WA,Retail Power Marketer,3,customers,True
EIA-861,PBF Power Marketing,DE NJ OH,Retail Power Marketer,3,customers,True
EIA-861,Brookfield Renewable Trading and Marketing LP,NH NY,Retail Power Marketer,2,customers,True
EIA-861,Arizona Electric Pwr Coop Inc,CA,Cooperative,1,customers,True
EIA-861,City of Escondido - (CA),CA,Municipal,1,customers,True
EIA-861,Kings River Conservation Dist,CA,Political Subdivision,1,customers,True
EIA-861,PUD No 1 of Whatcom County,WA,Political Subdivision,1,customers,True
EIA-861,Northern California Power Agny,CA,Political Subdivision,1,customers,True
EIA-861,Harvard Dedicated Energy Limit,MA,Retail Power Marketer,1,customers,True
EIA-861,Aggregated Transit Energy,MA,Retail Power Marketer,1,customers,True
EIA-861,Florida Power & Light Co,FL,Investor Owned,5905174,customers,False
EIA-861,"Duke Energy Carolinas, LLC",NC SC,Investor Owned,2907065,customers,False
EIA-861,Georgia Power Co,GA,Investor Owned,2804103,customers,False
EIA-861,"Duke Energy Florida, LLC",FL,Investor Owned,2009464,customers,False
EIA-861,"TXU Energy Retail Co, LLC",TX,Retail Power Marketer,1839776,customers,False
EIA-861,Duke Energy Progress - (NC),NC SC,Investor Owned,1753575,customers,False
EIA-861,PECO Energy Co,PA,Investor Owned,1706299,customers,False
EIA-861,Reliant Energy Retail Services,TX,Retail Power Marketer,1657903,customers,False
EIA-861,Alabama Power Co,AL,Investor Owned,1546483,customers,False
EIA-861,Ohio Power Co,OH,Investor Owned,1533265,customers,False
EIA-861,Arizona Public Service Co,AZ,Investor Owned,1400037,customers,False
EIA-861,Connecticut Light & Power Co,CT,Investor Owned,1290878,customers,False
EIA-861,Union Electric Co - (MO),MO,Investor Owned,1264469,customers,False
EIA-861,Wisconsin Electric Power Co,WI,Investor Owned,1170318,customers,False
EIA-861,Ohio Edison Co,OH,Investor Owned,1074066,customers,False
EIA-861,Nevada Power Co,NV,Investor Owned,1035139,customers,False
EIA-861,City of San Antonio - (TX),TX,Municipal,962272,customers,False
EIA-861,Oklahoma Gas & Electric Co,AR OK,Investor Owned,902714,customers,False
EIA-861,Tampa Electric Co,FL,Investor Owned,849876,customers,False
EIA-861,Duke Energy Ohio Inc,OH,Investor Owned,759800,customers,False
EIA-861,Cleveland Electric Illum Co,OH,Investor Owned,758455,customers,False
EIA-861,Central Maine Power Co,ME,Investor Owned,657328,customers,False
EIA-861,Idaho Power Co,ID OR,Investor Owned,641567,customers,False
EIA-861,Indiana Michigan Power Co,IN MI,Investor Owned,614556,customers,False
EIA-861,Duquesne Light Co,PA,Investor Owned,613788,customers,False
EIA-861,Southwestern Electric Power Co,AR LA TX,Investor Owned,554134,customers,False
EIA-861,Dayton Power & Light Co,OH,Investor Owned,540836,customers,False
EIA-861,The Narragansett Electric Co,RI,Investor Owned,514663,customers,False
EIA-861,Interstate Power and Light Co,IA,Investor Owned,504146,customers,False
EIA-861,Wisconsin Power & Light Co,WI,Investor Owned,501644,customers,False
EIA-861,Northern Indiana Pub Serv Co,IN,Investor Owned,492700,customers,False
EIA-861,Wisconsin Public Service Corp,WI,Investor Owned,467910,customers,False
EIA-861,"US Retailers, LLC",TX,Retail Power Marketer,466377,customers,False
EIA-861,Nashville Electric Service,TN,Municipal,463455,customers,False
EIA-861,El Paso Electric Co,NM TX,Investor Owned,459472,customers,False
EIA-861,"Pedernales Electric Coop, Inc",TX,Cooperative,457598,customers,False
EIA-861,Louisville Gas & Electric Co,KY,Investor Owned,437737,customers,False
EIA-861,City of Memphis - (TN),TN,Municipal,423338,customers,False
EIA-861,Omaha Public Power District,NE,Political Subdivision,413414,customers,False
EIA-861,Southwestern Public Service Co,NM TX,Investor Owned,408769,customers,False
EIA-861,Monongahela Power Co,WV,Investor Owned,397195,customers,False
EIA-861,Sierra Pacific Power Co,NV,Investor Owned,381873,customers,False
EIA-861,Middle Tennessee E M C,TN,Cooperative,344295,customers,False
EIA-861,"Denton County Elec Coop, Inc",TX,Cooperative,323783,customers,False
EIA-861,The Toledo Edison Co,OH,Investor Owned,316087,customers,False
EIA-861,Orlando Utilities Comm,FL,Municipal,282182,customers,False
EIA-861,Northern States Power Co,MI WI,Investor Owned,271298,customers,False
EIA-861,Jackson Electric Member Corp - (GA),GA,Cooperative,262629,customers,False
EIA-861,Withlacoochee River Elec Coop,FL,Cooperative,259639,customers,False
EIA-861,"Lee County Electric Coop, Inc - (FL)",FL,Cooperative,257631,customers,False
EIA-861,"Sumter Electric Coop, Inc",FL,Cooperative,252367,customers,False
EIA-861,Cobb Electric Membership Corp,GA,Cooperative,224124,customers,False
EIA-861,Value Based Brands LLC,TX,Retail Power Marketer,221191,customers,False
EIA-861,City of Huntsville - (AL),AL,Municipal,220576,customers,False
EIA-861,Knoxville Utilities Board,TN,Municipal,219297,customers,False
EIA-861,South Carolina Public Service Authority,SC,State,216494,customers,False
EIA-861,Sawnee Electric Membership Corporation,GA,Cooperative,202144,customers,False
EIA-861,City of Chattanooga - (TN),GA TN,Municipal,200605,customers,False
EIA-861,"Clay Electric Cooperative, Inc - (FL)",FL,Cooperative,193986,customers,False
EIA-861,Mississippi Power Co,MS,Investor Owned,192416,customers,False
EIA-861,Empire District Electric Co,AR KS MO OK,Investor Owned,188414,customers,False
EIA-861,"Stream SPE, LTD",TX,Retail Power Marketer,173162,customers,False
EIA-861,Versant Power,ME,Investor Owned,165560,customers,False
EIA-861,Kentucky Power Co,KY,Investor Owned,162507,customers,False
EIA-861,Duke Energy Kentucky,KY,Investor Owned,154073,customers,False
EIA-861,Southern Indiana Gas & Elec Co,IN,Investor Owned,153371,customers,False
EIA-861,Lincoln Electric System,NE,Municipal,153069,customers,False
EIA-861,Amigo Energy,TX,Retail Power Marketer,152249,customers,False
EIA-861,GreyStone Power Corporation,GA,Cooperative,152146,customers,False
EIA-861,Magic Valley Electric Coop Inc,TX,Cooperative,145755,customers,False
EIA-861,Montana-Dakota Utilities Co,MT ND SD WY,Investor Owned,145686,customers,False
EIA-861,Walton Electric Member Corp,GA,Cooperative,142923,customers,False
EIA-861,EnergyUnited Elec Member Corp,NC,Cooperative,142201,customers,False
EIA-861,"Tri-County Electric Coop, Inc (TX)",TX,Cooperative,139316,customers,False
EIA-861,City of Lakeland - (FL),FL,Municipal,136543,customers,False
EIA-861,Berkeley Electric Coop Inc,SC,Cooperative,133248,customers,False
EIA-861,"Bluebonnet Electric Coop, Inc",TX,Cooperative,133219,customers,False
EIA-861,Great Lakes Energy Coop,MI,Cooperative,132252,customers,False
EIA-861,Volunteer Electric Coop,TN,Cooperative,128502,customers,False
EIA-861,South Central Power Company,OH,Cooperative,127851,customers,False
EIA-861,Community Power Coalition of NH,NH,Community Choice Aggregator,126328,customers,False
EIA-861,City Utilities of Springfield - (MO),MO,Municipal,121603,customers,False
EIA-861,Carroll Electric Coop Corp - (AR),AR MO,Cooperative,121243,customers,False
EIA-861,City of Tallahassee - (FL),FL,Municipal,120220,customers,False
EIA-861,Dixie Electric Membership Corp - (LA),LA,Cooperative,119120,customers,False
EIA-861,Delaware Electric Cooperative,DE,Cooperative,118644,customers,False
EIA-861,Southwest Louisiana E M C,LA,Cooperative,117346,customers,False
EIA-861,Brunswick Electric Member Corp,NC,Cooperative,117339,customers,False
EIA-861,Chugach Electric Assn Inc,AK,Cooperative,113378,customers,False
EIA-861,Cumberland Elec Member Corp,TN,Cooperative,112512,customers,False
EIA-861,Snapping Shoals El Member Corp,GA,Cooperative,109742,customers,False
EIA-861,"Pulse Power, LLC",TX,Retail Power Marketer,107964,customers,False
EIA-861,"UNS Electric, Inc",AZ,Investor Owned,107484,customers,False
EIA-861,North Georgia Elec Member Corp,GA,Cooperative,106316,customers,False
EIA-861,Gainesville Regional Utilities,FL,Municipal,104509,customers,False
EIA-861,First Electric Coop Corp,AR,Cooperative,103960,customers,False
EIA-861,Guadalupe Valley Elec Coop Inc,TX,Cooperative,103781,customers,False
EIA-861,"Farmers Electric Coop, Inc - (TX)",TX,Cooperative,100359,customers,False
EIA-861,City of Eugene - (OR),OR,Municipal,99939,customers,False
EIA-861,City of Lansing - (MI),MI,Municipal,99649,customers,False
EIA-861,Horry Electric Coop Inc,SC,Cooperative,99014,customers,False
EIA-861,Flint Electric Membership Corp,GA,Cooperative,96707,customers,False
EIA-861,"Grayson-Collin Elec Coop, Inc",TX,Cooperative,95519,customers,False
EIA-861,Nebraska Public Power District,NE SD,Political Subdivision,94662,customers,False
EIA-861,Sam Houston Electric Coop Inc,TX,Cooperative,93486,customers,False
EIA-861,Kissimmee Utility Authority,FL,Municipal,91561,customers,False
EIA-861,Baldwin County El Member Corp,AL,Cooperative,91368,customers,False
EIA-861,Coast Electric Power Assn - (MS),MS,Cooperative,90247,customers,False
EIA-861,Ozarks Electric Coop Corp - (AR),AR OK,Cooperative,90236,customers,False
EIA-861,Coweta-Fayette El Member Corp,GA,Cooperative,89694,customers,False
EIA-861,Trinity Valley Elec Coop Inc,TX,Cooperative,88305,customers,False
EIA-861,Union Electric Membership Corp - (NC),NC,Cooperative,87751,customers,False
EIA-861,Fayetteville Public Works Commission,NC,Municipal,85435,customers,False
EIA-861,City of Clarksville - (TN),TN,Municipal,85314,customers,False
EIA-861,Duck River Elec Member Corp,TN,Cooperative,85185,customers,False
EIA-861,New Hampshire Elec Coop Inc,NH,Cooperative,84906,customers,False
EIA-861,Jones-Onslow Elec Member Corp,NC,Cooperative,84326,customers,False
EIA-861,Johnson City - (TN),TN,Municipal,84109,customers,False
EIA-861,Unitil Energy Systems,NH,Investor Owned,81452,customers,False
EIA-861,Singing River Elec Cooperative,AL MS,Cooperative,80613,customers,False
EIA-861,Palmetto Electric Coop Inc,SC,Cooperative,80015,customers,False
EIA-861,City of Lenoir - (TN),TN,Municipal,77358,customers,False
EIA-861,Rutherford Elec Member Corp,NC,Cooperative,76514,customers,False
EIA-861,Warren Rural Elec Coop Corp,KY,Cooperative,76434,customers,False
EIA-861,City of Garland - (TX),TX,Municipal,76337,customers,False
EIA-861,Flathead Electric Coop Inc,MT,Cooperative,75982,customers,False
EIA-861,South Plains Electric Coop Inc,TX,Cooperative,75401,customers,False
EIA-861,Cuivre River Electric Coop Inc,MO,Cooperative,74553,customers,False
EIA-861,Greenville Utilities Comm,NC,Municipal,74118,customers,False
EIA-861,City of Cleveland - (OH),OH,Municipal,73666,customers,False
EIA-861,Colquitt Electric Membership Corp,GA,Cooperative,72978,customers,False
EIA-861,City of Lafayette - (LA),LA,Municipal,72343,customers,False
EIA-861,South Kentucky Rural E C C,KY TN,Cooperative,71568,customers,False
EIA-861,Matanuska Electric Assn Inc,AK,Cooperative,71054,customers,False
EIA-861,Southern Pine Electric Cooperative,MS,Cooperative,70771,customers,False
EIA-861,York Electric Coop Inc,NC SC,Cooperative,70330,customers,False
EIA-861,City of Bryan - (TX),TX,Municipal,68685,customers,False
EIA-861,City of Kansas City - (KS),KS,Municipal,68637,customers,False
EIA-861,Lumbee River Elec Member Corp,NC,Cooperative,67214,customers,False
EIA-861,Central Georgia El Member Corp,GA,Cooperative,67135,customers,False
EIA-861,Owen Electric Coop Inc,KY,Cooperative,66763,customers,False
EIA-861,City of Denton - (TX),TX,Municipal,66609,customers,False
EIA-861,"Choctawhatche Elec Coop, Inc",FL,Cooperative,66479,customers,False
EIA-861,"Peace River Electric Coop, Inc",FL,Cooperative,66233,customers,False
EIA-861,"Laurens Electric Coop, Inc",SC,Cooperative,64665,customers,False
EIA-861,Oklahoma Electric Coop Inc,OK,Cooperative,64208,customers,False
EIA-861,Sevier County Electric System,TN,Municipal,63506,customers,False
EIA-861,Arkansas Valley Elec Coop Corp,AR OK,Cooperative,63333,customers,False
EIA-861,Mid-Carolina Electric Coop Inc,SC,Cooperative,60566,customers,False
EIA-861,City of New Braunfels - (TX),TX,Municipal,60463,customers,False
EIA-861,Kenergy Corp,KY,Cooperative,59702,customers,False
EIA-861,Cass County Elec Coop Inc,ND,Cooperative,59687,customers,False
EIA-861,Satilla Rural Elec Member Corporation,GA,Cooperative,59549,customers,False
EIA-861,"XOOM Energy Texas, LLC",TX,Retail Power Marketer,59240,customers,False
EIA-861,City of Athens - (AL),AL,Municipal,59121,customers,False
EIA-861,City of Independence - (MO),MO,Municipal,58789,customers,False
EIA-861,Foley Board of Utilities,AL,Municipal,58270,customers,False
EIA-861,"Talquin Electric Coop, Inc",FL,Cooperative,57261,customers,False
EIA-861,Salt River Electric Coop Corp,KY,Cooperative,57242,customers,False
EIA-861,City of Ocala,FL,Municipal,57035,customers,False
EIA-861,Tri-County Elec Member Corp (TN),KY TN,Cooperative,56924,customers,False
EIA-861,Amicalola Electric Member Corp,GA,Cooperative,56407,customers,False
EIA-861,Carroll Electric Member Corp - (GA),GA,Cooperative,56190,customers,False
EIA-861,Wake Electric Membership Corp,NC,Cooperative,56062,customers,False
EIA-861,"Washington-St Tammany E C, Inc",LA,Cooperative,55599,customers,False
EIA-861,Trico Electric Cooperative Inc,AZ,Cooperative,54860,customers,False
EIA-861,Brownsville Public Utilities Board,TX,Municipal,54712,customers,False
EIA-861,Mothership,TX,Retail Power Marketer,54701,customers,False
EIA-861,Sulphur Springs Valley E C Inc,AZ,Cooperative,54402,customers,False
EIA-861,Upper Cumberland E M C,TN,Cooperative,54190,customers,False
EIA-861,Pearl River Valley El Pwr Assn,MS,Cooperative,53958,customers,False
EIA-861,Upper Peninsula Power Company,MI,Investor Owned,53911,customers,False
EIA-861,Ironhorse Power Services LLC,TX,Retail Power Marketer,53804,customers,False
EIA-861,Jackson Energy Coop Corp - (KY),KY,Cooperative,53295,customers,False
EIA-861,City of Columbia - (MO),MO,Municipal,53276,customers,False
EIA-861,"BKV-BPP Retail, LLC",TX,Retail Power Marketer,53088,customers,False
EIA-861,"Young Energy, LLC",TX,Retail Power Marketer,53002,customers,False
EIA-861,Aiken Electric Coop Inc,SC,Cooperative,52839,customers,False
EIA-861,Nueces Electric Cooperative,TX,Cooperative,52603,customers,False
EIA-861,Southwest Tennessee E M C,TN,Cooperative,52353,customers,False
EIA-861,City of Florence - (AL),AL,Municipal,52289,customers,False
EIA-861,Summer Energy LLC,TX,Retail Power Marketer,52052,customers,False
EIA-861,Appalachian Electric Coop,TN,Cooperative,51366,customers,False
EIA-861,4-County Electric Power Assn,MS,Cooperative,51268,customers,False
EIA-861,Upshur Rural Elec Coop Corp,TX,Cooperative,50836,customers,False
EIA-861,Midwest Energy Inc - (KS),KS,Cooperative,50304,customers,False
EIA-861,Kingsport Power Co,TN,Investor Owned,49489,customers,False
EIA-861,"Cullman Electric Coop, Inc",AL,Cooperative,48412,customers,False
EIA-861,South River Elec Member Corp,NC,Cooperative,48357,customers,False
EIA-861,Golden Valley Elec Assn Inc,AK,Cooperative,48163,customers,False
EIA-861,White River Valley El Coop Inc,MO,Cooperative,48089,customers,False
EIA-861,"Central Texas Elec Coop, Inc",TX,Cooperative,47593,customers,False
EIA-861,Pennyrile Rural Electric Coop,KY,Cooperative,47560,customers,False
EIA-861,Central Alabama Electric Coop,AL,Cooperative,47420,customers,False
EIA-861,"Archer Energy, LLC",OH RI,Retail Power Marketer,47164,customers,False
EIA-861,City of College Station - (TX),TX,Municipal,47049,customers,False
EIA-861,Joe Wheeler Elec Member Corp,AL,Cooperative,46135,customers,False
EIA-861,Tombigbee Electric Power Assn,MS,Cooperative,45859,customers,False
EIA-861,"Navopache Electric Coop, Inc",AZ NM,Cooperative,45835,customers,False
EIA-861,"Mohave Electric Cooperative, Inc.",AZ,Cooperative,45535,customers,False
EIA-861,Cheyenne Light Fuel & Power,WY,Investor Owned,45390,customers,False
EIA-861,Deep East Texas Elec Coop Inc,TX,Cooperative,45353,customers,False
EIA-861,City of Farmington - (NM),NM,Municipal,45107,customers,False
EIA-861,"Santee Electric Coop, Inc",SC,Cooperative,44855,customers,False
EIA-861,"Southwest Electric Coop, Inc",MO,Cooperative,44694,customers,False
EIA-861,"Beauregard Electric Coop, Inc",LA,Cooperative,44510,customers,False
EIA-861,City of Edmond - (OK),OK,Municipal,44461,customers,False
EIA-861,Town of High Point,NC,Municipal,44195,customers,False
EIA-861,Cloverland Electric Co-op,MI,Cooperative,43779,customers,False
EIA-861,Navajo Tribal Utility Authority,AZ NM UT,State,43308,customers,False
EIA-861,Carteret-Craven El Member Corp,NC,Cooperative,43136,customers,False
EIA-861,City of Marietta - (GA),GA,Municipal,42506,customers,False
EIA-861,"Bandera Electric Coop, Inc",TX,Cooperative,42023,customers,False
EIA-861,Northeast Oklahoma Electric Co,OK,Cooperative,41995,customers,False
EIA-861,Okefenoke Rural El Member Corp,FL GA,Cooperative,41654,customers,False
EIA-861,"Wood County Electric Coop, Inc",TX,Cooperative,41529,customers,False
EIA-861,Central Lincoln People's Ut Dt,OR,Political Subdivision,41527,customers,False
EIA-861,Dixie Electric Power Assn - (MS),MS,Cooperative,41483,customers,False
EIA-861,Mid-South Electric Coop Assn,TX,Cooperative,41331,customers,False
EIA-861,Wheeling Power Co,WV,Investor Owned,41240,customers,False
EIA-861,French Broad Elec Member Corp,NC TN,Cooperative,41139,customers,False
EIA-861,Ozark Border Electric Coop,MO,Cooperative,40988,customers,False
EIA-861,City Water and Light Plant,AR,Municipal,40667,customers,False
EIA-861,City of Greeneville - (TN),TN,Municipal,40569,customers,False
EIA-861,City of Rock Hill - (SC),SC,Municipal,40379,customers,False
EIA-861,City of North Little Rock - (AR),AR,Municipal,40137,customers,False
EIA-861,Provo City Corp,UT,Municipal,40057,customers,False
EIA-861,Hart Electric Member Corp,GA,Cooperative,39869,customers,False
EIA-861,"Bowie-Cass Electric Coop, Inc",TX,Cooperative,39832,customers,False
EIA-861,Adams-Columbia Electric Coop,WI,Cooperative,39455,customers,False
EIA-861,Sequachee Valley Electric Coop,TN,Cooperative,39284,customers,False
EIA-861,Gibson Electric Members Corp,KY TN,Cooperative,39260,customers,False
EIA-861,West Kentucky Rural E C C,KY,Cooperative,39101,customers,False
EIA-861,Verdigris Valley Elec Coop Inc,OK,Cooperative,39067,customers,False
EIA-861,City of Dickson,TN,Municipal,38982,customers,False
EIA-861,"North Arkansas Elec Coop, Inc",AR,Cooperative,38978,customers,False
EIA-861,Central Electric Power Assn - (MS),MS,Cooperative,38975,customers,False
EIA-861,"Laclede Electric Coop, Inc",MO,Cooperative,38967,customers,False
EIA-861,Central Electric Coop Inc - (OR),OR,Cooperative,38864,customers,False
EIA-861,Nolin Rural Electric Coop Corp,KY,Cooperative,38741,customers,False
EIA-861,City of Jackson - (TN),TN,Municipal,38719,customers,False
EIA-861,Hendricks County Rural E M C,IN,Cooperative,38690,customers,False
EIA-861,MPD Electric Cooperative,SC,Cooperative,38612,customers,False
EIA-861,Cherryland Electric Coop Inc,MI,Cooperative,38558,customers,False
EIA-861,Diverse Power Incorporated,AL GA,Cooperative,38007,customers,False
EIA-861,Habersham Electric Membership Corp,GA,Cooperative,37655,customers,False
EIA-861,"Medina Electric Coop, Inc",TX,Cooperative,37645,customers,False
EIA-861,East Central Oklahoma Elec Coop Inc,OK,Cooperative,37439,customers,False
EIA-861,Upper Michigan Energy Resources Corp.,MI,Investor Owned,37359,customers,False
EIA-861,Midwest Energy Cooperative - (MI),IN MI OH,Cooperative,37028,customers,False
EIA-861,"Central Florida Elec Coop, Inc",FL,Cooperative,36994,customers,False
EIA-861,Jefferson Electric Member Corp,GA,Cooperative,36931,customers,False
EIA-861,Meriwether Lewis Electric Coop,TN,Cooperative,36758,customers,False
EIA-861,City of Wilson - (NC),NC,Municipal,36751,customers,False
EIA-861,Columbia Power System - (TN),TN,Municipal,36577,customers,False
EIA-861,"Mountain Electric Coop, Inc",NC TN,Cooperative,36326,customers,False
EIA-861,Fort Loudoun Electric Coop,TN,Cooperative,36287,customers,False
EIA-861,Beaches Energy Services,FL,Municipal,35976,customers,False
EIA-861,"Caney Fork Electric Coop, Inc",TN,Cooperative,35888,customers,False
EIA-861,Northcentral Mississippi E P A,MS,Cooperative,35643,customers,False
EIA-861,South Central Indiana REMC,IN,Cooperative,35504,customers,False
EIA-861,Four County Elec Member Corp,NC,Cooperative,35424,customers,False
EIA-861,"HILCO Electric Cooperative, Inc.",TX,Cooperative,35322,customers,False
EIA-861,Greer Commission of Public Wks,SC,Municipal,35307,customers,False
EIA-861,Ozark Electric Coop Inc - (MO),MO,Cooperative,35291,customers,False
EIA-861,Presque Isle Elec & Gas Coop,MI,Cooperative,35239,customers,False
EIA-861,Boone Electric Coop,MO,Cooperative,35157,customers,False
EIA-861,"Black River Electric Coop, Inc - (SC)",SC,Cooperative,34833,customers,False
EIA-861,Linn County REC,IA,Cooperative,34734,customers,False
EIA-861,Adams Electric Cooperative Inc,PA,Cooperative,34534,customers,False
EIA-861,Electrical Dist No3 Pinal County,AZ,Political Subdivision,34526,customers,False
EIA-861,"Florida Keys El Coop Assn, Inc",FL,Cooperative,34522,customers,False
EIA-861,Piedmont Electric Member Corp,NC,Cooperative,34448,customers,False
EIA-861,City of Bristol - (TN),TN,Municipal,34442,customers,False
EIA-861,City of Cleveland - (TN),TN,Municipal,34348,customers,False
EIA-861,City of Concord - (NC),NC,Municipal,34243,customers,False
EIA-861,Conway Corporation,AR,Municipal,34240,customers,False
EIA-861,"Fairfield Electric Coop, Inc",SC,Cooperative,34232,customers,False
EIA-861,Homer Electric Assn Inc,AK,Cooperative,34157,customers,False
EIA-861,Albany Utility Board,GA,Municipal,33921,customers,False
EIA-861,Randolph Electric Member Corp,NC,Cooperative,33815,customers,False
EIA-861,Sand Mountain Electric Coop,AL,Cooperative,33601,customers,False
EIA-861,City of St George,UT,Municipal,33533,customers,False
EIA-861,City of Anderson - (IN),IN,Municipal,33466,customers,False
EIA-861,Co-Mo Electric Coop Inc,MO,Cooperative,33399,customers,False
EIA-861,Magnolia Electric Power Assn,MS,Cooperative,33355,customers,False
EIA-861,City of Springfield - (OR),OR,Municipal,33147,customers,False
EIA-861,"Dixie Escalante R E A, Inc",AZ UT,Cooperative,33084,customers,False
EIA-861,City of Georgetown - (TX),TX,Municipal,33066,customers,False
EIA-861,"San Bernard Electric Coop, Inc",TX,Cooperative,32863,customers,False
EIA-861,Craighead Electric Coop Corp,AR,Cooperative,32805,customers,False
EIA-861,City of Idaho Falls - (ID),ID,Municipal,32782,customers,False
EIA-861,City of Alcoa Utilities,TN,Municipal,32727,customers,False
EIA-861,Northeastern Rural E M C,IN,Cooperative,32713,customers,False
EIA-861,City of Bowling Green - (KY),KY,Municipal,32517,customers,False
EIA-861,"Holston Electric Coop, Inc",TN,Cooperative,32487,customers,False
EIA-861,City of Dothan - (AL),AL,Municipal,32175,customers,False
EIA-861,Intercounty Electric Coop Assn - (MO),MO,Cooperative,32031,customers,False
EIA-861,"Utility Board of the City of Key West, F",FL,Municipal,31873,customers,False
EIA-861,"Oregon Trail El Cons Coop, Inc",OR,Cooperative,31823,customers,False
EIA-861,"Jemez Mountains Elec Coop, Inc",NM,Cooperative,31676,customers,False
EIA-861,Johnson County Rural E M C,IN,Cooperative,31501,customers,False
EIA-861,New Smyrna Beach City of,FL,Municipal,31490,customers,False
EIA-861,Meade County Rural E C C,KY,Cooperative,31485,customers,False
EIA-861,City of Holland,MI,Municipal,31457,customers,False
EIA-861,City of Clinton - (TN),TN,Municipal,31346,customers,False
EIA-861,City of Gastonia - (NC),NC,Municipal,31336,customers,False
EIA-861,Town of Apex- (NC),NC,Municipal,31261,customers,False
EIA-861,Lower Valley Energy Inc,ID WY,Cooperative,31141,customers,False
EIA-861,Tipmont Rural Elec Member Corp,IN,Cooperative,30852,customers,False
EIA-861,"Kit Carson Electric Coop, Inc",NM,Cooperative,30807,customers,False
EIA-861,Jackson Purchase Energy Corporation,KY,Cooperative,30708,customers,False
EIA-861,Tallapoosa River Elec Coop Inc,AL,Cooperative,30542,customers,False
EIA-861,Declaration Energy LLC,TX,Retail Power Marketer,30538,customers,False
EIA-861,Haywood Electric Member Corp,GA NC SC,Cooperative,30486,customers,False
EIA-861,Lehi City Corporation,UT,Municipal,30172,customers,False
EIA-861,Florida Public Utilities Co,FL,Investor Owned,30021,customers,False
EIA-861,City of Hamilton - (OH),OH,Municipal,29891,customers,False
EIA-861,"West Florida El Coop Assn, Inc",FL,Cooperative,29884,customers,False
EIA-861,Delta Electric Power Assn,MS,Cooperative,29744,customers,False
EIA-861,Fort Pierce Utilities Authority,FL,Municipal,29677,customers,False
EIA-861,North East Mississippi EPA,MS,Cooperative,29664,customers,False
EIA-861,Suwannee Valley Elec Coop Inc,FL,Cooperative,29392,customers,False
EIA-861,Southwest Arkansas E C C,AR OK TX,Cooperative,29298,customers,False
EIA-861,City of Rocky Mount - (NC),NC,Municipal,29188,customers,False
EIA-861,City of Bentonville - (AR),AR,Municipal,29024,customers,False
EIA-861,City of Leesburg - (FL),FL,Municipal,28899,customers,False
EIA-861,City of Mishawaka,IN,Municipal,28872,customers,False
EIA-861,City of Homestead - (FL),FL,Municipal,28795,customers,False
EIA-861,Clark County Rural E M C - (IN),IN,Cooperative,28585,customers,False
EIA-861,Tallahatchie Valley E P A,MS,Cooperative,28552,customers,False
EIA-861,Southeastern Indiana R E M C,IN,Cooperative,28525,customers,False
EIA-861,Surry-Yadkin Elec Member Corp,NC,Cooperative,28379,customers,False
EIA-861,Clark Energy Coop Inc - (KY),KY,Cooperative,28347,customers,False
EIA-861,Taylor County Rural E C C,KY,Cooperative,28281,customers,False
EIA-861,City of Ames - (IA),IA,Municipal,28108,customers,False
EIA-861,Southern Public Power District,NE,Political Subdivision,28035,customers,False
EIA-861,Inter County Energy Coop Corp - (KY),KY,Cooperative,28017,customers,False
EIA-861,City of Lake Worth Beach - (FL),FL,Municipal,27842,customers,False
EIA-861,Norris Public Power District,NE,Political Subdivision,27765,customers,False
EIA-861,Licking Rural Electric Inc,OH,Cooperative,27568,customers,False
EIA-861,City of Grand Island - (NE),NE,Municipal,27425,customers,False
EIA-861,CKenergy Electric Cooperative,OK,Cooperative,27398,customers,False
EIA-861,"Canadian Valley Elec Coop, Inc",OK,Cooperative,27361,customers,False
EIA-861,Tri-County Electric Coop (MI),MI,Cooperative,27142,customers,False
EIA-861,"Wiregrass Electric Coop, Inc",AL,Cooperative,27098,customers,False
EIA-861,City of Elizabethton - (TN),TN,Municipal,27053,customers,False
EIA-861,"Platte-Clay Electric Coop, Inc",MO,Cooperative,27000,customers,False
EIA-861,Tri-County Elec Member Corp (NC),NC,Cooperative,26981,customers,False
EIA-861,City of Gallatin - (TN),TN,Municipal,26963,customers,False
EIA-861,Decatur Utilities,AL,Municipal,26935,customers,False
EIA-861,Farmers Rural Electric Coop Corp - (KY),KY,Cooperative,26901,customers,False
EIA-861,Powder River Energy Corp,MT WY,Cooperative,26893,customers,False
EIA-861,Dixie Electric Coop - (AL),AL,Cooperative,26785,customers,False
EIA-861,City of Cuyahoga Falls - (OH),OH,Municipal,26783,customers,False
EIA-861,Wise Electric Coop Inc,TX,Cooperative,26734,customers,False
EIA-861,Black Warrior Elec Member Corp,AL,Cooperative,26648,customers,False
EIA-861,Cherokee Electric Coop - (AL),AL,Cooperative,26566,customers,False
EIA-861,City of Owensboro - (KY),KY,Municipal,26556,customers,False
EIA-861,"Lake Region Electric Coop, Inc - (OK)",OK,Cooperative,26481,customers,False
EIA-861,City of San Marcos - (TX),TX,Municipal,26024,customers,False
EIA-861,Fleming-Mason Energy Coop Inc,KY,Cooperative,25975,customers,False
EIA-861,"SFE Energy Pennsylvania, Inc.",PA,Retail Power Marketer,25929,customers,False
EIA-861,"Howell-Oregon Elec Coop, Inc",MO,Cooperative,25764,customers,False
EIA-861,Mitchell Electric Member Corp,GA,Cooperative,25680,customers,False
EIA-861,"Central Electric Coop, Inc - (PA)",PA,Cooperative,25604,customers,False
EIA-861,Black River Electric Coop - (MO),MO,Cooperative,25556,customers,False
EIA-861,Canoochee Electric Member Corp,GA,Cooperative,25476,customers,False
EIA-861,Excelsior Electric Member Corp,GA,Cooperative,25471,customers,False
EIA-861,Southwest Mississippi E P A,MS,Cooperative,25416,customers,False
EIA-861,Jackson County Rural E M C - (IN),IN,Cooperative,25399,customers,False
EIA-861,City of Dover - (DE),DE,Municipal,25126,customers,False
EIA-861,Town of Wallingford - (CT),CT,Municipal,25100,customers,False
EIA-861,City of New Bern - (NC),NC,Municipal,24952,customers,False
EIA-861,"Broad River Electric Coop, Inc",NC SC,Cooperative,24938,customers,False
EIA-861,"Victoria Electric Coop, Inc",TX,Cooperative,24936,customers,False
EIA-861,Heart of Texas Electric Coop,TX,Cooperative,24740,customers,False
EIA-861,Harrison County Rural E M C,IN,Cooperative,24691,customers,False
EIA-861,"Covington Electric Coop, Inc",AL,Cooperative,24683,customers,False
EIA-861,Central Electric Membership Corp. - (NC),NC,Cooperative,24626,customers,False
EIA-861,"Central Rural Electric Cooperative, Inc",OK,Cooperative,24602,customers,False
EIA-861,Prairie Land Electric Coop Inc,KS,Cooperative,24541,customers,False
EIA-861,Three Rivers Electric Coop,MO,Cooperative,24521,customers,False
EIA-861,City of Orangeburg - (SC),SC,Municipal,24461,customers,False
EIA-861,Kerrville Public Utility Board,TX,Municipal,24387,customers,False
EIA-861,Tideland Electric Member Corp,NC,Cooperative,24337,customers,False
EIA-861,"Cumberland Valley Electric, Inc.",KY TN,Cooperative,24260,customers,False
EIA-861,"Claiborne Electric Coop, Inc",LA,Cooperative,24175,customers,False
EIA-861,Eastern Iowa Light & Power Coop,IA,Cooperative,24070,customers,False
EIA-861,Coastal Electric Member Corp - (GA),GA,Cooperative,23978,customers,False
EIA-861,"Jasper-Newton Elec Coop, Inc",TX,Cooperative,23920,customers,False
EIA-861,"Lyntegar Electric Coop, Inc",TX,Cooperative,23882,customers,False
EIA-861,Cherokee County Elec Coop Assn - (TX),TX,Cooperative,23768,customers,False
EIA-861,"Cotton Electric Coop, Inc",OK,Cooperative,23744,customers,False
EIA-861,"Rusk County Electric Coop, Inc",TX,Cooperative,23620,customers,False
EIA-861,City of Lexington - (TN),TN,Municipal,23584,customers,False
EIA-861,City of Newport - (TN),TN,Municipal,23484,customers,False
EIA-861,Dawson Power District,NE,Political Subdivision,23461,customers,False
EIA-861,City of Alexandria - (LA),LA,Municipal,23460,customers,False
EIA-861,Southeastern Electric Coop Inc - (SD),SD,Cooperative,23436,customers,False
EIA-861,Continental Divide El Coop Inc,NM,Cooperative,23382,customers,False
EIA-861,Tri-County Elec Member Corp (GA),GA,Cooperative,23373,customers,False
EIA-861,City of LaFollette,TN,Municipal,23354,customers,False
EIA-861,Yellowstone Valley Elec Co-op,MT,Cooperative,23296,customers,False
EIA-861,"Good Charlie & Co., LLC",TX,Retail Power Marketer,23272,customers,False
EIA-861,People's Electric Cooperative,OK,Cooperative,23176,customers,False
EIA-861,Karnes Electric Coop Inc,TX,Cooperative,23149,customers,False
EIA-861,USBIA-Mission Valley Power,MT,Federal,23124,customers,False
EIA-861,"Chickasaw Electric Coop, Inc",TN,Cooperative,23106,customers,False
EIA-861,Emerald People's Utility Dist,OR,Political Subdivision,23079,customers,False
EIA-861,Maryville Utilities,TN,Municipal,23073,customers,False
EIA-861,"NTHERM, LLC",OH PA,Retail Power Marketer,22910,customers,False
EIA-861,Houston County Elec Coop Inc,TX,Cooperative,22901,customers,False
EIA-861,REA Energy Coop Inc,PA,Cooperative,22836,customers,False
EIA-861,City of Paris - (TN),TN,Municipal,22824,customers,False
EIA-861,"Gulf Coast Electric Coop, Inc",FL,Cooperative,22768,customers,False
EIA-861,City of Paducah - (KY),KY,Municipal,22762,customers,False
EIA-861,"Southern Pine Elec Coop, Inc",AL,Cooperative,22667,customers,False
EIA-861,Valley Rural Electric Coop Inc,PA,Cooperative,22585,customers,False
EIA-861,Tillamook Peoples Utility Dist,OR,Political Subdivision,22449,customers,False
EIA-861,"Lynches River Elec Coop, Inc",SC,Cooperative,22362,customers,False
EIA-861,Pee Dee Electric Member Corp,NC,Cooperative,22272,customers,False
EIA-861,C & L Electric Coop Corp,AR,Cooperative,22261,customers,False
EIA-861,Stillwater Utilities Authority,OK,Municipal,22191,customers,False
EIA-861,Polk-Burnett Electric Coop,WI,Cooperative,22157,customers,False
EIA-861,City of Frankfort - (KY),KY,Municipal,21968,customers,False
EIA-861,Altamaha Electric Member Corp,GA,Cooperative,21870,customers,False
EIA-861,City of Lawrenceburg,TN,Municipal,21838,customers,False
EIA-861,Choctaw Electric Coop Inc,OK,Cooperative,21800,customers,False
EIA-861,City of Logan - (UT),UT,Municipal,21774,customers,False
EIA-861,"Stream Energy Pennsylvania, LLC",PA,Retail Power Marketer,21658,customers,False
EIA-861,Tri-State Electric Member Corp,GA NC TN,Cooperative,21657,customers,False
EIA-861,Kankakee Valley Rural E M C,IN,Cooperative,21653,customers,False
EIA-861,"Navasota Valley Elec Coop, Inc",TX,Cooperative,21615,customers,False
EIA-861,Southern Rivers Energy,GA,Cooperative,21595,customers,False
EIA-861,"Crawford Electric Coop, Inc",MO,Cooperative,21530,customers,False
EIA-861,"Midstate Electric Coop, Inc",OR,Cooperative,21517,customers,False
EIA-861,Pickwick Electric Coop,TN,Cooperative,21500,customers,False
EIA-861,Taylor Electric Coop Inc - (TX),TX,Cooperative,21478,customers,False
EIA-861,Marshall-De Kalb Electric Coop,AL,Cooperative,21377,customers,False
EIA-861,Nodak Electric Coop Inc,ND,Cooperative,21340,customers,False
EIA-861,City of Richmond - (IN),IN,Municipal,21328,customers,False
EIA-861,"Edisto Electric Coop, Inc",SC,Cooperative,21317,customers,False
EIA-861,Sumter Electric Member Corp,GA,Cooperative,21314,customers,False
EIA-861,South Louisiana Elec Coop Assn,LA,Cooperative,21313,customers,False
EIA-861,"Central New Mexico El Coop, Inc",NM,Cooperative,21022,customers,False
EIA-861,Tennessee Valley Electric Coop,TN,Cooperative,20924,customers,False
EIA-861,Petit Jean Electric Coop Corp,AR,Cooperative,20917,customers,False
EIA-861,City of Norwich - (CT),CT,Municipal,20898,customers,False
EIA-861,Weakley County Mun Elec Sys,TN,Municipal,20893,customers,False
EIA-861,Salem Electric - (OR),OR,Cooperative,20845,customers,False
EIA-861,Loup River Public Power Dist,NE,Political Subdivision,20762,customers,False
EIA-861,Fall River Rural Elec Coop Inc,ID MT WY,Cooperative,20713,customers,False
EIA-861,"Panola-Harrison Elec Coop, Inc",LA TX,Cooperative,20711,customers,False
EIA-861,Pontotoc Electric Power Assn,MS,Cooperative,20694,customers,False
EIA-861,West River Electric Assn Inc,SD,Cooperative,20674,customers,False
EIA-861,Otero County Electric Coop Inc,NM,Cooperative,20582,customers,False
EIA-861,Clarke-Washington E M C,AL,Cooperative,20562,customers,False
EIA-861,"Kiamichi Electric Coop, Inc",OK,Cooperative,20532,customers,False
EIA-861,Grady Electric Membership Corp,GA,Cooperative,20531,customers,False
EIA-861,"Indian Electric Coop, Inc",OK,Cooperative,20505,customers,False
EIA-861,Victory Electric Coop Assn Inc,KS,Cooperative,20432,customers,False
EIA-861,Hamilton County Elec Coop Assn,TX,Cooperative,20392,customers,False
EIA-861,City of Bay City - (MI),MI,Municipal,20366,customers,False
EIA-861,City of Lexington - (NC),NC,Municipal,20323,customers,False
EIA-861,"Navarro County Elec Coop, Inc",TX,Cooperative,20262,customers,False
EIA-861,Cedar Falls Utilities,IA,Municipal,20246,customers,False
EIA-861,City of Murray - (UT),UT,Municipal,20240,customers,False
EIA-861,City of McMinnville - (OR),OR,Municipal,20232,customers,False
EIA-861,Riverland Energy Cooperative,WI,Cooperative,20060,customers,False
EIA-861,Woodruff Electric Coop Corp,AR,Cooperative,20024,customers,False
EIA-861,Utilities Dist-Western IN REMC,IN,Cooperative,19975,customers,False
EIA-861,"Tri-County Electric Coop, Inc (FL)",FL,Cooperative,19951,customers,False
EIA-861,Rayle Electric Membership Corp,GA,Cooperative,19919,customers,False
EIA-861,City of Cookeville - (TN),TN,Municipal,19787,customers,False
EIA-861,Pea River Electric Coop,AL,Cooperative,19759,customers,False
EIA-861,Webster Electric Coop,MO,Cooperative,19685,customers,False
EIA-861,Barron Electric Coop,WI,Cooperative,19656,customers,False
EIA-861,"New-Mac Electric Coop, Inc",MO,Cooperative,19620,customers,False
EIA-861,Cimarron Electric Coop,OK,Cooperative,19592,customers,False
EIA-861,Sheffield Utilities,AL,Municipal,19566,customers,False
EIA-861,Tri-County Rural Elec Coop Inc (PA),PA,Cooperative,19562,customers,False
EIA-861,City of Columbus - (OH),OH,Municipal,19521,customers,False
EIA-861,North Alabama Electric Coop,AL,Cooperative,19512,customers,False
EIA-861,City of Fayetteville,TN,Municipal,19465,customers,False
EIA-861,"Southern Federal Power, LLC",TX,Retail Power Marketer,19461,customers,False
EIA-861,Consolidated Cooperative,OH,Cooperative,19272,customers,False
EIA-861,Alcorn County Elec Power Assn,MS,Cooperative,19181,customers,False
EIA-861,Claverack Rural Elec Coop Inc,PA,Cooperative,19111,customers,False
EIA-861,"Cookson Hills Elec Coop, Inc",OK,Cooperative,19053,customers,False
EIA-861,Mountrail-Williams Elec Coop,ND,Cooperative,19043,customers,False
EIA-861,Boone County Rural EMC,IN,Cooperative,19043,customers,False
EIA-861,Kosciusko County Rural E M C,IN,Cooperative,19003,customers,False
EIA-861,FreeState Electric Coop,KS,Cooperative,18992,customers,False
EIA-861,NineStar Connect,IN,Cooperative,18936,customers,False
EIA-861,Oakdale Electric Coop,WI,Cooperative,18843,customers,False
EIA-861,"Electricity Maine, LLC",ME,Retail Power Marketer,18628,customers,False
EIA-861,Overton Power District No 5,NV,Political Subdivision,18539,customers,False
EIA-861,"Coos-Curry Electric Coop, Inc",OR,Cooperative,18533,customers,False
EIA-861,"Glades Electric Coop, Inc",FL,Cooperative,18532,customers,False
EIA-861,Sun Prairie Utilities,WI,Municipal,18498,customers,False
EIA-861,Heartland REMC,IN,Cooperative,18487,customers,False
EIA-861,"Tri-County Electric Coop, Inc (SC)",SC,Cooperative,18466,customers,False
EIA-861,Coosa Valley Electric Coop Inc,AL,Cooperative,18429,customers,False
EIA-861,Plateau Electric Cooperative,TN,Cooperative,18254,customers,False
EIA-861,Manitowoc Public Utilities,WI,Municipal,18228,customers,False
EIA-861,Planters Electric Member Corp,GA,Cooperative,18198,customers,False
EIA-861,Comanche County Elec Coop Assn,TX,Cooperative,18152,customers,False
EIA-861,City of Mesa - (AZ),AZ,Municipal,18101,customers,False
EIA-861,"Shelby Energy Coop, Inc - (KY)",KY,Cooperative,18076,customers,False
EIA-861,Osage Valley Elec Coop Assn,MO,Cooperative,18029,customers,False
EIA-861,Dalton Utilities,GA,Municipal,18022,customers,False
EIA-861,Alaska Electric Light & Power Co.,AK,Investor Owned,18005,customers,False
EIA-861,Cooke County Elec Coop Assn,TX,Cooperative,17997,customers,False
EIA-861,City of Westerville - (OH),OH,Municipal,17966,customers,False
EIA-861,Holmes-Wayne Electric Coop Inc,OH,Cooperative,17947,customers,False
EIA-861,City of Floresville,TX,Municipal,17915,customers,False
EIA-861,Licking Valley Rural E C C,KY,Cooperative,17892,customers,False
EIA-861,City of East Point - (GA),GA,Municipal,17872,customers,False
EIA-861,City of Oak Ridge,TN,Municipal,17831,customers,False
EIA-861,Red River Valley Rrl Elec Assn,OK,Cooperative,17766,customers,False
EIA-861,Northeast Louisiana Power Coop Inc.,LA,Cooperative,17755,customers,False
EIA-861,"South Alabama Elec Coop, Inc",AL,Cooperative,17707,customers,False
EIA-861,Columbia River Peoples Ut Dist,OR,Political Subdivision,17496,customers,False
EIA-861,City of Greenville - (TX),TX,Municipal,17439,customers,False
EIA-861,Western Indiana Energy REMC,IN,Cooperative,17439,customers,False
EIA-861,Easley Combined Utility System,SC,Municipal,17414,customers,False
EIA-861,"Pioneer Rural Elec Coop, Inc - (OH)",OH,Cooperative,17407,customers,False
EIA-861,"Jackson Electric Coop, Inc - (TX)",TX,Cooperative,17402,customers,False
EIA-861,City of Bountiful,UT,Municipal,17368,customers,False
EIA-861,Southeastern Electric Coop Inc - (OK),OK,Cooperative,17218,customers,False
EIA-861,Guernsey-Muskingum El Coop Inc,OH,Cooperative,17178,customers,False
EIA-861,Maquoketa Valley Rrl Elec Coop,IA,Cooperative,17170,customers,False
EIA-861,City of Marquette - (MI),MI,Municipal,17166,customers,False
EIA-861,Southern Pioneer Electric Company,KS,Cooperative,17105,customers,False
EIA-861,Weatherford Mun Utility System,TX,Municipal,16967,customers,False
EIA-861,Arab Electric Coop Inc,AL,Cooperative,16925,customers,False
EIA-861,"Lorain-Medina R E C, Inc",OH,Cooperative,16831,customers,False
EIA-861,Alpena Power Co,MI,Investor Owned,16807,customers,False
EIA-861,Verendrye Electric Coop Inc,ND,Cooperative,16739,customers,False
EIA-861,City of Gillette - (WY),WY,Municipal,16729,customers,False
EIA-861,Umatilla Electric Coop Assn,OR,Cooperative,16646,customers,False
EIA-861,City of Fremont - (NE),NE,Municipal,16622,customers,False
EIA-861,City of Kaukauna,WI,Municipal,16612,customers,False
EIA-861,City of Thomasville - (GA),GA,Municipal,16582,customers,False
EIA-861,"Missoula Electric Coop, Inc",ID MT,Cooperative,16575,customers,False
EIA-861,City of Morristown - (TN),TN,Municipal,16509,customers,False
EIA-861,"Lea County Electric Coop, Inc - (NM)",NM TX,Cooperative,16480,customers,False
EIA-861,"Pioneer Electric Coop, Inc - (KS)",KS,Cooperative,16350,customers,False
EIA-861,Washington Elec Member Corp,GA,Cooperative,16337,customers,False
EIA-861,SEMO Electric Cooperative,MO,Cooperative,16266,customers,False
EIA-861,"Fayette Electric Coop, Inc",TX,Cooperative,16230,customers,False
EIA-861,Natchez Trace Elec Power Assn,MS,Cooperative,16229,customers,False
EIA-861,Spanish Fork City Corporation,UT,Municipal,16142,customers,False
EIA-861,Concho Valley Elec Coop Inc,TX,Cooperative,16114,customers,False
EIA-861,"Electricity NH, LLC",NH,Retail Power Marketer,16074,customers,False
EIA-861,City of Griffin - (GA),GA,Municipal,16007,customers,False
EIA-861,"Garkane Energy Coop, Inc",AZ UT,Cooperative,15945,customers,False
EIA-861,City of Opelika - (AL),AL,Municipal,15933,customers,False
EIA-861,City of Ponca City - (OK),OK,Municipal,15876,customers,False
EIA-861,Superior Water and Light Co,WI,Investor Owned,15691,customers,False
EIA-861,City of Tupelo - (MS),MS,Municipal,15645,customers,False
EIA-861,Grayson Rural Electric Coop Corp,KY,Cooperative,15597,customers,False
EIA-861,Carroll County - (TN),TN,Municipal,15571,customers,False
EIA-861,OhmConnect Texas LLC,TX,Retail Power Marketer,15567,customers,False
EIA-861,West Central Electric Coop Inc - (MO),MO,Cooperative,15446,customers,False
EIA-861,City of Rockwood - (TN),TN,Municipal,15435,customers,False
EIA-861,LE Energy,OH,Retail Power Marketer,15418,customers,False
EIA-861,"XOOM Energy Connecticut, LLC",CT,Retail Power Marketer,15414,customers,False
EIA-861,City of Pulaski - (TN),TN,Municipal,15323,customers,False
EIA-861,"Deaf Smith Electric Coop, Inc",TX,Cooperative,15312,customers,False
EIA-861,Three Notch Elec Member Corp,GA,Cooperative,15281,customers,False
EIA-861,"Bartlett Electric Coop, Inc",TX,Cooperative,15253,customers,False
EIA-861,"Central Valley Elec Coop, Inc",NM,Cooperative,15225,customers,False
EIA-861,Roughrider Electric Cooperativ,ND,Cooperative,15187,customers,False
EIA-861,Carroll-White REMC,IN,Cooperative,15149,customers,False
EIA-861,City of Grand Haven - (MI),MI,Municipal,15117,customers,False
EIA-861,RushShelby Energy,IN,Cooperative,15041,customers,False
EIA-861,City of Bowling Green - (OH),OH,Municipal,14850,customers,False
EIA-861,City of Statesville - (NC),NC,Municipal,14805,customers,False
EIA-861,"XOOM Energy Pennsylvania, LLC",PA,Retail Power Marketer,14793,customers,False
EIA-861,City of Benton - (AR),AR,Municipal,14756,customers,False
EIA-861,City of Winter Park - (FL),FL,Municipal,14743,customers,False
EIA-861,Greenwood CPW,SC,Municipal,14742,customers,False
EIA-861,Loudon Utilities Board,TN,Municipal,14637,customers,False
EIA-861,Wisconsin Rapids W W & L Comm,WI,Municipal,14568,customers,False
EIA-861,"Rio Grande Electric Coop, Inc",NM TX,Cooperative,14566,customers,False
EIA-861,Dubois Rural Electric Coop Inc,IN,Cooperative,14494,customers,False
EIA-861,City of Covington - (GA),GA,Municipal,14475,customers,False
EIA-861,Paragould Municipal Utilities,AR,Municipal,14443,customers,False
EIA-861,City of Starkville,MS,Municipal,14395,customers,False
EIA-861,"XOOM Energy Ohio, LLC",OH,Retail Power Marketer,14388,customers,False
EIA-861,City of La Grange - (GA),GA,Municipal,14312,customers,False
EIA-861,Watertown Municipal Utilities,SD,Municipal,14308,customers,False
EIA-861,Tippah Electric Power Assn,MS,Cooperative,14297,customers,False
EIA-861,City of Washington - (NC),NC,Municipal,14282,customers,False
EIA-861,Prentiss County Elec Pwr Assn,MS,Cooperative,14173,customers,False
EIA-861,Athens Utility Board,TN,Municipal,14126,customers,False
EIA-861,Roanoke Electric Member Corp,NC,Cooperative,14115,customers,False
EIA-861,City of North Platte,NE,Municipal,14114,customers,False
EIA-861,Brooklet Energy Distribution,TX,Retail Power Marketer,14091,customers,False
EIA-861,City of Hastings - (NE),NE,Municipal,14083,customers,False
EIA-861,Lamar County Elec Coop Assn,TX,Cooperative,14013,customers,False
EIA-861,City of Marshfield - (WI),WI,Municipal,13966,customers,False
EIA-861,High Plains Power Inc,WY,Cooperative,13928,customers,False
EIA-861,Tishomingo County E P A,MS,Cooperative,13911,customers,False
EIA-861,"Somerset Rural Elec Coop, Inc",PA,Cooperative,13903,customers,False
EIA-861,Groton Dept of Utilities - (CT),CT,Municipal,13889,customers,False
EIA-861,Albemarle Electric Member Corp,NC,Cooperative,13870,customers,False
EIA-861,City of Wadsworth - (OH),OH,Municipal,13813,customers,False
EIA-861,Terrebonne Parish Consol Gov't,LA,Municipal,13804,customers,False
EIA-861,"Concordia Electric Coop, Inc",LA,Cooperative,13788,customers,False
EIA-861,McKenzie Electric Coop Inc,MT ND,Cooperative,13781,customers,False
EIA-861,"Paulding-Putman Elec Coop, Inc",IN OH,Cooperative,13739,customers,False
EIA-861,"Newberry Electric Coop, Inc",SC,Cooperative,13737,customers,False
EIA-861,"Farmers Electric Coop, Inc - (NM)",NM,Cooperative,13672,customers,False
EIA-861,"Farmers Electric Coop, Inc - (MO)",MO,Cooperative,13641,customers,False
EIA-861,Hancock-Wood Electric Coop Inc,OH,Cooperative,13640,customers,False
EIA-861,"Big Country Electric Coop, Inc",TX,Cooperative,13596,customers,False
EIA-861,City of Albemarle - (NC),NC,Municipal,13585,customers,False
EIA-861,Callaway Electric Cooperative,MO,Cooperative,13530,customers,False
EIA-861,Lane Electric Coop Inc,OR,Cooperative,13507,customers,False
EIA-861,City of Elizabeth City - (NC),NC,Municipal,13496,customers,False
EIA-861,City of Newark - (DE),DE,Municipal,13439,customers,False
EIA-861,City of Bartow - (FL),FL,Municipal,13430,customers,False
EIA-861,Oconee Electric Member Corp,GA,Cooperative,13418,customers,False
EIA-861,Clay County Electric Coop Corp - (AR),AR MO,Cooperative,13369,customers,False
EIA-861,USBIA-San Carlos Project,AZ,Federal,13341,customers,False
EIA-861,City of Claremore,OK,Municipal,13327,customers,False
EIA-861,Eastern Maine Electric Coop,ME,Cooperative,13257,customers,False
EIA-861,East Mississippi Elec Pwr Assn,MS,Cooperative,13236,customers,False
EIA-861,"Escambia River Elec Coop, Inc",FL,Cooperative,13224,customers,False
EIA-861,Iowa Lakes Electric Coop,IA,Cooperative,13206,customers,False
EIA-861,City of Traverse City - (MI),MI,Municipal,13146,customers,False
EIA-861,City of Greenfield - (IN),IN,Municipal,13055,customers,False
EIA-861,City of Monroe - (NC),NC,Municipal,12905,customers,False
EIA-861,City of Logansport - (IN),IN,Municipal,12885,customers,False
EIA-861,City of Hopkinsville,KY,Municipal,12865,customers,False
EIA-861,Wyandotte Municipal Serv Comm,MI,Municipal,12856,customers,False
EIA-861,City of Niles - (OH),OH,Municipal,12815,customers,False
EIA-861,City of Painesville,OH,Municipal,12614,customers,False
EIA-861,City of Lawrenceville - (GA),GA,Municipal,12613,customers,False
EIA-861,Big Sandy Rural Elec Coop Corp,KY,Cooperative,12611,customers,False
EIA-861,"Rural Electric Coop, Inc - (OK)",OK,Cooperative,12605,customers,False
EIA-861,City of Columbus - (MS),MS,Municipal,12568,customers,False
EIA-861,Midland Power Coop,IA,Cooperative,12562,customers,False
EIA-861,San Patricio Electric Coop Inc,TX,Cooperative,12522,customers,False
EIA-861,City of Springville - (UT),UT,Municipal,12366,customers,False
EIA-861,City of Brookings - (SD),SD,Municipal,12309,customers,False
EIA-861,"Union Rural Electric Coop, Inc",OH,Cooperative,12275,customers,False
EIA-861,Dahlberg Light & Power Co,WI,Investor Owned,12258,customers,False
EIA-861,Whitewater Valley Rural EMC,IN,Cooperative,12199,customers,False
EIA-861,Fannin County Electric Coop,TX,Cooperative,12172,customers,False
EIA-861,Bartholomew County Rural E M C,IN,Cooperative,12170,customers,False
EIA-861,Crisp County Power Comm,GA,Political Subdivision,12095,customers,False
EIA-861,Western Coop Electric Assn Inc,KS,Cooperative,12076,customers,False
EIA-861,City of Dyersburg,TN,Municipal,12075,customers,False
EIA-861,Northern Plains Electric Coop,ND,Cooperative,12039,customers,False
EIA-861,City of Holly Springs,MS,Municipal,12012,customers,False
EIA-861,City of Kinston - (NC),NC,Municipal,12002,customers,False
EIA-861,City of Garden City,KS,Municipal,11974,customers,False
EIA-861,Henderson City Utility Comm,KY,Municipal,11969,customers,False
EIA-861,City of West Memphis - (AR),AR,Municipal,11900,customers,False
EIA-861,City of Ruston - (LA),LA,Municipal,11857,customers,False
EIA-861,City of Lumberton - (NC),NC,Municipal,11848,customers,False
EIA-861,Butler Rural Electric Coop Inc - (OH),OH,Cooperative,11845,customers,False
EIA-861,Monroe County Elec Power Assn,MS,Cooperative,11820,customers,False
EIA-861,Edgecombe-Martin County E M C,NC,Cooperative,11818,customers,False
EIA-861,City of Shelbyville - (TN),TN,Municipal,11746,customers,False
EIA-861,Board of Water Electric & Communications,IA,Municipal,11724,customers,False
EIA-861,Borough of Chambersburg,PA,Municipal,11718,customers,False
EIA-861,Noble County R E M C,IN,Cooperative,11667,customers,False
EIA-861,Macon Electric Coop,MO,Cooperative,11651,customers,False
EIA-861,"Lamb County Electric Coop, Inc",TX,Cooperative,11634,customers,False
EIA-861,Central Missouri Elec Coop Inc,MO,Cooperative,11534,customers,False
EIA-861,"Alaska Village Elec Coop, Inc",AK,Cooperative,11518,customers,False
EIA-861,Pogo Energy LLC,TX,Retail Power Marketer,11517,customers,False
EIA-861,Bolivar Energy Authority,TN,Municipal,11449,customers,False
EIA-861,City of Dayton - (TN),TN,Municipal,11414,customers,False
EIA-861,Oconomowoc Utilities,WI,Municipal,11376,customers,False
EIA-861,City of Harriman - (TN),TN,Municipal,11322,customers,False
EIA-861,City of New Albany - (MS),MS,Municipal,11321,customers,False
EIA-861,City of Forest Grove,OR,Municipal,11316,customers,False
EIA-861,Tullahoma Board-Public Utils,TN,Municipal,11295,customers,False
EIA-861,"Midwest Electric, Inc - (OH)",OH,Cooperative,11193,customers,False
EIA-861,City of Bessemer Utilities,AL,Municipal,11143,customers,False
EIA-861,"Newnan Wtr, Sewer & Light Comm",GA,Municipal,11050,customers,False
EIA-861,Custer Public Power District,NE,Political Subdivision,11046,customers,False
EIA-861,City of Piqua - (OH),OH,Municipal,10943,customers,False
EIA-861,Albertville Municipal Utilities Board,AL,Municipal,10726,customers,False
EIA-861,"Jefferson Davis Elec Coop, Inc",LA,Cooperative,10725,customers,False
EIA-861,"South Central Ark El Coop, Inc",AR,Cooperative,10675,customers,False
EIA-861,Pointe Coupee Elec Member Corp,LA,Cooperative,10673,customers,False
EIA-861,Benton County,TN,Municipal,10664,customers,False
EIA-861,Dunn County Electric Coop,WI,Cooperative,10596,customers,False
EIA-861,City of Peru - (IN),IN,Municipal,10591,customers,False
EIA-861,Yazoo Valley Elec Power Assn,MS,Cooperative,10493,customers,False
EIA-861,Northern Wasco County PUD,OR,Political Subdivision,10492,customers,False
EIA-861,City of Oxford - (MS),MS,Municipal,10466,customers,False
EIA-861,Cornhusker Public Power Dist,NE,Political Subdivision,10405,customers,False
EIA-861,North West Rural Electric Coop,IA,Cooperative,10388,customers,False
EIA-861,Alger-Delta Coop Electric Assn,MI,Cooperative,10313,customers,False
EIA-861,City of Kirkwood - (MO),MO,Municipal,10313,customers,False
EIA-861,Elkhorn Rural Public Pwr Dist,NE,Political Subdivision,10231,customers,False
EIA-861,"Crawfordsville Elec, Lgt & Pwr",IN,Municipal,10193,customers,False
EIA-861,Gascosage Electric Coop,MO,Cooperative,10185,customers,False
EIA-861,Town of Middletown - (DE),DE,Municipal,10168,customers,False
EIA-861,"Forked Deer Electric Coop, Inc",TN,Cooperative,10142,customers,False
EIA-861,City of Seguin - (TX),TX,Municipal,9970,customers,False
EIA-861,"Southwest Texas Elec Coop, Inc",TX,Cooperative,9904,customers,False
EIA-861,City of Sweetwater,TN,Municipal,9870,customers,False
EIA-861,City of Lebanon - (OH),OH,Municipal,9824,customers,False
EIA-861,City of Siloam Springs - (AR),AR,Municipal,9787,customers,False
EIA-861,"North Central Elec Coop, Inc - (OH)",OH,Cooperative,9745,customers,False
EIA-861,City of Rolla - (MO),MO,Municipal,9633,customers,False
EIA-861,City of Sturgeon Bay - (WI),WI,Municipal,9629,customers,False
EIA-861,City of Poplar Bluff - (MO),MO,Municipal,9611,customers,False
EIA-861,"Southern Indiana R E C, Inc",IN,Cooperative,9590,customers,False
EIA-861,"Bedford Rural Elec Coop, Inc",PA,Cooperative,9582,customers,False
EIA-861,City of Lebanon - (IN),IN,Municipal,9562,customers,False
EIA-861,City of Troy - (AL),AL,Municipal,9501,customers,False
EIA-861,"Lighthouse Electric Coop, Inc",TX,Cooperative,9500,customers,False
EIA-861,City of Frankfort - (IN),IN,Municipal,9472,customers,False
EIA-861,City of Menasha - (WI),WI,Municipal,9469,customers,False
EIA-861,City of Altus - (OK),OK,Municipal,9443,customers,False
EIA-861,City of Stoughton - (WI),WI,Municipal,9443,customers,False
EIA-861,Ouachita Electric Coop Corp,AR,Cooperative,9281,customers,False
EIA-861,East-Central Iowa Rural Elec Coop,IA,Cooperative,9224,customers,False
EIA-861,City of Springfield - (TN),TN,Municipal,9144,customers,False
EIA-861,Bailey County Elec Coop Assn,TX,Cooperative,9131,customers,False
EIA-861,New River Light & Power Co,NC,State,9097,customers,False
EIA-861,Cullman Power Board,AL,Municipal,9078,customers,False
EIA-861,Access Energy Coop,IA,Cooperative,9067,customers,False
EIA-861,Town of Erwin - (TN),TN,Municipal,9008,customers,False
EIA-861,City of Muscle Shoals,AL,Municipal,9000,customers,False
EIA-861,City of McPherson - (KS),KS,Municipal,8988,customers,False
EIA-861,Fort Payne Improvement Authority,AL,Municipal,8985,customers,False
EIA-861,City of College Park - (GA),GA,Municipal,8932,customers,False
EIA-861,Greenwood Utilities Comm,MS,Municipal,8887,customers,False
EIA-861,City of Morganton - (NC),NC,Municipal,8868,customers,False
EIA-861,City of Hannibal - (MO),MO,Municipal,8798,customers,False
EIA-861,Town of Huntersville - (NC),NC,Municipal,8792,customers,False
EIA-861,City of Plymouth - (WI),WI,Municipal,8768,customers,False
EIA-861,City of Sikeston - (MO),MO,Municipal,8749,customers,False
EIA-861,City of Milford - (DE),DE,Municipal,8740,customers,False
EIA-861,City of Scottsboro - (AL),AL,Municipal,8737,customers,False
EIA-861,Jasper County Rural E M C,IN,Cooperative,8712,customers,False
EIA-861,Northeast Power,NE,Political Subdivision,8654,customers,False
EIA-861,Los Alamos County,NM,Municipal,8581,customers,False
EIA-861,South Central Public Pwr Dist,NE,Political Subdivision,8568,customers,False
EIA-861,City of Milan - (TN),TN,Municipal,8534,customers,False
EIA-861,Daviess Martin County R E M C,IN,Cooperative,8529,customers,False
EIA-861,City of Natchitoches,LA,Municipal,8481,customers,False
EIA-861,City of Celina - (OH),OH,Municipal,8468,customers,False
EIA-861,"Alfalfa Electric Coop, Inc",KS OK,Cooperative,8466,customers,False
EIA-861,Alaska Power and Telephone Co,AK,Investor Owned,8456,customers,False
EIA-861,Madisonville Municipal Utils,KY,Municipal,8444,customers,False
EIA-861,City of Farmington - (MO),MO,Municipal,8400,customers,False
EIA-861,Consolidated Electric Coop,MO,Cooperative,8315,customers,False
EIA-861,Decatur County Rural E M C,IN,Cooperative,8307,customers,False
EIA-861,McMinnville Electric System,TN,Municipal,8307,customers,False
EIA-861,"Provision Power & Gas, LLC",OH,Retail Power Marketer,8276,customers,False
EIA-861,"Alliance Power Company, LLC.",TX,Retail Power Marketer,8258,customers,False
EIA-861,City of Carthage - (MO),MO,Municipal,8251,customers,False
EIA-861,"SFE Energy Ohio, Inc.",OH,Retail Power Marketer,8223,customers,False
EIA-861,City of Cartersville - (GA),GA,Municipal,8184,customers,False
EIA-861,City of Boulder City - (NV),NV,Municipal,8074,customers,False
EIA-861,Franklin Electric Coop - (AL),AL,Cooperative,7994,customers,False
EIA-861,Hartford Electric,WI,Municipal,7971,customers,False
EIA-861,Ketchikan Public Utilities,AK,Municipal,7964,customers,False
EIA-861,City of Auburn - (IN),IN,Municipal,7940,customers,False
EIA-861,City of Murray - (KY),KY,Municipal,7938,customers,False
EIA-861,City of Jasper - (IN),IN,Municipal,7899,customers,False
EIA-861,Coldwater Board of Public Util,MI,Municipal,7829,customers,False
EIA-861,"Mt Wheeler Power, Inc",NV UT,Cooperative,7749,customers,False
EIA-861,Perennial Public Power Dist,NE,Political Subdivision,7747,customers,False
EIA-861,Cedar-Knox Public Power Dist,NE,Political Subdivision,7703,customers,False
EIA-861,City of Gaffney - (SC),SC,Municipal,7665,customers,False
EIA-861,City of Glasgow - (KY),KY,Municipal,7618,customers,False
EIA-861,"North Central Elec Coop, Inc - (ND)",ND,Cooperative,7592,customers,False
EIA-861,City of Winfield - (KS),KS,Municipal,7551,customers,False
EIA-861,Village of Waunakee - (WI),WI,Municipal,7536,customers,False
EIA-861,City of River Falls,WI,Municipal,7504,customers,False
EIA-861,City of Lebanon - (MO),MO,Municipal,7490,customers,False
EIA-861,City of Brenham - (TX),TX,Municipal,7442,customers,False
EIA-861,"Central Electric Coop, Inc - (SD)",SD,Cooperative,7351,customers,False
EIA-861,City of Pierre - (SD),SD,Municipal,7327,customers,False
EIA-861,"Palmco Power PA, LLC",PA,Retail Power Marketer,7247,customers,False
EIA-861,Varsity Energy,TX,Retail Power Marketer,7214,customers,False
EIA-861,North Plains Electric Coop Inc,TX,Cooperative,7203,customers,False
EIA-861,City of Sturgis - (MI),MI,Municipal,7173,customers,False
EIA-861,City of Orrville - (OH),OH,Municipal,7114,customers,False
EIA-861,City of Zeeland - (MI),MI,Municipal,7041,customers,False
EIA-861,Cedarburg Light & Water Comm,WI,Municipal,7012,customers,False
EIA-861,"Fergus Electric Coop, Inc",MT,Cooperative,6999,customers,False
EIA-861,Dakota Valley Elec Coop Inc,ND,Cooperative,6932,customers,False
EIA-861,Guntersville Electric Board,AL,Municipal,6922,customers,False
EIA-861,City of Dover - (OH),OH,Municipal,6893,customers,False
EIA-861,"Northern Electric Coop, Inc",SD,Cooperative,6888,customers,False
EIA-861,City of Hope - (AR),AR,Municipal,6882,customers,False
EIA-861,City of Winchester - (TN),TN,Municipal,6835,customers,False
EIA-861,Midwest Electric Member Corp - (NE),NE,Cooperative,6789,customers,False
EIA-861,"Wharton County Elec Coop, Inc",TX,Cooperative,6673,customers,False
EIA-861,City of Ripley - (TN),TN,Municipal,6663,customers,False
EIA-861,City of Lewisburg - (TN),TN,Municipal,6662,customers,False
EIA-861,FairPoint Energy LLC,ME NH,Retail Power Marketer,6641,customers,False
EIA-861,Butler Public Power District - (NE),NE,Political Subdivision,6568,customers,False
EIA-861,Town of Tarboro - (NC),NC,Municipal,6503,customers,False
EIA-861,Tesla Energy Ventures,TX,Retail Power Marketer,6503,customers,False
EIA-861,City of Union City,TN,Municipal,6483,customers,False
EIA-861,Wellsborough Electric Co,PA,Investor Owned,6469,customers,False
EIA-861,Wells Rural Electric Co,NV UT,Cooperative,6467,customers,False
EIA-861,"Lower Yellowstone R E A, Inc",MT ND,Cooperative,6386,customers,False
EIA-861,Lockhart Power Co,SC,Investor Owned,6343,customers,False
EIA-861,Southwest Public Power Dist,NE,Political Subdivision,6284,customers,False
EIA-861,Kodiak Electric Assn Inc,AK,Cooperative,6255,customers,False
EIA-861,City of Calhoun - (GA),GA,Municipal,6254,customers,False
EIA-861,Electrical Dist No2 Pinal County,AZ,Political Subdivision,6247,customers,False
EIA-861,Two Rivers Water & Light,WI,Municipal,6238,customers,False
EIA-861,City of South Sioux City,NE,Municipal,6223,customers,False
EIA-861,Shawano Municipal Utilities,WI,Municipal,6104,customers,False
EIA-861,Roosevelt County Elec Coop Inc,NM,Cooperative,6079,customers,False
EIA-861,City of Bluffton - (IN),IN,Municipal,6054,customers,False
EIA-861,City of Douglas,GA,Municipal,5932,customers,False
EIA-861,Kay Electric Coop,OK,Cooperative,5899,customers,False
EIA-861,City of Franklin - (KY),KY,Municipal,5864,customers,False
EIA-861,"XOOM Energy Maine, LLC",ME,Retail Power Marketer,5855,customers,False
EIA-861,City of Hartselle,AL,Municipal,5755,customers,False
EIA-861,City of Coffeyville - (KS),KS,Municipal,5740,customers,False
EIA-861,"C. N. Brown Electricity, LLC",ME,Retail Power Marketer,5714,customers,False
EIA-861,City of New Richmond,WI,Municipal,5705,customers,False
EIA-861,"Greenbelt Electric Coop, Inc",TX,Cooperative,5663,customers,False
EIA-861,Rosebud Electric Coop Inc,SD,Cooperative,5637,customers,False
EIA-861,Missouri Rural Electric Coop,MO,Cooperative,5632,customers,False
EIA-861,City of Lubbock - (TX),TX,Municipal,5614,customers,False
EIA-861,City of Chanute,KS,Municipal,5567,customers,False
EIA-861,Reedsburg Utility Comm,WI,Municipal,5564,customers,False
EIA-861,North Central Power Co Inc,WI,Investor Owned,5516,customers,False
EIA-861,Houlton Water Company,ME,Municipal,5496,customers,False
EIA-861,City of Brownsville,TN,Municipal,5421,customers,False
EIA-861,Town of Murphy - (NC),NC,Municipal,5413,customers,False
EIA-861,Raft Rural Elec Coop Inc,ID NV UT,Cooperative,5391,customers,False
EIA-861,City of Okolona,MS,Municipal,5390,customers,False
EIA-861,Pike County Light & Power Co,PA,Investor Owned,5362,customers,False
EIA-861,City of Etowah,TN,Municipal,5360,customers,False
EIA-861,City of Berea Municipal Utility,KY,Municipal,5359,customers,False
EIA-861,City of Mayfield Plant Board,KY,Municipal,5216,customers,False
EIA-861,Butler County Rural Elec Coop - (IA),IA,Cooperative,5110,customers,False
EIA-861,City of Russellville - (AL),AL,Municipal,5096,customers,False
EIA-861,Pascoag Utility District,RI,Municipal,4984,customers,False
EIA-861,City of Tuscumbia,AL,Municipal,4984,customers,False
EIA-861,Mississippi County Electric Co,AR,Cooperative,4919,customers,False
EIA-861,City of Monett - (MO),MO,Municipal,4887,customers,False
EIA-861,City of Covington - (TN),TN,Municipal,4713,customers,False
EIA-861,City of Andalusia,AL,Municipal,4675,customers,False
EIA-861,City of Lexington - (NE),NE,Municipal,4614,customers,False
EIA-861,City of Humboldt,TN,Municipal,4585,customers,False
EIA-861,Lake Mills Light & Water,WI,Municipal,4580,customers,False
EIA-861,Clarksville Connected Utilities,AR,Municipal,4578,customers,False
EIA-861,Waupun Utilities,WI,Municipal,4543,customers,False
EIA-861,City of Evansville,WI,Municipal,4467,customers,False
EIA-861,City of Jellico,KY TN,Municipal,4411,customers,False
EIA-861,"JP Energy Resources, LLC",TX,Retail Power Marketer,4411,customers,False
EIA-861,Jefferson Utilities,WI,Municipal,4333,customers,False
EIA-861,Prairie Energy Coop,IA,Cooperative,4317,customers,False
EIA-861,Clatskanie Peoples Util Dist,OR,Political Subdivision,4312,customers,False
EIA-861,City of Mt Pleasant - (TN),TN,Municipal,4294,customers,False
EIA-861,Village of Mt. Horeb - (WI),WI,Municipal,4286,customers,False
EIA-861,"McLean Electric Coop, Inc",ND,Cooperative,4278,customers,False
EIA-861,City of Russellville - (KY),KY,Municipal,4174,customers,False
EIA-861,New London Electric&Water Util,WI,Municipal,4142,customers,False
EIA-861,Slope Electric Coop Inc,ND,Cooperative,4098,customers,False
EIA-861,Strawberry Electric Serv Dist,UT,Political Subdivision,4072,customers,False
EIA-861,City of Buford,GA,Municipal,4060,customers,False
EIA-861,Revolution Energy LLC,TX,Retail Power Marketer,4024,customers,False
EIA-861,Heritage Power LLC,TX,Retail Power Marketer,3977,customers,False
EIA-861,City of Amory,MS,Municipal,3959,customers,False
EIA-861,Black Diamond Power Co,WV,Investor Owned,3933,customers,False
EIA-861,City of West Point - (MS),MS,Municipal,3840,customers,False
EIA-861,City of Philadelphia - (MS),MS,Municipal,3839,customers,False
EIA-861,Dakota Energy Coop Inc,SD,Cooperative,3638,customers,False
EIA-861,"Accent Energy Holdings, LLC",TX,Retail Power Marketer,3636,customers,False
EIA-861,Current Power & Gas Inc.,OH,Retail Power Marketer,3531,customers,False
EIA-861,Burke-Divide Electric Coop Inc,ND,Cooperative,3495,customers,False
EIA-861,Louisville Electric System,MS,Municipal,3462,customers,False
EIA-861,Gila River Indian Utility Authority (GRICUA),AZ,Cooperative,3433,customers,False
EIA-861,City of Maquoketa - (IA),IA,Municipal,3416,customers,False
EIA-861,City of Aberdeen - (MS),MS,Municipal,3330,customers,False
EIA-861,City of Madison - (SD),SD,Municipal,3322,customers,False
EIA-861,City of Independence - (IA),IA,Municipal,3193,customers,False
EIA-861,Clyde Light & Power,OH,Municipal,3132,customers,False
EIA-861,City of Sparta,TN,Municipal,3092,customers,False
EIA-861,"Springer Electric Coop, Inc",NM,Cooperative,3084,customers,False
EIA-861,City of Smithville - (TN),TN,Municipal,3051,customers,False
EIA-861,Slinger Utilities,WI,Municipal,3037,customers,False
EIA-861,Salmon River Electric Coop Inc,ID,Cooperative,2982,customers,False
EIA-861,City of Richland Center - (WI),WI,Municipal,2939,customers,False
EIA-861,City of Columbus - (WI),WI,Municipal,2906,customers,False
EIA-861,City of Black River Falls,WI,Municipal,2886,customers,False
EIA-861,StateWise Energy Ohio LLC,OH,Retail Power Marketer,2879,customers,False
EIA-861,City of Sandersville - (GA),GA,Municipal,2835,customers,False
EIA-861,Bozrah Light & Power Company,CT,Municipal,2830,customers,False
EIA-861,City of New Holstein - (WI),WI,Municipal,2716,customers,False
EIA-861,City of Tarrant,AL,Municipal,2692,customers,False
EIA-861,City of Gladstone,MI,Municipal,2687,customers,False
EIA-861,The Energy Coop,PA,Cooperative,2659,customers,False
EIA-861,Town of Madison - (ME),ME,Municipal,2656,customers,False
EIA-861,Morenci Water and Electric,AZ,Investor Owned,2630,customers,False
EIA-861,City of Benton - (KY),KY,Municipal,2570,customers,False
EIA-861,City of Trenton - (TN),TN,Municipal,2463,customers,False
EIA-861,City of Sylvania - (GA),GA,Municipal,2376,customers,False
EIA-861,Pioneer Power and Light Co,WI,Investor Owned,2278,customers,False
EIA-861,City of Negaunee,MI,Municipal,2263,customers,False
EIA-861,City of Norway,MI,Municipal,2257,customers,False
EIA-861,City of Washington - (GA),GA,Municipal,2230,customers,False
EIA-861,Village of Prairie Du Sac - (WI),WI,Municipal,2227,customers,False
EIA-861,City of Water Valley - (MS),MS,Municipal,2079,customers,False
EIA-861,Algoma Utility Comm,WI,Municipal,2050,customers,False
EIA-861,Block Island Utility District,RI,Political Subdivision,2013,customers,False
EIA-861,Waterloo Light & Water Comm,WI,Municipal,1926,customers,False
EIA-861,Brodhead Water & Lighting Comm,WI,Municipal,1857,customers,False
EIA-861,Independence Energy Group LLC,PA,Retail Power Marketer,1857,customers,False
EIA-861,City of Newbern,TN,Municipal,1836,customers,False
EIA-861,City of Lodi - (WI),WI,Municipal,1801,customers,False
EIA-861,"Rita Blanca Electric Coop, Inc",TX,Cooperative,1787,customers,False
EIA-861,City of Boscobel - (WI),WI,Municipal,1782,customers,False
EIA-861,Oconto Falls Water & Light Comm,WI,Municipal,1674,customers,False
EIA-861,Florence Utility Comm,WI,Municipal,1621,customers,False
EIA-861,City of Fulton - (KY),KY,Municipal,1613,customers,False
EIA-861,City of Crystal Falls,MI,Municipal,1603,customers,False
EIA-861,Hustisford Utilities,WI,Municipal,1597,customers,False
EIA-861,City of Eagle River - (WI),WI,Municipal,1587,customers,False
EIA-861,Central Florida Tourism Oversight District,FL,Municipal,1563,customers,False
EIA-861,3000 Energy Corp,TX,Retail Power Marketer,1535,customers,False
EIA-861,Kotzebue Electric Assn Inc,AK,Cooperative,1354,customers,False
EIA-861,Village of New Glarus - (WI),WI,Municipal,1296,customers,False
EIA-861,Median Energy PA LLC,PA,Retail Power Marketer,1285,customers,False
EIA-861,City of Westby,WI,Municipal,1275,customers,False
EIA-861,"Wolverine Alternative Investments, LLC",TX,Retail Power Marketer,1272,customers,False
EIA-861,City of Volga - (SD),SD,Municipal,1266,customers,False
EIA-861,Branch Energy Texas LLC,TX,Retail Power Marketer,1243,customers,False
EIA-861,"XOOM Energy New Hampshire, LLC",NH,Retail Power Marketer,1212,customers,False
EIA-861,City of Macon - (MS),MS,Municipal,1181,customers,False
EIA-861,StateWise Energy Pennsylvania LLC,PA,Retail Power Marketer,1170,customers,False
EIA-861,Juneau Utility Comm,WI,Municipal,1166,customers,False
EIA-861,Village of L'Anse - (MI),MI,Municipal,1154,customers,False
EIA-861,Village of Muscoda - (WI),WI,Municipal,1138,customers,False
EIA-861,City of Cuba City,WI,Municipal,1132,customers,False
EIA-861,City of Hickman,KY,Municipal,1053,customers,False
EIA-861,Ajo Improvement Co,AZ,Investor Owned,1031,customers,False
EIA-861,Pumpjack Power LLC,TX,Retail Power Marketer,1010,customers,False
EIA-861,City of Chickamauga,GA,Municipal,973,customers,False
EIA-861,Whitehall Electric Utility,WI,Municipal,963,customers,False
EIA-861,Anthracite Power & Light,PA,Retail Power Marketer,942,customers,False
EIA-861,"Stream Ohio Gas & Electric, LLC",OH,Retail Power Marketer,908,customers,False
EIA-861,Amana Society Service Co,IA,Investor Owned,889,customers,False
EIA-861,Arrow Energy TX LLC,TX,Retail Power Marketer,825,customers,False
EIA-861,Village of Baraga - (MI),MI,Municipal,809,customers,False
EIA-861,Westfield Electric Company,WI,Investor Owned,795,customers,False
EIA-861,City of Courtland,AL,Municipal,763,customers,False
EIA-861,Electrical Dist No8 Maricopa,AZ,Political Subdivision,695,customers,False
EIA-861,"SFE Energy Texas, Inc.",TX,Retail Power Marketer,661,customers,False
EIA-861,City of Preston,IA,Municipal,622,customers,False
EIA-861,"XOOM Energy Delaware, LLC",DE,Retail Power Marketer,529,customers,False
EIA-861,Ak-Chin Electric Utility Authority,AZ,State,466,customers,False
EIA-861,"XOOM Energy Rhode Island, LLC",RI,Retail Power Marketer,304,customers,False
EIA-861,Texas General Land Office,TX,Retail Power Marketer,261,customers,False
EIA-861,Click Energy LLC,PA,Retail Power Marketer,249,customers,False
EIA-861,"Palmco Power DE, LLC",DE,Retail Power Marketer,248,customers,False
EIA-861,Tenaska Power Services,NV TX,Retail Power Marketer,204,customers,False
EIA-861,Philadelphia Authority for Industrial Development,PA,Municipal,202,customers,False
EIA-861,"Stream Energy Delaware, LLC",DE,Retail Power Marketer,182,customers,False
EIA-861,TDX North Slope Generating Co,AK,Investor Owned,162,customers,False
EIA-861,Algonquin Energy Services,ME,Retail Power Marketer,127,customers,False
EIA-861,"Light Energy, LLC",TX,Retail Power Marketer,119,customers,False
EIA-861,Maison Energy LLC,TX,Retail Power Marketer,97,customers,False
EIA-861,Smart Prepaid Electric,TX,Retail Power Marketer,96,customers,False
EIA-861,Consolidated Water Power Co,WI,Investor Owned,91,customers,False
EIA-861,Grand River Dam Authority,OK,State,79,customers,False
EIA-861,Ammper Power LLC,TX,Retail Power Marketer,66,customers,False
EIA-861,"Robindale Retail Power Services, LLC",PA,Retail Power Marketer,57,customers,False
EIA-861,"Texas A&M, Utilities & Energy Services",TX,State,43,customers,False
EIA-861,Electranet Power LLC,TX,Retail Power Marketer,29,customers,False
EIA-861,Withheld,TX,Retail Power Marketer,27,customers,False
EIA-861,Wolverine Power Marketing Coop,MI,Cooperative,21,customers,False
EIA-861,Colorado River Comm of Nevada,NV,State,16,customers,False
EIA-861,"MEMS Industrial Supply, LLC",TX,Retail Power Marketer,13,customers,False
EIA-861,Total Gas & Power North America Inc,TX,Retail Power Marketer,11,customers,False
EIA-861,"APN Starfirst, L.P.",OH PA,Retail Power Marketer,10,customers,False
EIA-861,Freedom Energy,ME NH,Retail Power Marketer,10,customers,False
EIA-861,New Brunswick Power Generation Corp.,ME,Retail Power Marketer,10,customers,False
EIA-861,Silver State Energy Association,NV,Retail Power Marketer,7,customers,False
EIA-861,Morgan Stanley Capital Grp Inc,MT TX,Retail Power Marketer,3,customers,False
EIA-861,Vinton Public Power Authority,LA,Political Subdivision,3,customers,False
EIA-861,"Spartan Renewable Energy, Inc",MI,Retail Power Marketer,3,customers,False
EIA-861,AGC Division of APGI Inc,IN,Investor Owned,2,customers,False
EIA-861,ConocoPhillips Company,TX,Retail Power Marketer,2,customers,False
EIA-861,"FlowX, LLC",TX,Retail Power Marketer,2,customers,False
EIA-861,Basin Electric Power Coop,ND,Cooperative,1,customers,False
EIA-861,Farmington River Power Company,CT,Investor Owned,1,customers,False
EIA-861,Ohio Valley Electric Corp,OH,Investor Owned,1,customers,False
EIA-861,Macquarie Energy LLC,NV,Retail Power Marketer,1,customers,False
EIA-861,"UP Power Marketing, LLC",MI,Retail Power Marketer,1,customers,False
EIA-861,"TerraForm Renewable Energy Services, LLC",TX,Retail Power Marketer,1,customers,False
EIA-861,Selfserve Energy Corp.,TX,Retail Power Marketer,1,customers,False
