posting_key,employer,industry,title,role_family,job_level,ats_platform,url,metro,study_metro,tier,state,census_region,states_listed,n_locations,mandate_state,seniority_rank,seniority_label,early_career,is_level_range,distance_miles,work_arrangement,remote_eligible,posted_at,posting_age_days,first_seen_run,last_seen_run,yrs_exp_min,yrs_exp_excerpt,pay_disclosed,pay_min,pay_max,pay_midpoint,rpp,pay_midpoint_real,pay_range_width,pay_source,pay_unit_original,hourly_original,pay_single_figure,pay_excerpt,description_hash,description_chars,degree_required,degree_stem,advanced_degree_pref,prior_internship_req,certification_req,skill_python_r,skill_sql,skill_cloud,skill_ml_ai,skill_viz_bi,skill_big_data,soft_teamwork,soft_communication,soft_leadership,soft_problem_solving,travel_required,on_call,security_clearance,union_role,sponsorship_unavailable,benefit_health,benefit_retirement,benefit_bonus,benefit_equity,benefit_paid_leave,benefit_tuition,benefit_relocation,benefit_wellness
096006cdd9de11bf,Cologix,data_center,IT Systems DevOps Engineer,other,0,lever,https://jobs.lever.co/cologix/96b135f9-b635-4bc7-ba81-c8102f24e87f,,0,,FL,south,FL,1,0,2,mid,0,0,,unspecified,0,2026-08-14T17:30:06.365000+00:00,47,2026-09-20,2026-09-30,,,1,100000.0,130000.0,115000.0,103.414,111203.51,30000.0,structured,year,0,0,,e78c21a438e7c6a6,1364,0,0,0,0,0,0,0,0,0,0,0,0,0,0,0,0,0,0,0,0,0,0,0,0,0,0,0,0
d510762a4c5100a3,EdgeConneX,data_center,"Business Analyst, Data Center Capacity Reporting",software_data,2,greenhouse,https://www.edgeconnex.com/company/careers/?gh_jid=5182341007,northern_virginia,1,3,VA,south,VA,1,1,2,mid,0,0,1.74,unspecified,0,2026-07-09T12:24:21-04:00,83,2026-09-20,2026-09-30,5,5+ year,1,100000.0,110000.0,105000.0,101.104,103853.46,10000.0,text,year,0,0,"$100,000  -  $110,000",c2c1c99e8e6f32a9,6351,1,0,0,0,0,0,0,0,1,1,0,0,1,0,0,0,0,0,0,0,0,0,0,0,0,0,0,0
9f18d2aac57b0b65,Flexential,data_center,Commercial Operations Associate,market_commercial,1,greenhouse,https://job-boards.greenhouse.io/flexentialcorp/jobs/4403351009,,0,,GA,south,GA,1,0,1,entry,1,0,,unspecified,0,2026-09-11T12:12:45-04:00,19,2026-09-20,2026-09-30,,,1,67000.0,77000.0,72000.0,96.293,74771.79,10000.0,text,year,0,0,"$67,000   -   $77,000",99f704ab4626910a,25146,0,0,0,0,0,0,0,0,0,0,0,0,0,0,0,0,0,0,0,0,1,1,0,0,1,0,0,1
86f020d70a434961,Flexential,data_center,Senior Platform Engineer,software_data,0,greenhouse,https://job-boards.greenhouse.io/flexentialcorp/jobs/4391689009,remote_national,0,0,,,,0,0,3,senior,0,0,,remote,1,2026-09-04T13:42:53-04:00,26,2026-09-20,2026-09-28,2,2+ year,1,150000.0,165000.0,157500.0,,,15000.0,text,year,0,0,"$150,000 - $165,000",656ff6261e723e95,8343,0,0,0,0,0,1,0,1,1,1,0,1,0,1,0,1,1,0,0,0,1,1,0,0,1,0,0,1
ab9e9cf9312a7c9e,Flexential,data_center,ServiceNow Platform Engineer,software_data,0,greenhouse,https://job-boards.greenhouse.io/flexentialcorp/jobs/4403449009,denver,1,3,CO,west,,0,1,2,mid,1,0,,remote,1,2026-09-11T12:50:12-04:00,19,2026-09-20,2026-09-22,3,3+ year,1,105000.0,120000.0,112500.0,103.052,109168.19,15000.0,text,year,0,0,"$105,000 - $120,000",ccb2f1d992dffdc6,11605,1,1,0,0,1,0,0,0,0,1,0,0,1,0,1,0,0,0,0,0,1,1,1,0,1,0,0,1
1667846f96b169e5,Invenergy,utility,ServiceNow Platform Engineer,software_data,0,workday,https://invenergyllc.wd1.myworkdayjobs.com/invenergycareers/job/Chicago-IL/Senior-ServiceNow-Platform-Engineer_R10438-1,chicago,1,1,IL,midwest,IL,1,1,2,mid,0,0,0.0,unspecified,0,2026-09-01,29,2026-09-20,2026-09-30,,,1,137000.0,160000.0,148500.0,99.958,148562.4,23000.0,text,year,0,0,"$137,000.00 - $160,000.00",dfff8f89a7db0e59,6959,1,1,0,0,0,0,0,0,0,0,0,1,1,1,0,0,0,0,0,0,1,1,1,0,1,0,0,0
e89b3a2caf6d5ba0,AES Indiana,utility,Mergers and Acquisitions Senior Associate,market_commercial,3,workday,https://aes.wd1.myworkdayjobs.com/AES_US/job/US-Arlington-VA/Mergers-and-Acquisitions-Associate_R1064638-1,northern_virginia,1,3,VA,south,VA,1,1,3,senior,0,0,15.26,unspecified,0,2026-09-21,9,2026-09-21,2026-09-30,,,1,113000.0,141525.0,127262.5,101.104,125872.86,28525.0,text,year,0,0,"between $113,000 and $141,525",7fb5350b5b34a488,6575,1,0,1,0,0,0,0,0,0,0,0,0,0,0,0,0,0,0,0,0,1,1,1,0,1,0,0,0
993d9f36697074c2,AES Indiana,utility,Sr. NERC Compliance Program Specialist,regulatory,0,workday,https://aes.wd1.myworkdayjobs.com/AES_US/job/US-Salt-Lake-City-UT/Sr-NERC-Compliance-Program-Specialist_R1064954-1,indianapolis,1,2,UT,west,UT;IN;OH;TX,4,0,3,senior,0,0,0.0,unspecified,0,2026-09-17,13,2026-09-21,2026-09-30,5,Minimum 5 year,1,100000.0,124950.0,112475.0,98.864,113767.4,24950.0,text,year,0,0,"between $100,000 and $124,950",0a8d949c23f6f5de,6785,1,0,0,0,0,0,0,0,1,0,0,0,1,0,0,0,0,0,0,0,1,1,1,0,1,0,0,0
bcea6ed24c5fd9dd,AES Indiana,utility,Senior FP&A Data Analyst,market_commercial,2,workday,https://aes.wd1.myworkdayjobs.com/AES_US/job/US-Arlington-VA/Senior-FP-A-Data-Analyst_R1064906,northern_virginia,1,3,VA,south,VA,1,1,3,senior,0,0,15.26,unspecified,0,2026-09-17,13,2026-09-21,2026-09-30,,,1,105000.0,131325.0,118162.5,101.104,116872.23,26325.0,text,year,0,0,"between $105,000 and $131,325",f935c7efc107c64e,6593,1,1,0,0,0,0,0,0,1,1,0,1,1,0,1,0,0,0,0,0,1,1,1,0,1,0,0,0
e0f4ab298940c205,AES Indiana,utility,"Manager, Regulatory Affairs",regulatory,0,workday,https://aes.wd1.myworkdayjobs.com/AES_US/job/US-Indianapolis-IN/Manager--Regulatory-Affairs_R1061421,indianapolis,1,2,IN,midwest,IN,1,0,5,manager,0,0,0.0,unspecified,0,2026-09-09,21,2026-09-21,2026-09-30,,,0,,,,93.329,,,,,0,0,,617db74ad6e27dec,4147,1,0,1,0,0,0,0,0,0,0,0,0,1,1,0,0,0,0,0,0,0,0,0,0,0,0,0,0
58daab3e0de2e6c1,AES Indiana,utility,"Sr Analyst, FP&A",market_commercial,2,workday,https://aes.wd1.myworkdayjobs.com/AES_US/job/US-Indianapolis-IN/Sr-Analyst--FP-A_R1064758-1,indianapolis,1,2,IN,midwest,IN;CO,2,1,3,senior,0,0,0.0,unspecified,0,2026-08-31,30,2026-09-21,2026-09-29,,,1,83000.0,99450.0,91225.0,93.329,97745.61,16450.0,text,year,0,0,"between $83,000 and $99,450",47047ec96036afc7,6003,1,0,0,0,0,0,0,0,0,0,0,1,0,0,0,0,0,0,0,0,1,1,1,0,1,0,0,0
68edb12d0a5a96e0,AES Indiana,utility,AES Indiana – NERC Compliance Engineer (Power Generation),regulatory,0,workday,https://aes.wd1.myworkdayjobs.com/AES_US/job/US-Indianapolis-IN/AES-Indiana---NERC-Compliance-Engineer--Power-Generation-_R1064771-1,indianapolis,1,2,IN,midwest,IN,1,0,2,mid,0,0,0.0,unspecified,0,2026-08-28,33,2026-09-21,2026-09-29,,,0,,,,93.329,,,,,0,0,,c076b099590be0db,6588,1,0,1,0,0,0,0,0,0,0,0,1,1,0,0,0,0,0,0,0,0,0,0,0,0,0,0,1
86a6e7fdcd5cd8c8,AES Indiana,utility,Transmission Planning Operations Engineer,grid_power,0,workday,https://aes.wd1.myworkdayjobs.com/AES_US/job/US-Indianapolis-IN/Transmission-Planning-Operations-Engineer_R1064158,indianapolis,1,2,IN,midwest,IN;OH,2,0,2,mid,1,0,0.0,unspecified,0,2026-08-24,37,2026-09-21,2026-09-30,2,A minimum of 2 year,0,,,,93.329,,,,,0,0,,9041040c848c6525,5683,0,0,0,0,0,0,0,0,0,0,0,0,0,0,0,0,0,0,0,0,0,0,0,0,0,0,0,0
cc42150ce1d84160,AES Indiana,utility,FP&A Associate,market_commercial,1,workday,https://aes.wd1.myworkdayjobs.com/AES_US/job/US-Louisville-CO/FP-A-Associate_R1064523-2,northern_virginia,1,3,CO,west,CO;VA;UT,3,1,1,entry,1,0,15.26,unspecified,0,2026-08-19,42,2026-09-21,2026-09-29,,,1,105000.0,131325.0,118162.5,103.052,114662.99,26325.0,text,year,0,0,"between $105,000 and $131,325",70867c93b12dffa5,5332,1,0,0,0,0,0,0,0,0,0,0,1,0,0,1,0,0,0,0,0,1,1,1,1,1,0,0,0
635445c3e433ea7a,AES Indiana,utility,"Senior Manager, Data Center Infra Origination",siting_dev,0,workday,https://aes.wd1.myworkdayjobs.com/AES_US/job/US-Houston-TX/Senior-Manager--Head-of-Large-Loads-and-Retail-Services_R1063128-1,new_york,1,4,TX,south,TX;VA;NY,3,1,5,manager,0,0,0.0,unspecified,0,2026-08-19,42,2026-09-21,2026-09-29,,,1,173000.0,216750.0,194875.0,97.057,200784.08,43750.0,text,year,0,0,"between $173,000 and $216,750",8f9a195d36aa87a2,6511,1,0,0,0,0,0,0,0,0,0,0,1,0,1,1,0,0,0,0,0,1,1,1,0,1,0,0,0
3298a19ddbf8e3fa,AES Indiana,utility,"Associate, Valuation & Investments",market_commercial,1,workday,https://aes.wd1.myworkdayjobs.com/AES_US/job/US-Arlington-VA/Associate--Valuation---Investments_R1064519,new_york,1,4,VA,south,VA;NY;UT;CO,4,1,1,entry,1,0,0.0,unspecified,0,2026-08-07,54,2026-09-21,2026-09-29,,,1,105000.0,131325.0,118162.5,101.104,116872.23,26325.0,text,year,0,0,"between $105,000 and $131,325",76660ec556f906e3,5608,0,0,1,0,0,0,0,0,0,0,0,1,1,0,0,0,0,0,0,0,1,1,1,1,1,0,0,0
863cbdb9673d2aae,AES Indiana,utility,"Senior Analyst, FP&A",market_commercial,3,workday,https://aes.wd1.myworkdayjobs.com/AES_US/job/US-Louisville-CO/Senior-Analyst--FP-A_R1063557-1,northern_virginia,1,3,CO,west,CO;VA;UT,3,1,3,senior,0,0,15.26,unspecified,0,2026-08-05,56,2026-09-21,2026-09-21,,,1,83000.0,99450.0,91225.0,103.052,88523.27,16450.0,text,year,0,0,"between $83,000 and $99,450",d39bc92869f7e42f,7792,1,0,0,0,0,0,0,0,0,0,0,1,0,0,0,0,0,0,0,0,1,1,1,1,1,0,0,0
8daa9b1bad08b430,AES Indiana,utility,Interconnection Engineer (CAISO),grid_power,0,workday,https://aes.wd1.myworkdayjobs.com/AES_US/job/US-Long-Beach-Clean-Energy-CA/Interconnection-Engineer--CAISO-_R1063554-1,bay_area,1,4,CA,west,CA;UT;CO,3,1,2,mid,1,0,0.0,remote,1,2026-07-29,63,2026-09-21,2026-09-30,2,2 -5   year,1,94000.0,112625.0,103312.5,110.72,93309.7,18625.0,text,year,0,0,"between $94,000 and $112,625",ca8656b59d99fe01,7894,0,0,0,0,0,0,0,0,0,0,0,0,0,0,0,1,0,0,0,0,1,1,1,0,1,0,0,0
9b860501354583dc,AES Indiana,utility,"NERC Operations Sr Analyst, Central",regulatory,2,workday,https://aes.wd1.myworkdayjobs.com/AES_US/job/US-Indianapolis-IN/NERC-Operations-Sr-Analyst--Central_R1063478-1,northern_virginia,1,3,IN,midwest,IN;OH;VA;UT;CO,5,1,3,senior,0,0,15.26,unspecified,0,2026-07-01,91,2026-09-21,2026-09-30,,,1,83000.0,99450.0,91225.0,93.329,97745.61,16450.0,text,year,0,0,"between $83,000 and $99,450",195fb75af7ea10b2,10131,1,0,0,0,1,0,0,0,0,0,0,1,1,0,0,0,0,0,0,0,1,1,1,0,1,0,0,0
77ee7db6b6f27345,AES Indiana,utility,"NERC Operations Sr Analyst, East",regulatory,2,workday,https://aes.wd1.myworkdayjobs.com/AES_US/job/US-Indianapolis-IN/NERC-Operations-Sr-Analyst--East_R1063477,northern_virginia,1,3,IN,midwest,IN;OH;VA;UT;CO,5,1,3,senior,0,0,15.26,unspecified,0,2026-07-01,91,2026-09-21,2026-09-30,,,1,83000.0,99450.0,91225.0,93.329,97745.61,16450.0,text,year,0,0,"between $83,000 and $99,450",ad6cd7e60ed6e259,10147,1,0,0,0,1,0,0,0,0,0,0,1,1,0,0,0,0,0,0,0,1,1,1,0,1,0,0,0
26ae90eba7871ee7,AES Indiana,utility,NERC Operations Team Leader,regulatory,0,workday,https://aes.wd1.myworkdayjobs.com/AES_US/job/US-Indianapolis-IN/NERC-Operations-Team-Leader_R1063476-1,northern_virginia,1,3,IN,midwest,IN;CA;OH;VA;UT;CO,6,1,5,manager,0,0,15.26,unspecified,0,2026-07-01,91,2026-09-21,2026-09-30,,,1,108500.0,135575.0,122037.5,93.329,130760.54,27075.0,text,year,0,0,"between $108,500 and $135,575",19383e3525e54eb9,12542,0,0,1,0,1,0,0,0,0,0,0,1,0,1,1,0,0,0,0,0,1,1,1,0,1,0,0,0
cf4b7f43ce28ccad,Arevon Energy,developer,"Contract Administrator, Land Development",siting_dev,0,greenhouse,https://job-boards.greenhouse.io/arevonenergyimpltest/jobs/5233308007,,0,,AZ,west,AZ,1,0,2,mid,0,0,,unspecified,0,2026-09-10T16:29:58-04:00,20,2026-09-21,2026-09-30,,,0,,,,100.677,,,,,0,0,,74eeeb42ab7ba438,4448,0,0,0,0,0,0,0,0,0,0,0,0,1,0,1,0,0,0,0,0,0,1,0,0,1,1,0,1
9236d3f8a090030f,Avangrid,utility,Transmission Planning Engineer Roles,grid_power,0,smartrecruiters,https://api.smartrecruiters.com/v1/companies/avangrid/postings/743999668848364,,0,,CT,northeast,CT,1,0,2,mid,0,0,,unspecified,0,2018-04-16T15:47:42.000Z,3089,2026-09-21,2026-09-21,,,0,,,,103.61,,,,,0,0,,91351a7b9486b099,5336,0,0,0,0,0,0,0,0,0,0,0,1,0,1,0,0,0,0,0,0,0,0,0,0,0,0,0,0
1cbe09fd1773a0dc,Aypa Power,developer,"Manager, FP&A",market_commercial,0,greenhouse,https://job-boards.greenhouse.io/aypapower/jobs/5386767008,,0,,TX,south,TX,1,0,5,manager,0,0,,hybrid,0,2026-08-11T17:29:23-04:00,50,2026-09-21,2026-09-30,5,5+ year,0,,,,97.057,,,,,0,0,,5f3e9ec89c3c51fe,7721,1,0,0,0,0,0,0,0,0,1,0,0,1,0,1,0,0,0,0,0,0,1,1,1,1,0,0,0
4670da0be9d42c2c,California ISO,grid_operator,Market Development Analyst (Hybrid),siting_dev,2,smartrecruiters,https://api.smartrecruiters.com/v1/companies/californiaiso/postings/744000139134149,,0,,CA,west,CA,1,1,2,mid,0,0,,hybrid,0,2026-07-22T18:19:08.778Z,70,2026-09-21,2026-09-30,,,1,93808.0,131352.0,112580.0,110.72,101679.91,37544.0,text,hour,1,0,$45.10 - $63.15,6d468cf82e150e76,6394,1,1,0,0,0,1,1,0,0,1,0,1,1,0,1,0,0,0,0,0,0,0,0,0,0,0,1,1
a61fd0e235f65768,California ISO,grid_operator,Wholesale Electricity Market Analyst (Hybrid),market_commercial,2,smartrecruiters,https://api.smartrecruiters.com/v1/companies/californiaiso/postings/744000122082676,,0,,CA,west,CA,1,1,2,mid,0,0,,hybrid,0,2026-04-21T17:00:06.832Z,162,2026-09-21,2026-09-30,,,1,93808.0,131352.0,112580.0,110.72,101679.91,37544.0,text,hour,1,0,$45.10 - $63.15,ba1d72e12e2d343f,5374,1,0,0,0,0,0,0,0,0,0,0,1,0,0,1,0,0,0,0,0,0,0,0,0,0,0,1,1
9c0947d892832275,Charles River Associates,consulting,(2027 Bachelor's/Master's graduates) Management Advisory Analyst/Associate (Energy),other,2,greenhouse,https://job-boards.greenhouse.io/charlesriverassociates/jobs/8053996,new_york,1,4,MA,northeast,MA;NY;DC,3,1,1,entry,1,0,0.0,unspecified,0,2026-07-14T12:13:51-04:00,78,2026-09-21,2026-09-30,,,1,92500.0,100000.0,96250.0,105.757,91010.52,7500.0,text,year,0,0,"$92,500 – $100,000",f979d97c4a06ccc9,7867,0,0,1,0,0,0,0,0,0,0,0,1,1,1,1,1,0,0,0,0,1,1,1,0,1,0,0,1
fbc36a842eb7a7d9,Charles River Associates,consulting,Associate Principal/Wholesale Power Markets Consultant (Energy practice),market_commercial,1,greenhouse,https://job-boards.greenhouse.io/charlesriverassociates/jobs/6911425,new_york,1,4,MA,northeast,MA;NY;UT;DC,4,1,4,staff_principal,0,0,0.0,hybrid,0,2025-05-22T08:21:44-04:00,496,2026-09-21,2026-09-30,7,at least 7+ year,1,140000.0,215000.0,177500.0,105.757,167837.59,75000.0,text,year,0,0,"$140,000 - $215,000",faac150edf5158f7,7874,1,0,1,0,0,0,0,0,0,0,0,0,1,1,0,0,0,0,0,0,1,1,1,0,1,0,0,1
3d45c962e4bcf19d,Charles River Associates,consulting,Power and Natural Gas Modeling and Markets Lead (Energy practice),market_commercial,0,greenhouse,https://job-boards.greenhouse.io/charlesriverassociates/jobs/4643110,boston,1,4,MA,northeast,MA;DC,2,1,3,senior,0,0,0.0,unspecified,0,2022-10-19T10:30:36-04:00,1442,2026-09-21,2026-09-30,,,0,,,,105.757,,,,,0,0,,dbd11de6475c9a12,4990,1,1,1,0,0,0,0,0,0,0,0,1,1,0,1,0,0,0,0,0,0,0,0,0,0,0,0,0
05917b50954bb3fc,Charles River Associates,consulting,Principal/Transmission Strategy and Planning Expert  (Energy practice),grid_power,0,greenhouse,https://job-boards.greenhouse.io/charlesriverassociates/jobs/5880720,new_york,1,4,MA,northeast,MA;CA;NY;UT;DC,5,1,4,staff_principal,0,0,0.0,unspecified,0,2024-04-04T10:53:47-04:00,909,2026-09-21,2026-09-30,5,5+ year,1,175000.0,250000.0,212500.0,105.757,200932.33,75000.0,text,year,0,0,"$175,000 - $250,000",583cffe105c8af2e,8018,1,0,1,0,0,0,0,0,0,0,0,1,1,1,1,0,0,0,0,0,1,1,1,0,1,0,0,1
88274ee7d2d83dee,Charles River Associates,consulting,Senior Associate/Transmission Strategy and Planning (Energy practice),grid_power,3,greenhouse,https://job-boards.greenhouse.io/charlesriverassociates/jobs/5880738,new_york,1,4,MA,northeast,MA;NY;UT;DC,4,1,3,senior,0,0,0.0,unspecified,0,2024-04-04T11:03:37-04:00,909,2026-09-21,2026-09-30,5,5–8 year,1,130000.0,152500.0,141250.0,105.757,133560.9,22500.0,text,year,0,0,"$130,000 - $152,500",67cc03eb2b33c4e9,7920,1,0,1,0,0,0,0,0,0,0,0,1,1,1,1,0,0,0,0,0,1,1,1,0,1,0,0,1
4f48248f188cb2ae,Clearway Energy,developer,"Associate, Project Development",siting_dev,1,greenhouse,https://job-boards.greenhouse.io/clearwayjobs/jobs/5103138007,bay_area,1,4,CA,west,CA,1,1,1,entry,1,0,0.0,unspecified,0,2026-04-21T21:47:32-04:00,162,2026-09-21,2026-09-22,2,Minimum of 2 year,1,120000.0,160000.0,140000.0,110.72,126445.09,40000.0,text,year,0,0,"$120,000  -  $160,000",7afa134576ae6a7e,11916,1,0,0,0,0,0,0,0,0,0,0,1,0,0,0,1,0,0,0,0,1,1,0,1,1,1,0,0
64bc4d24eb6ceb21,Cypress Creek Renewables,developer,"Senior Director, Development",siting_dev,0,greenhouse,https://ccrenew.com/careers/job-listing/?gh_jid=8114526,chicago,1,1,IL,midwest,IL;NY;NC,3,1,6,director,0,0,0.0,remote,1,2026-08-10T22:42:11-04:00,51,2026-09-21,2026-09-30,4,4+ year,1,200000.0,235000.0,217500.0,99.958,217591.39,35000.0,text,year,0,0,$200-235k,bb5dba5cd79c4cf5,14760,1,0,1,0,0,0,0,0,0,0,0,1,1,1,1,0,0,0,0,0,1,1,0,0,1,1,0,0
ebf8a058cf1a8161,Cypress Creek Renewables,developer,Software Engineer,software_data,0,greenhouse,https://ccrenew.com/careers/job-listing/?gh_jid=8180722,,0,,NC,south,NC;DC,2,1,2,mid,1,0,,unspecified,0,2026-09-10T11:38:43-04:00,20,2026-09-21,2026-09-30,3,3-6 year,1,120000.0,150000.0,135000.0,94.326,143120.67,30000.0,text,year,0,0,"$120,000 - $150,000",610ccfd5942f055c,9377,0,1,0,0,0,1,0,1,1,0,1,1,1,1,0,0,0,0,0,0,1,1,1,0,1,1,0,0
86bc4fae404dd7dd,CyrusOne,data_center,Capital Markets Senior Analyst,market_commercial,3,workday,https://cyrusone.wd1.myworkdayjobs.com/CyrusOneCareerPortal/job/Dallas-TX/Capital-Markets-Senior-Analyst_R0008050,,0,,TX,south,TX,1,0,3,senior,0,0,,unspecified,0,2026-09-14,16,2026-09-21,2026-09-30,5,Minimum 5 year,0,,,,97.057,,,,,0,0,,cac35cb21b9c3cb1,4333,1,0,0,0,0,0,0,0,0,0,0,0,1,0,1,0,0,0,0,0,0,0,0,1,0,0,0,0
4639bf89ec4fab14,CyrusOne,data_center,Energy Policy & Regulatory Affairs Manager,regulatory,0,workday,https://cyrusone.wd1.myworkdayjobs.com/CyrusOneCareerPortal/job/Dallas-TX/Energy-Policy---Regulatory-Manager_R0007941,,0,,TX,south,TX,1,0,5,manager,0,0,,remote,0,2026-09-02,28,2026-09-21,2026-09-30,,,0,,,,97.057,,,,,0,0,,e640106e63de8cf6,6554,1,0,1,0,0,0,0,0,0,0,0,1,1,0,1,1,0,0,0,0,0,0,0,0,0,0,0,0
0c1824d12de8b64b,CyrusOne,data_center,Senior Energy & Land Development Associate,siting_dev,1,workday,https://cyrusone.wd1.myworkdayjobs.com/CyrusOneCareerPortal/job/Dallas-TX/Senior-Energy---Land-Development-Associate_R0007944,,0,,TX,south,TX,1,0,3,senior,0,0,,unspecified,0,2026-08-24,37,2026-09-21,2026-09-30,3,3-7 year,0,,,,97.057,,,,,0,0,,6440a3c4b1270e25,6187,1,0,1,0,0,0,0,0,0,1,0,1,1,0,1,1,0,0,0,0,0,0,0,1,0,0,0,0
a11302b6f4f92ea1,CyrusOne,data_center,"Senior Manager, Real Estate Site Selection, Acquisition & Development",siting_dev,0,workday,https://cyrusone.wd1.myworkdayjobs.com/CyrusOneCareerPortal/job/Texas/Senior-Manager--Real-Estate-Site-Selection--Acquisition---Development_R0007212-3,,0,,TX,south,TX,1,0,5,manager,0,0,,unspecified,0,2026-07-22,70,2026-09-21,2026-09-30,,,0,,,,97.057,,,,,0,0,,250a05cf7d115be4,6398,1,0,0,0,0,0,0,0,0,0,0,1,1,0,1,1,0,0,0,0,1,1,1,0,1,0,0,1
d685eb1ef5a7367b,CyrusOne,data_center,Senior Market Intelligence Analyst,market_commercial,2,workday,https://cyrusone.wd1.myworkdayjobs.com/CyrusOneCareerPortal/job/Dallas-TX/Senior-Market-Intelligence-Analyst_R0007356,,0,,TX,south,TX,1,0,3,senior,0,0,,unspecified,0,2026-04-23,160,2026-09-21,2026-09-30,5,5–10 year,0,,,,97.057,,,,,0,0,,2113ef9556b0b9e1,5255,1,1,1,0,1,0,0,0,1,1,0,1,1,1,1,1,0,0,0,0,0,0,0,0,0,0,0,0
4d9bcc4ba9a30daf,Duke Energy Indiana,utility,Compliance Analyst - Senior Compliance Analyst,regulatory,2,workday,https://dukeenergy.wd1.myworkdayjobs.com/search/job/Belews-Creek-NC/Compliance-Analyst---Senior-Compliance-Analyst_R41399,,0,,NC,south,NC,1,0,3,senior,0,0,,unspecified,0,2026-09-16,14,2026-09-21,2026-09-22,,,0,,,,94.326,,,,,0,0,,b0a7669ff507aafd,8318,1,1,0,0,1,0,0,0,0,0,0,0,1,0,0,1,0,1,1,0,0,0,0,0,0,0,1,0
ae65abb53a39ed99,Energy and Environmental Economics (E3),consulting,Associate Director (Transmission),grid_power,1,lever,https://jobs.lever.co/ethree/4ecc29b9-5395-470a-a102-c22c7ce412ab,bay_area,1,4,CA,west,CA,1,1,6,director,0,0,0.0,unspecified,0,2025-12-05T20:27:27.782000+00:00,299,2026-09-21,2026-09-30,,,1,160000.0,270000.0,215000.0,110.72,194183.53,110000.0,structured,year,0,0,,b5d421d03471f0fd,4651,0,0,0,0,0,0,0,0,0,0,0,1,0,0,1,1,0,0,0,0,0,0,0,0,0,0,0,0
e4edf7d663227ae1,Equinix,data_center,"AI Engineer, Product Software",ai_ml,0,workday,https://equinix.wd1.myworkdayjobs.com/External/job/Redwood-City/Staff-Engineer--Product-Software_JR-163407-1,bay_area,1,4,CA,west,,0,1,2,mid,0,0,22.38,unspecified,0,2026-09-14,16,2026-09-21,2026-09-30,,,1,142000.0,212000.0,177000.0,110.72,159862.72,70000.0,text,year,0,0,"142,000 - 212,000",2cbf8379e018cbf8,8742,1,1,1,0,0,1,0,1,1,0,0,1,1,0,1,0,0,0,0,0,0,1,0,1,1,0,0,1
171172f6dd6a86c2,Equinix,data_center,Software Development Engineer -AI/Agentic Systems,ai_ml,0,workday,https://equinix.wd1.myworkdayjobs.com/External/job/Redwood-City/Software-Development-Engineer--AI-Agentic-Systems_JR-161117,bay_area,1,4,CA,west,,0,1,2,mid,1,0,22.38,unspecified,0,2026-05-28,125,2026-09-21,2026-09-22,2,at least 2 year,1,186000.0,280000.0,233000.0,110.72,210440.75,94000.0,text,year,0,0,"186,000 - 280,000",f42c835b93d73686,8772,1,1,0,0,0,1,0,1,1,0,1,0,1,0,0,0,1,0,0,0,0,1,0,1,1,0,0,1
773537786d27fe11,Guidehouse,consulting,"Associate Director - AI & Data, Energy Providers",ai_ml,1,workday,https://guidehouse.wd1.myworkdayjobs.com/External/job/US---VA-McLean/Associate-Director---AI---Data--Energy-Providers_42554,northern_virginia,1,3,VA,south,VA,1,1,6,director,0,0,9.81,remote,1,2026-09-21,9,2026-09-21,2026-09-30,,,1,149000.0,248000.0,198500.0,101.104,196332.49,99000.0,text,year,0,0,"$149,000.00-$248,000.00",3071eeb3c5fddb9a,7620,1,1,1,0,1,0,1,1,1,0,1,1,0,1,0,1,0,0,0,0,1,1,0,0,1,1,0,0
9c60791caa786878,Guidehouse,consulting,Senior Consultant - Energy Markets,market_commercial,0,workday,https://guidehouse.wd1.myworkdayjobs.com/External/job/US---TX-Austin/C3-Senior-Consultant---Energy-Markets_42688,boston,1,4,TX,south,TX;IL;NY;VA;MA,5,1,3,senior,0,0,0.0,remote,1,2026-09-21,9,2026-09-21,2026-09-30,,,1,89000.0,148000.0,118500.0,97.057,122093.2,59000.0,text,year,0,0,"$89,000.00-$148,000.00",f103722ad3d51b77,7482,1,0,1,0,0,0,0,0,0,0,0,0,1,0,1,1,0,0,0,0,1,1,0,0,1,1,0,0
4c9b13e43110fd87,Guidehouse,consulting,"Data Scientist, Consultant (Utilities)",ai_ml,0,workday,https://guidehouse.wd1.myworkdayjobs.com/External/job/US---CO-Boulder/Data-Scientist--Consultant--Utilities-_42467,boston,1,4,CO,west,CO;NY;VA;TX;IL;PA;GA;MA,8,1,2,mid,0,0,0.0,unspecified,0,2026-09-09,21,2026-09-21,2026-09-22,,,1,89000.0,148000.0,118500.0,103.052,114990.49,59000.0,text,year,0,0,"$89,000.00-$148,000.00",0a4da65cf514190a,5829,1,1,1,0,0,1,1,0,1,1,1,0,0,0,0,1,0,0,0,0,1,1,0,0,1,1,0,0
0efd1a13079bcd36,Invenergy,utility,"Analyst, Compliance",regulatory,2,workday,https://invenergyllc.wd1.myworkdayjobs.com/invenergycareers/job/Chicago-IL/Analyst--Compliance_R11378-1,chicago,1,1,IL,midwest,IL,1,1,2,mid,0,0,0.0,hybrid,0,2026-09-18,12,2026-09-21,2026-09-30,,,1,75000.0,87000.0,81000.0,99.958,81034.03,12000.0,text,year,0,0,"$ 75,000.00 - $87,000.00",d9cc32a2a8365ddd,5948,1,0,0,0,0,0,0,0,0,0,0,1,1,0,1,0,0,0,0,0,1,1,1,0,1,0,0,0
685a4da10e4260f6,Invenergy,utility,"Associate, Commercial Contracts",market_commercial,1,workday,https://invenergyllc.wd1.myworkdayjobs.com/invenergycareers/job/Chicago-IL/Associate--Commercial-Contracts_R11449-1,chicago,1,1,IL,midwest,IL,1,1,1,entry,1,0,0.0,hybrid,0,2026-09-18,12,2026-09-21,2026-09-30,,,1,88000.0,110000.0,99000.0,99.958,99041.6,22000.0,text,year,0,0,"88,000.00 - $110,000.00",f8f1eb161726ce82,3988,1,0,0,0,0,0,0,0,0,0,0,0,1,0,0,0,0,0,0,0,1,1,1,0,1,0,0,0
2d0bee391b2d7200,Invenergy,utility,"Procurement Analyst, Operations Procurement",market_commercial,2,workday,https://invenergyllc.wd1.myworkdayjobs.com/invenergycareers/job/Chicago-IL/Procurement-Analyst--Operations-Procurement_R11292,chicago,1,1,IL,midwest,IL,1,1,2,mid,0,0,0.0,hybrid,0,2026-09-15,15,2026-09-21,2026-09-29,,,1,70000.0,88000.0,79000.0,99.958,79033.19,18000.0,text,year,0,0,"$70,000.00 - 88,000.00",d162b859bc74b848,5178,1,0,0,0,0,0,0,0,0,0,0,1,0,0,0,1,0,0,0,0,1,1,1,0,1,0,0,0
42fe364c666dce1f,Invenergy,utility,"Associate, Renewable Development",siting_dev,1,workday,https://invenergyllc.wd1.myworkdayjobs.com/invenergycareers/job/Chicago-IL/Associate--Renewable-Development_R11226-1,chicago,1,1,IL,midwest,IL,1,1,1,entry,1,0,0.0,hybrid,0,2026-09-15,15,2026-09-21,2026-09-30,3,3-5 year,1,85000.0,103000.0,94000.0,99.958,94039.5,18000.0,text,year,0,0,"$85,000.00 - 103,000.00",78eb2b761e68c55a,3860,1,0,0,0,0,0,0,0,0,0,0,0,0,0,0,0,0,0,0,0,1,1,1,0,1,0,0,0
8b97a72405f626bd,Invenergy,utility,GIS Manager,gis,0,workday,https://invenergyllc.wd1.myworkdayjobs.com/invenergycareers/job/Chicago-IL/GIS-Manager_R10915-1,chicago,1,1,IL,midwest,IL,1,1,5,manager,0,0,0.0,hybrid,0,2026-09-14,16,2026-09-21,2026-09-30,,,1,118000.0,170000.0,144000.0,99.958,144060.51,52000.0,text,year,0,0,"$118,000.00 - $170,000.00",1a219ed55235a95e,5727,1,0,1,0,0,1,1,0,0,0,0,1,0,1,0,0,0,0,0,0,1,1,1,0,1,0,0,0
200c256d237f7a46,Invenergy,utility,"Senior Associate, Development",siting_dev,3,workday,https://invenergyllc.wd1.myworkdayjobs.com/invenergycareers/job/Denver-CO/Senior-Associate--Development_R11187-1,denver,1,3,CO,west,CO,1,1,3,senior,0,0,0.0,hybrid,0,2026-09-11,19,2026-09-21,2026-09-30,3,3-5 year,1,98000.0,125000.0,111500.0,103.052,108197.8,27000.0,text,year,0,0,"$98,000.00 - $125,000.00",8bf7f8af19e523e4,3664,0,0,0,0,0,0,0,0,0,0,0,0,0,0,0,1,0,0,0,0,1,1,1,0,1,0,0,0
7aba6b6676eec550,Invenergy,utility,"Associate, Renewable Procurement",market_commercial,1,workday,https://invenergyllc.wd1.myworkdayjobs.com/invenergycareers/job/Chicago-IL/Associate--Renewable-Procurement_R11387-1,chicago,1,1,IL,midwest,IL,1,1,1,entry,1,0,0.0,hybrid,0,2026-09-11,19,2026-09-21,2026-09-30,,,1,93000.0,108000.0,100500.0,99.958,100542.23,15000.0,text,year,0,0,"$93,000.00 - $108,000.00",6f453406702e522d,5244,1,0,0,0,0,0,0,0,0,0,0,1,1,0,0,0,0,0,0,0,1,1,1,0,1,0,0,0
0368f6990da1f5d7,Invenergy,utility,"Analyst, Development",siting_dev,2,workday,https://invenergyllc.wd1.myworkdayjobs.com/invenergycareers/job/Chicago-IL/Analyst--Development_R11155-1,chicago,1,1,IL,midwest,IL,1,1,2,mid,0,0,0.0,hybrid,0,2026-09-11,19,2026-09-21,2026-09-30,,,1,60000.0,77000.0,68500.0,99.958,68528.78,17000.0,text,year,0,0,"$60,000.00 - 77,000.00",bb73422438c0196c,4109,1,0,0,0,0,0,0,0,0,0,0,1,0,0,1,1,0,0,0,0,1,1,1,0,1,0,0,0
52d93f343290be73,Invenergy,utility,Senior GIS Developer,gis,0,workday,https://invenergyllc.wd1.myworkdayjobs.com/invenergycareers/job/Chicago-IL/Senior-GIS-Developer_R11272,denver,1,3,IL,midwest,IL;CO,2,1,3,senior,0,0,0.0,onsite,0,2026-09-10,20,2026-09-21,2026-09-30,,,1,90000.0,115000.0,102500.0,99.958,102543.07,25000.0,text,year,0,0,"$90,000.00 - 115,000.00",a680bc56cc086d4e,5359,1,1,1,0,0,1,1,1,0,1,0,1,1,0,0,0,0,0,0,0,1,1,1,0,1,0,0,0
8d6e197f1a5b0a91,Invenergy,utility,Project Engineer - Grid Modeling and Compliance,regulatory,0,workday,https://invenergyllc.wd1.myworkdayjobs.com/invenergycareers/job/Chicago-IL/Project-Engineer---Grid-Modeling-and-Compliance_R10889,chicago,1,1,IL,midwest,IL,1,1,2,mid,0,0,0.0,hybrid,0,2026-09-09,21,2026-09-21,2026-09-30,,,1,125000.0,145000.0,135000.0,99.958,135056.72,20000.0,text,year,0,0,"$125,000.00 - $145,000.00",42e353e5cc0ae551,5682,1,0,0,0,0,1,0,0,0,0,0,0,0,0,0,1,0,0,0,0,1,1,1,0,1,0,0,0
01f9015570665ba6,Invenergy,utility,"Associate, Development",siting_dev,1,workday,https://invenergyllc.wd1.myworkdayjobs.com/invenergycareers/job/Denver-CO/Associate--Development_R11315-2,denver,1,3,CO,west,CO;OR,2,1,1,entry,1,0,0.0,unspecified,0,2026-09-03,27,2026-09-21,2026-09-30,3,At least 3 year,1,85000.0,103000.0,94000.0,103.052,91216.09,18000.0,text,year,0,0,"$85,000.00 - 103,000.00",f41f3c32bb606bc5,3790,1,0,0,0,0,0,0,0,0,0,0,0,0,0,0,0,0,0,0,0,1,1,1,0,1,0,0,0
917f9d2abb916490,Invenergy,utility,Business Applications Analyst II – Communication & Web Platforms,software_data,2,workday,https://invenergyllc.wd1.myworkdayjobs.com/invenergycareers/job/Chicago-IL/Business-Applications-Analyst-II---Communication---Web-Platforms_R09968-1,chicago,1,1,IL,midwest,IL,1,1,2,mid,0,0,0.0,unspecified,0,2026-09-01,29,2026-09-21,2026-09-30,,,1,75000.0,103000.0,89000.0,99.958,89037.4,28000.0,text,year,0,0,"$75,000.00 - $103,000.00",382751f58ce3fc51,6652,1,1,0,0,0,0,0,0,0,0,0,1,1,0,1,0,0,0,0,0,1,1,1,0,1,0,0,0
f6acef9ea2a8c03e,Invenergy,utility,Business Applications Analyst III – Workflow & Automation Platforms,software_data,3,workday,https://invenergyllc.wd1.myworkdayjobs.com/invenergycareers/job/Chicago-IL/Business-Applications-Analyst-III---Workflow---Automation-Platforms_R09967-1,chicago,1,1,IL,midwest,IL,1,1,3,senior,0,0,0.0,unspecified,0,2026-09-01,29,2026-09-21,2026-09-30,,,1,85000.0,115000.0,100000.0,99.958,100042.02,30000.0,text,year,0,0,"$85,000.00 - $115,000.00",02253636cd364625,6911,1,1,0,0,0,0,0,0,0,0,0,1,1,0,1,0,0,0,0,0,1,1,1,0,1,0,0,0
198056fd3193832c,Invenergy,utility,"Manager, Commercial Contracts",market_commercial,0,workday,https://invenergyllc.wd1.myworkdayjobs.com/invenergycareers/job/Chicago-IL/Manager--Commercial-Contracts_R10893-2,chicago,1,1,IL,midwest,IL,1,1,5,manager,0,0,0.0,hybrid,0,2026-08-31,30,2026-09-21,2026-09-30,,,1,125000.0,165000.0,145000.0,99.958,145060.93,40000.0,text,year,0,0,"125,000.00 - 165,000.00",9d3e7c83ff8debff,4754,0,0,1,0,0,0,0,0,0,0,0,1,1,0,1,0,0,0,0,0,1,1,1,0,1,0,0,0
a156e08a522df280,Invenergy,utility,"Associate, Finance & Capital Markets",market_commercial,1,workday,https://invenergyllc.wd1.myworkdayjobs.com/invenergycareers/job/Chicago-IL/Associate--Finance---Capital-Markets_R11280-1,chicago,1,1,IL,midwest,IL,1,1,1,entry,1,0,0.0,unspecified,0,2026-08-28,33,2026-09-21,2026-09-30,,,1,115000.0,140000.0,127500.0,99.958,127553.57,25000.0,text,year,0,0,"$115,000.00 - $140,000.00",b749e4279e5670b7,4941,1,0,0,0,0,0,0,0,0,0,0,1,1,0,1,0,0,0,0,0,1,1,1,1,1,0,0,0
57fa985d56cfbffb,Invenergy,utility,"Senior Director, Renewable Development",siting_dev,0,workday,https://invenergyllc.wd1.myworkdayjobs.com/invenergycareers/job/Denver-CO/Senior-Manager--Renewable-Development_R11196-1,denver,1,3,CO,west,CO,1,1,6,director,0,0,0.0,unspecified,0,2026-08-28,33,2026-09-21,2026-09-30,,,1,225000.0,255000.0,240000.0,103.052,232892.13,30000.0,text,year,0,0,"$225,000.00 - $255,000.00",023fed5f4495185f,3781,1,0,1,0,0,0,0,0,0,0,0,0,0,0,0,1,0,0,0,0,1,1,1,0,1,0,0,0
e296300da55124d3,Invenergy,utility,"Manager, Regulatory Affairs - West",regulatory,0,workday,https://invenergyllc.wd1.myworkdayjobs.com/invenergycareers/job/Denver-CO/Manager--Regulatory-Affairs---West_R11257-1,denver,1,3,CO,west,CO,1,1,5,manager,0,0,0.0,hybrid,0,2026-08-27,34,2026-09-21,2026-09-30,,,1,129000.0,155000.0,142000.0,103.052,137794.51,26000.0,text,year,0,0,"$129,000.00 - 155,000.00",716592be8737a116,4944,0,0,0,0,0,0,0,0,0,0,0,1,1,0,0,1,0,0,0,0,1,1,1,0,1,0,0,0
52d72fca76a114c8,Invenergy,utility,"Manager, Applied AI",ai_ml,0,workday,https://invenergyllc.wd1.myworkdayjobs.com/invenergycareers/job/Chicago-IL/Manager--Applied-AI_R11095-1,chicago,1,1,IL,midwest,IL,1,1,5,manager,0,0,0.0,hybrid,0,2026-08-26,35,2026-09-21,2026-09-30,,,1,134000.0,155000.0,144500.0,99.958,144560.72,21000.0,text,year,0,0,"134,000.00 - 155,000.00",aa1f909bb8ebafa7,6335,1,1,0,0,0,1,1,1,1,0,1,1,0,1,0,0,0,0,0,0,1,1,1,0,1,0,0,0
ef3ffd1075117628,Invenergy,utility,"Senior Analyst, Compliance",regulatory,3,workday,https://invenergyllc.wd1.myworkdayjobs.com/invenergycareers/job/Chicago-IL/Senior-Analyst--Compliance_R10989-1,chicago,1,1,IL,midwest,IL,1,1,3,senior,0,0,0.0,hybrid,0,2026-08-26,35,2026-09-21,2026-09-30,2,2-4 year,1,82000.0,98000.0,90000.0,99.958,90037.82,16000.0,text,year,0,0,"$82,000.00 - $98,000.00",91ec4e4382ae3774,7706,1,0,0,0,0,0,0,0,1,1,0,1,1,0,1,0,0,0,0,0,1,1,1,0,1,0,0,0
5ab93cba03ea1699,Invenergy,utility,Senior Engineer Interconnections & Grid Analysis,grid_power,0,workday,https://invenergyllc.wd1.myworkdayjobs.com/invenergycareers/job/Chicago-IL/Senior-Engineer-Interconnections---Grid-Analysis_R11146-1,chicago,1,1,IL,midwest,IL,1,1,3,senior,0,0,0.0,hybrid,0,2026-08-26,35,2026-09-21,2026-09-30,,,1,140000.0,165000.0,152500.0,99.958,152564.08,25000.0,text,year,0,0,"$140,000 - $165,000",ef64d500fe7a6a3d,5041,0,0,0,0,0,0,0,0,0,0,0,0,0,0,0,0,0,0,0,0,1,1,1,0,1,0,0,0
c0f2990ec9f6f85d,Invenergy,utility,Engineer I Interconnections & Grid Analysis,grid_power,1,workday,https://invenergyllc.wd1.myworkdayjobs.com/invenergycareers/job/Chicago-IL/Engineer-I-Interconnections---Grid-Analysis_R11147-1,chicago,1,1,IL,midwest,IL,1,1,1,entry,1,0,0.0,hybrid,0,2026-08-26,35,2026-09-21,2026-09-30,,,1,90000.0,105000.0,97500.0,99.958,97540.97,15000.0,text,year,0,0,"90,000 - 105,000",3e682ee3d2eb9cc1,5259,0,0,0,0,0,0,0,0,0,0,0,0,1,0,0,0,0,0,0,0,1,1,1,0,1,0,0,0
cfcf5381ffc8ad4f,Invenergy,utility,Grid Integration Engineer II,grid_power,2,workday,https://invenergyllc.wd1.myworkdayjobs.com/invenergycareers/job/Chicago-IL/Grid-Integration-Engineer-II_R10983-1,chicago,1,1,IL,midwest,IL,1,1,2,mid,0,0,0.0,hybrid,0,2026-08-25,36,2026-09-21,2026-09-30,,,1,105000.0,125000.0,115000.0,99.958,115048.32,20000.0,text,year,0,0,"$105,000 - $125,000",b667ea96721c4d34,6089,0,0,1,0,0,1,0,0,0,0,0,1,1,0,1,0,0,0,0,0,1,1,1,0,1,0,0,0
0e0df04947308633,Invenergy,utility,"Manager, Origination",siting_dev,0,workday,https://invenergyllc.wd1.myworkdayjobs.com/invenergycareers/job/Denver-CO/Manager--Origination_R11110-1,denver,1,3,CO,west,CO,1,1,5,manager,0,0,0.0,hybrid,0,2026-08-25,36,2026-09-21,2026-09-30,8,At least 8 year,1,125000.0,165000.0,145000.0,103.052,140705.66,40000.0,text,year,0,0,"125,000.00 - 165,000.00",823f53640256201d,4257,1,0,1,0,0,0,0,0,0,0,0,0,0,0,0,1,0,0,0,0,1,1,1,0,1,0,0,0
d28a792e837901e9,Invenergy,utility,"Manager, Renewable Development",siting_dev,0,workday,https://invenergyllc.wd1.myworkdayjobs.com/invenergycareers/job/Chicago-IL/Manager--Renewable-Development_R11184,chicago,1,1,IL,midwest,IL,1,1,5,manager,0,0,0.0,unspecified,0,2026-08-20,41,2026-09-21,2026-09-30,,,1,120000.0,160000.0,140000.0,99.958,140058.82,40000.0,text,year,0,0,"$120,000.00 - 160,000.00",faa89360decf1df5,3841,0,0,1,0,0,0,0,0,0,0,0,0,0,0,0,1,0,0,0,0,1,1,1,0,1,0,0,0
8f19e4ee8b2c7353,Invenergy,utility,Geospatial Scientist,ai_ml,0,workday,https://invenergyllc.wd1.myworkdayjobs.com/invenergycareers/job/Chicago-IL/Geospatial-Scientist_R11049-1,chicago,1,1,IL,midwest,IL,1,1,2,mid,0,0,0.0,unspecified,0,2026-08-20,41,2026-09-21,2026-09-30,,,1,80000.0,95000.0,87500.0,99.958,87536.77,15000.0,text,year,0,0,"80,000.00 - $95,000.00",c2182a31cdba3baf,5082,1,0,0,0,0,1,0,0,0,0,0,1,0,0,1,1,0,0,0,0,1,1,1,0,1,0,0,0
1e07565e80510fc5,Invenergy,utility,Senior Geospatial Analyst,gis,2,workday,https://invenergyllc.wd1.myworkdayjobs.com/invenergycareers/job/Chicago-IL/Senior-Geospatial-Analyst_R11048-1,chicago,1,1,IL,midwest,IL,1,1,3,senior,0,0,0.0,onsite,0,2026-08-19,42,2026-09-21,2026-09-30,,,1,72000.0,85000.0,78500.0,99.958,78532.98,13000.0,text,year,0,0,"$ 72,000.00 - $85,000.00",418fab0255f0a52b,5486,1,0,0,0,0,1,0,0,0,0,0,1,1,0,1,1,0,0,0,0,1,1,1,0,1,0,0,0
bbc19dcf49bbefdf,Invenergy,utility,CAD-GIS Designer,gis,0,workday,https://invenergyllc.wd1.myworkdayjobs.com/invenergycareers/job/Chicago-IL/CAD-GIS-Designer_R11058-1,chicago,1,1,IL,midwest,IL,1,1,2,mid,0,0,0.0,onsite,0,2026-08-19,42,2026-09-21,2026-09-30,5,Minimum of 5 year,1,100000.0,120000.0,110000.0,99.958,110046.22,20000.0,text,year,0,0,"$100,000.00 - $120,000.00",ed07fd2254c938a5,6575,1,0,0,0,0,1,0,0,0,0,0,1,0,0,1,1,0,0,0,0,1,1,1,0,1,0,0,0
cf9a6c432638f9eb,Invenergy,utility,Grid Integration Engineer I,grid_power,1,workday,https://invenergyllc.wd1.myworkdayjobs.com/invenergycareers/job/Chicago-IL/Grid-Integration-Engineer-I_R10982-2,chicago,1,1,IL,midwest,IL,1,1,1,entry,1,0,0.0,unspecified,0,2026-08-14,47,2026-09-21,2026-09-30,,,1,90000.0,105000.0,97500.0,99.958,97540.97,15000.0,text,year,0,0,"$90,000 - $105,000",273073600afd0905,4921,1,0,0,1,0,0,0,0,0,0,0,0,1,0,1,1,0,0,0,0,1,1,0,0,1,0,0,0
f88701101ea5296e,Invenergy,utility,"Associate, Permitting",siting_dev,1,workday,https://invenergyllc.wd1.myworkdayjobs.com/invenergycareers/job/Chicago-IL/Associate--Permitting_R11217-2,chicago,1,1,IL,midwest,IL,1,1,1,entry,1,0,0.0,unspecified,0,2026-08-11,50,2026-09-21,2026-09-30,,,1,85000.0,103000.0,94000.0,99.958,94039.5,18000.0,text,year,0,0,"$85,000.00 - 103,000.00",f140656e9700c34a,3495,1,0,0,0,0,0,0,0,0,0,0,0,1,0,1,0,0,0,0,0,1,1,1,0,1,0,0,0
db413bcd894b7c6d,Invenergy,utility,"Senior Analyst, Renewable Development",siting_dev,3,workday,https://invenergyllc.wd1.myworkdayjobs.com/invenergycareers/job/Chicago-IL/Senior-Analyst--Renewable-Development_R11214-1,chicago,1,1,IL,midwest,IL,1,1,3,senior,0,0,0.0,unspecified,0,2026-08-11,50,2026-09-21,2026-09-30,2,At least 2 year,1,72000.0,88000.0,80000.0,99.958,80033.61,16000.0,text,year,0,0,"$72,000.00 - 88,000.00",d245150496d5648a,3825,1,0,0,0,0,0,0,0,0,0,0,1,0,0,1,1,0,0,0,0,1,1,1,0,1,0,0,0
091db20b98afa52a,Invenergy,utility,"Director, Renewable Development",siting_dev,0,workday,https://invenergyllc.wd1.myworkdayjobs.com/invenergycareers/job/Chicago-IL/Director--Renewable-Development_R11185-1,chicago,1,1,IL,midwest,IL,1,1,6,director,0,0,0.0,unspecified,0,2026-08-10,51,2026-09-21,2026-09-30,,,1,185000.0,235000.0,210000.0,99.958,210088.24,50000.0,text,year,0,0,"$185,000.00 - 235,000.00",7768abecb487c02c,4416,1,0,1,0,0,0,0,0,0,0,0,0,0,0,0,1,0,0,0,0,1,1,1,0,1,0,0,0
c0c323fdd99f54a6,Invenergy,utility,"Associate, Development",siting_dev,1,workday,https://invenergyllc.wd1.myworkdayjobs.com/invenergycareers/job/Chicago-IL/Associate--Development_R10740-1,chicago,1,1,IL,midwest,IL,1,1,1,entry,1,0,0.0,unspecified,0,2026-08-07,54,2026-09-21,2026-09-30,3,3-5 year,1,85000.0,103000.0,94000.0,99.958,94039.5,18000.0,text,year,0,0,"$85,000.00 - 103,000.00",324618529df89a73,3664,0,0,0,0,0,0,0,0,0,0,0,0,0,0,0,1,0,0,0,0,1,1,1,0,1,0,0,0
28670ec3ae6bfaf9,Invenergy,utility,"Associate, Development",siting_dev,1,workday,https://invenergyllc.wd1.myworkdayjobs.com/invenergycareers/job/Denver-CO/Associate--Development_R11186,denver,1,3,CO,west,CO,1,1,1,entry,0,0,0.0,unspecified,0,2026-08-06,55,2026-09-21,2026-09-30,4,At least 4 year,1,85000.0,103000.0,94000.0,103.052,91216.09,18000.0,text,year,0,0,"$85,000.00 - 103,000.00",0222562b5cb8f8fe,3726,1,0,0,0,0,0,0,0,0,0,0,0,0,0,0,0,0,0,0,0,1,1,1,0,1,0,0,0
626c5f5f62712add,Invenergy,utility,"Analyst, Development",siting_dev,2,workday,https://invenergyllc.wd1.myworkdayjobs.com/invenergycareers/job/Denver-CO/Analyst--Development_R11205-1,denver,1,3,CO,west,CO,1,1,2,mid,0,0,0.0,unspecified,0,2026-08-06,55,2026-09-21,2026-09-30,,,1,60000.0,77000.0,68500.0,103.052,66471.3,17000.0,text,year,0,0,"$60,000.00 - $77,000.00",c9bac478ad4e1cf9,3990,1,0,0,0,0,0,0,0,0,0,0,1,0,0,1,1,0,0,0,0,1,1,1,0,1,0,0,0
80b9a6ba9630eccf,Invenergy,utility,"Senior Associate, Development",siting_dev,3,workday,https://invenergyllc.wd1.myworkdayjobs.com/invenergycareers/job/Chicago-IL/Senior-Associate--Development_R10973-1,denver,1,3,IL,midwest,IL;CO,2,1,3,senior,0,0,0.0,unspecified,0,2026-07-10,82,2026-09-21,2026-09-30,,,1,98000.0,125000.0,111500.0,99.958,111546.85,27000.0,text,year,0,0,"$98,000.00 - $125,000.00",e0837c15b7bab27c,3673,1,0,0,0,0,0,0,0,0,0,0,0,0,0,0,1,0,0,0,0,1,1,1,0,1,0,0,0
3953c2d0a9f19db0,Invenergy,utility,"Senior Analyst, Development",siting_dev,3,workday,https://invenergyllc.wd1.myworkdayjobs.com/invenergycareers/job/Denver-CO/Analyst--Development_R10731-1,denver,1,3,CO,west,CO,1,1,3,senior,0,0,0.0,unspecified,0,2026-07-08,84,2026-09-21,2026-09-30,2,2-4 year,1,72000.0,88000.0,80000.0,103.052,77630.71,16000.0,text,year,0,0,"$72,000.00 - 88,000.00",7d13c45195f61dcd,3743,1,0,0,0,0,0,0,0,0,0,0,0,0,0,1,1,0,0,0,0,1,1,1,0,1,0,0,0
5ddd924f46b2c502,Invenergy,utility,"Associate, Land Development",siting_dev,1,workday,https://invenergyllc.wd1.myworkdayjobs.com/invenergycareers/job/Chicago-IL/Associate--Land-Development_R10675-1,chicago,1,1,IL,midwest,IL,1,1,1,entry,1,0,0.0,unspecified,0,2026-06-15,107,2026-09-21,2026-09-30,3,3-5 year,1,80000.0,93000.0,86500.0,99.958,86536.35,13000.0,text,year,0,0,"$80,000.00 - $93,000.00",33d9d6e809693a34,4212,1,0,0,0,0,0,0,0,0,0,0,0,0,0,1,1,0,0,0,0,1,1,1,0,1,0,0,0
e326002019014e13,Invenergy,utility,"Associate, Reliability Compliance",regulatory,1,workday,https://invenergyllc.wd1.myworkdayjobs.com/invenergycareers/job/Chicago-IL/Associate--Reliability-Compliance_R10672-1,chicago,1,1,IL,midwest,IL,1,1,1,entry,1,0,0.0,onsite,0,2026-06-15,107,2026-09-21,2026-09-30,,,1,105000.0,130000.0,117500.0,99.958,117549.37,25000.0,text,year,0,0,"$105,000.00 - $130,000.00",c5f33d04d20383a8,4098,1,1,0,0,0,0,0,0,0,0,0,1,1,0,1,1,0,0,0,0,1,1,1,0,1,0,0,0
fad8ce3b7d7a06c3,Modo Energy,energy_analytics,Market Advisor,market_commercial,0,greenhouse,https://job-boards.eu.greenhouse.io/modoenergy/jobs/4974891101,new_york,1,4,NY,northeast,NY,1,1,2,mid,0,0,0.0,remote,1,2026-09-14T11:13:01-04:00,16,2026-09-21,2026-09-30,,,1,110000.0,170000.0,140000.0,107.921,129724.52,60000.0,text,year,0,0,"$110,000–$170,000",87874643cbd4cbe5,8493,0,0,0,0,0,0,0,0,1,0,0,1,0,0,0,0,0,0,0,1,1,1,0,1,1,0,0,0
c5f709dee8889286,Modo Energy,energy_analytics,Market Analyst,market_commercial,2,greenhouse,https://job-boards.eu.greenhouse.io/modoenergy/jobs/4924102101,new_york,1,4,NY,northeast,NY,1,1,2,mid,1,0,0.0,remote,1,2026-07-09T15:27:01-04:00,83,2026-09-21,2026-09-30,3,3–5 year,1,110000.0,170000.0,140000.0,107.921,129724.52,60000.0,text,year,0,0,"$110,000–$170,000",66a1853aaed782c2,8393,1,1,0,0,0,1,0,1,1,0,0,1,0,0,0,0,0,0,0,0,1,1,0,1,1,0,0,0
ed3594e17e03c49b,NTT Global Data Centers,data_center,"Business Analyst, GID Operational Excellence",software_data,2,workday,https://nttglobaldatacenters.wd501.myworkdayjobs.com/External/job/Remote-USA/Business-Analyst--GID-Operational-Excellence_JR102006,remote_national,0,0,,,,0,0,2,mid,0,0,,remote,1,2026-09-04,26,2026-09-21,2026-09-30,,,1,118300.0,169000.0,143650.0,,,50700.0,text,year,0,0,"$118,300 - $169,000",78d4cadd8ace9525,9972,1,1,1,0,1,1,1,0,1,1,0,1,1,1,1,0,0,0,0,0,1,1,1,0,0,0,0,0
23cacd24e2a2b8cb,Nexamp,developer,Capital Markets Analyst,market_commercial,2,greenhouse,https://nexamp.com//careers?gh_jid=8684321002#Open%20Roles,boston,1,4,MA,northeast,MA,1,1,2,mid,0,0,0.0,hybrid,0,2026-08-24T12:44:44-04:00,37,2026-09-21,2026-09-30,,,1,78000.0,87000.0,82500.0,105.757,78009.02,9000.0,text,year,0,0,"$78,000 - $87,000",d7edfc5b99137879,17735,1,1,0,0,0,0,0,0,0,0,0,1,0,0,1,0,0,0,0,0,1,1,1,1,1,0,0,0
f610f0bfd8baa9c2,Nexamp,developer,Capital Markets Associate,market_commercial,1,greenhouse,https://nexamp.com//careers?gh_jid=8706514002#Open%20Roles,chicago,1,1,IL,midwest,IL,1,1,1,entry,1,0,0.0,unspecified,0,2026-08-24T12:46:31-04:00,37,2026-09-21,2026-09-30,3,At least 3 year,1,99000.0,114000.0,106500.0,99.958,106544.75,15000.0,text,year,0,0,"$99,000 - $114,000",51225fa203349250,13889,1,1,0,0,0,0,0,0,0,0,0,1,0,0,0,0,0,0,0,0,1,1,1,1,1,0,0,0
25c81966c01add94,Nexamp,developer,Capital Markets Associate,market_commercial,1,greenhouse,https://nexamp.com//careers?gh_jid=8684508002#Open%20Roles,boston,1,4,MA,northeast,MA,1,1,1,entry,1,0,0.0,unspecified,0,2026-08-24T12:46:14-04:00,37,2026-09-21,2026-09-30,3,At least 3 year,1,99000.0,114000.0,106500.0,105.757,100702.55,15000.0,text,year,0,0,"$99,000 - $114,000",b3e0f9d3d93d9ce6,13871,1,1,0,0,0,0,0,0,0,0,0,1,0,0,0,0,0,0,0,0,1,1,1,1,1,0,0,0
5bad6a339adce39e,Nexamp,developer,Senior Full Stack Software Developer,software_data,0,greenhouse,https://nexamp.com//careers?gh_jid=8660665002#Open%20Roles,boston,1,4,MA,northeast,MA,1,1,3,senior,0,0,0.0,hybrid,0,2026-07-31T10:13:46-04:00,61,2026-09-21,2026-09-21,7,7+ year,1,170000.0,190000.0,180000.0,105.757,170201.5,20000.0,text,year,0,0,"$170,000 - $190,000",9f9fa0df3e1e96d0,15990,0,0,0,0,0,1,1,1,1,0,0,1,0,0,0,0,0,0,0,0,1,1,1,1,1,0,0,0
6f8cb8f215dc8d33,Nexamp,developer,Senior Interconnection Engineer ,grid_power,0,greenhouse,https://nexamp.com//careers?gh_jid=8465756002#Open%20Roles,new_york,1,4,NY,northeast,NY,1,1,3,senior,0,0,0.0,hybrid,0,2026-03-17T10:16:44-04:00,197,2026-09-21,2026-09-30,3,3+ year,1,120000.0,135000.0,127500.0,107.921,118141.97,15000.0,text,year,0,0,"$120,000 - $135,000",cf2cc5e7651bbb07,10098,1,0,0,0,0,0,0,0,0,1,0,1,0,1,0,1,0,0,0,0,1,1,1,1,1,0,0,0
5cb64545690ac312,Nexamp,developer,Senior Interconnection Engineer ,grid_power,0,greenhouse,https://nexamp.com//careers?gh_jid=8465764002#Open%20Roles,,0,,DC,south,DC,1,1,3,senior,0,0,,hybrid,0,2026-03-17T10:16:48-04:00,197,2026-09-21,2026-09-30,3,3+ year,1,120000.0,135000.0,127500.0,109.901,116013.5,15000.0,text,year,0,0,"$120,000 - $135,000",cf2cc5e7651bbb07,10098,1,0,0,0,0,0,0,0,0,1,0,1,0,1,0,1,0,0,0,0,1,1,1,1,1,0,0,0
e9746c461c8f1cf7,Nexamp,developer,Senior Interconnection Engineer ,grid_power,0,greenhouse,https://nexamp.com//careers?gh_jid=8465758002#Open%20Roles,boston,1,4,MA,northeast,MA,1,1,3,senior,0,0,0.0,hybrid,0,2026-03-17T10:16:47-04:00,197,2026-09-21,2026-09-30,3,3+ year,1,120000.0,135000.0,127500.0,105.757,120559.4,15000.0,text,year,0,0,"$120,000 - $135,000",cf2cc5e7651bbb07,10098,1,0,0,0,0,0,0,0,0,1,0,1,0,1,0,1,0,0,0,0,1,1,1,1,1,0,0,0
229ed82b7673070c,Nexamp,developer,Senior Interconnection Engineer ,grid_power,0,greenhouse,https://nexamp.com//careers?gh_jid=8465757002#Open%20Roles,chicago,1,1,IL,midwest,IL,1,1,3,senior,0,0,0.0,hybrid,0,2026-03-17T10:16:46-04:00,197,2026-09-21,2026-09-30,3,3+ year,1,120000.0,135000.0,127500.0,99.958,127553.57,15000.0,text,year,0,0,"$120,000 - $135,000",cf2cc5e7651bbb07,10098,1,0,0,0,0,0,0,0,0,1,0,1,0,1,0,1,0,0,0,0,1,1,1,1,1,0,0,0
4ce5d6283f17f3c0,Nexamp,developer,Utility Scale Business Development Associate,siting_dev,1,greenhouse,https://nexamp.com//careers?gh_jid=8645727002#Open%20Roles,chicago,1,1,IL,midwest,IL,1,1,1,entry,1,0,0.0,hybrid,0,2026-07-22T17:04:39-04:00,70,2026-09-21,2026-09-30,1,1+ year,1,72000.0,77000.0,74500.0,99.958,74531.3,5000.0,text,year,0,0,"$72,000 - $77,000",00b185254867d3c3,14318,1,0,0,0,0,0,0,0,0,0,0,1,0,0,0,0,0,0,0,0,1,1,1,1,1,0,0,0
39d538ba9eedd736,Origis Energy,developer,Director or Senior Director Project Development - ERCOT,siting_dev,0,greenhouse,https://job-boards.greenhouse.io/origisenergy/jobs/4018247004,remote_national,0,0,TX,south,TX,1,0,6,director,0,0,,remote,1,2021-05-26T18:13:56-04:00,1953,2026-09-21,2026-09-30,10,10-15 year,0,,,,97.057,,,,,0,0,,17380fa43dec089d,8848,0,0,0,0,0,0,0,0,0,0,0,1,1,1,1,1,0,0,0,0,1,1,0,1,1,0,0,0
2b3d1c9373e734f9,Origis Energy,developer,"Director Project Development, Data Centers",siting_dev,0,greenhouse,https://job-boards.greenhouse.io/origisenergy/jobs/5830607004,remote_national,0,0,,,,0,0,6,director,0,0,,remote,1,2026-03-24T17:25:37-04:00,190,2026-09-21,2026-09-30,5,5+ year,0,,,,,,,,,0,0,,43600d3b7fe986aa,10208,1,0,0,0,0,0,0,0,0,0,0,1,1,1,0,1,0,0,0,0,1,1,0,1,1,0,0,0
9b0a0a401ec743c8,Origis Energy,developer,Interconnection Manager or Director,grid_power,0,greenhouse,https://job-boards.greenhouse.io/origisenergy/jobs/4614732004,remote_national,0,0,TX,south,TX,1,0,5,manager,0,1,,remote,1,2022-09-02T11:38:42-04:00,1489,2026-09-21,2026-09-30,5,5-7 year,0,,,,97.057,,,,,0,0,,c23e59e30bd67471,10633,0,0,0,0,0,0,0,0,0,0,0,1,1,1,1,1,0,0,0,0,1,1,0,1,1,0,0,0
dcf71c05d86c6183,Origis Energy,developer,Senior Manager or Director Project Development ,siting_dev,0,greenhouse,https://job-boards.greenhouse.io/origisenergy/jobs/4371911004,remote_national,0,0,,,,0,0,5,manager,0,1,,remote,1,2022-03-08T16:04:32-05:00,1667,2026-09-21,2026-09-30,7,A minimum of 7 year,0,,,,,,,,,0,0,,c7bf5487c906a6ad,8620,0,0,0,0,0,0,0,0,0,0,0,1,1,1,1,1,0,0,0,0,1,1,0,1,1,0,0,0
786591759336f409,PJM Interconnection,grid_operator,Sr. Application Developer I (II),software_data,2,workday,https://pjm.wd5.myworkdayjobs.com/pjmcareers/job/Audubon-PA/Sr-Application-Developer-I--II-_REQ-2026-4248-1,,0,,PA,northeast,PA,1,0,3,senior,0,1,,hybrid,0,2026-09-09,21,2026-09-21,2026-09-30,,,0,,,,97.572,,,,,0,0,,ec31f0eaf9f6112c,4303,0,1,0,0,0,0,1,0,0,0,0,1,0,0,0,0,0,0,0,0,0,0,0,0,0,0,0,0
5c67a1093f38e69c,PJM Interconnection,grid_operator,(Sr.) (Lead) (Principal) Energy Analyst/Engineer (II),other,2,workday,https://pjm.wd5.myworkdayjobs.com/pjmcareers/job/Audubon-PA/XMLNAME--Sr---Lead---Principal--Energy-Analyst-Engineer--II-_REQ-2026-4244-1,,0,,PA,northeast,PA,1,0,2,mid,1,1,,hybrid,0,2026-09-02,28,2026-09-21,2026-09-30,3,At least 3 year,0,,,,97.572,,,,,0,0,,bebaf88e2126857c,3940,1,1,1,0,0,1,1,0,0,0,0,1,1,0,1,0,0,0,0,0,0,0,0,0,0,0,0,0
3882c3b7c85962bc,Plus Power,developer,"Analyst, Finance and Capital Markets - Battery Storage",market_commercial,2,greenhouse,https://job-boards.greenhouse.io/pluspower/jobs/4710484006,remote_national,0,0,,,,0,0,2,mid,1,0,,remote,1,2026-09-02T14:22:11-04:00,28,2026-09-21,2026-09-30,1,1-2 year,1,105000.0,105000.0,105000.0,,,0.0,text,year,0,1,"$105,000",321b96be9478fded,11540,1,1,0,0,0,0,0,0,0,1,0,1,1,0,1,0,0,0,0,0,1,1,1,1,1,0,0,0
209bd6f0e7fd9be4,Plus Power,developer,"Manager, AI Solutions & Analytics - Battery Storage",ai_ml,0,greenhouse,https://job-boards.greenhouse.io/pluspower/jobs/4702383006,remote_national,0,0,,,,0,0,5,manager,0,0,,remote,1,2026-08-04T14:20:48-04:00,57,2026-09-21,2026-09-28,6,6-10 year,1,150000.0,150000.0,150000.0,,,0.0,text,year,0,1,"$150,000",56265349ff476701,13240,1,1,0,0,0,1,1,1,1,1,1,1,0,0,1,0,0,0,0,0,0,0,1,0,1,0,0,0
422b5b8c8e5f34eb,QTS Data Centers,data_center,Land Development Project Specialist,siting_dev,0,workday,https://qtsdatacenters.wd5.myworkdayjobs.com/QTS/job/Irving-TX/Pre-Development-Project-Analyst_R2026-1655,,0,,TX,south,TX,1,0,2,mid,1,0,,unspecified,0,2026-09-16,14,2026-09-21,2026-09-30,2,2-4 year,0,,,,97.057,,,,,0,0,,bd01ed470b3b22bf,7618,1,0,0,0,0,0,0,0,1,0,0,0,1,0,0,0,0,0,0,0,1,1,1,1,1,1,0,1
57830e6cebdb40a4,QTS Data Centers,data_center,Sr. Software Engineer,software_data,0,workday,https://qtsdatacenters.wd5.myworkdayjobs.com/QTS/job/Suwanee-GA/Sr-Software-Engineer_R2026-1942-1,northern_virginia,1,3,GA,south,GA;VA;TX;KS,4,1,3,senior,0,0,9.15,unspecified,0,2026-09-03,27,2026-09-21,2026-09-30,2,2 years of experience,0,,,,96.293,,,,,0,0,,9cb5486d8f26e591,3278,1,1,0,0,0,1,1,1,0,0,0,1,0,0,0,0,0,0,0,0,0,0,0,0,0,0,0,0
54db89f259491133,QTS Data Centers,data_center,Senior FP&A Analyst - Budget,market_commercial,2,workday,https://qtsdatacenters.wd5.myworkdayjobs.com/QTS/job/Overland-Park-KS/Senior-FP-A-Analyst---Budget_R2026-1815,,0,,KS,midwest,KS,1,0,3,senior,0,0,,unspecified,0,2026-08-17,44,2026-09-21,2026-09-30,,,0,,,,90.068,,,,,0,0,,2e16112b9c258340,6148,1,0,0,0,0,0,0,0,1,1,0,1,1,0,1,0,0,0,0,0,0,0,0,0,0,0,0,0
9e1f09aadeb5c392,QTS Data Centers,data_center,Construction Services Procurement Analyst,market_commercial,2,workday,https://qtsdatacenters.wd5.myworkdayjobs.com/QTS/job/Irving-TX/Construction-Services-Procurement-Analyst_R2026-1624-1,,0,,TX,south,TX,1,0,2,mid,1,0,,unspecified,0,2026-07-29,63,2026-09-21,2026-09-30,2,2–3 year,0,,,,97.057,,,,,0,0,,7b39cee6c35ab0d7,4820,1,1,0,0,0,0,1,0,1,1,0,1,1,0,0,0,0,0,0,0,0,0,0,0,0,0,0,0
b43ade8e0e9f86a4,QTS Data Centers,data_center,Land Development Project Specialist,siting_dev,0,workday,https://qtsdatacenters.wd5.myworkdayjobs.com/QTS/job/Denver-CO/Pre-Development-Project-Analyst_R2026-1574-1,denver,1,3,CO,west,CO,1,1,2,mid,1,0,0.0,unspecified,0,2026-07-22,70,2026-09-21,2026-09-30,1,1 - 2 year,1,88963.5,136048.92,112506.21,103.052,109174.21,47085.42000000001,text,year,0,0,"$88,963.50 - 136,048.92",044677fd3788d9d9,10037,1,0,0,0,0,0,0,0,0,0,0,0,1,0,0,0,0,0,0,0,1,1,1,1,1,1,0,1
0a0956c88d4455ce,QTS Data Centers,data_center,Senior DevOps Engineer-1,other,0,workday,https://qtsdatacenters.wd5.myworkdayjobs.com/QTS/job/Ashburn-VA/Senior-DevOps-Engineer-1_R2026-0017-1,northern_virginia,1,3,VA,south,VA;AZ,2,1,3,senior,0,0,9.15,unspecified,0,2026-01-08,265,2026-09-21,2026-09-30,,,0,,,,101.104,,,,,0,0,,79c78ceccf6aa9d2,4292,1,1,0,0,1,1,0,1,0,0,1,0,0,0,1,0,0,0,0,0,1,1,1,0,1,1,0,1
a022bd22cd4b7468,STACK Infrastructure,data_center,AI Application Engineer,ai_ml,0,workday,https://stackinfra.wd108.myworkdayjobs.com/STACK_AMER/job/Denver-CO/AI-Application-Engineer_JR00354,denver,1,3,CO,west,CO,1,1,2,mid,0,0,0.0,hybrid,0,2026-08-28,33,2026-09-21,2026-09-30,,,1,128260.0,146017.59,137138.79499999998,103.052,133077.28,17757.589999999997,text,year,0,0,"$128,260.00 - $146,017.59",a8bca40d795bac17,7315,1,1,0,0,0,1,1,1,1,1,1,1,0,0,0,1,0,0,0,0,1,1,0,0,1,0,0,0
e80d3fbd8373cd83,STACK Infrastructure,data_center,Investment Analyst,market_commercial,2,workday,https://stackinfra.wd108.myworkdayjobs.com/STACK_AMER/job/Denver-CO/Investment-Analyst_JR00282-1,denver,1,3,CO,west,CO,1,1,2,mid,0,0,0.0,unspecified,0,2026-08-28,33,2026-09-21,2026-09-30,,,1,76320.0,83740.0,80030.0,103.052,77659.82,7420.0,text,year,0,0,"$76,320.00 - $83,740.00",e977d2fb2fd7aa3e,5355,1,0,0,0,0,0,0,0,0,0,0,0,0,0,0,1,0,0,0,0,1,1,0,1,1,0,0,0
edfbef5c02bbab6c,STACK Infrastructure,data_center,AI Platform Operations Manager,ai_ml,0,workday,https://stackinfra.wd108.myworkdayjobs.com/STACK_AMER/job/Denver-CO/Cloud-Infrastructure-and-Automation-Engineer_JR00113,denver,1,3,CO,west,CO,1,1,5,manager,0,0,0.0,unspecified,0,2026-08-25,36,2026-09-21,2026-09-30,,,1,128260.0,146017.59,137138.79499999998,103.052,133077.28,17757.589999999997,text,year,0,0,"$128,260.00 - $146,017.59",bc2e8e3694d7c0ba,10109,1,1,0,0,0,1,0,1,1,1,1,1,0,0,1,1,1,0,0,0,1,1,0,0,1,0,0,0
2f40fe51569aea36,Silicon Ranch,developer,"Associate, Project Development",siting_dev,1,greenhouse,https://job-boards.greenhouse.io/siliconranch/jobs/5409336008,,0,,TN,south,TN,1,0,1,entry,1,0,,unspecified,0,2026-08-28T15:21:28-04:00,33,2026-09-21,2026-09-30,0,0 - 2 year,0,,,,91.87,,,,,0,0,,262b7d2dd2270565,7677,1,0,0,0,1,0,0,0,0,0,0,1,0,0,0,1,0,0,0,0,0,0,0,0,0,0,0,0
645a41e5f02de0d2,Silicon Ranch,developer,Interconnection Project Manager,grid_power,0,greenhouse,https://job-boards.greenhouse.io/siliconranch/jobs/5423922008,remote_national,0,0,,,,0,0,5,manager,0,0,,remote,1,2026-09-18T17:32:12-04:00,12,2026-09-21,2026-09-30,2,2-4 year,0,,,,,,,,,0,0,,8fb8a436ea5a6d3d,12192,1,0,0,0,0,0,0,0,0,0,0,1,1,0,1,0,0,0,0,0,0,0,0,0,0,0,0,0
074df47078b59c75,Tract,data_center," Director, Utility Development",siting_dev,0,greenhouse,https://job-boards.greenhouse.io/tract/jobs/4343777009,denver,1,3,VA,south,VA;CO,2,1,6,director,0,0,0.0,remote,1,2026-08-11T22:41:27-04:00,50,2026-09-21,2026-09-30,7,7 to 10 year,1,175000.0,190000.0,182500.0,101.104,180507.2,15000.0,text,year,0,0,"$175,000 to 190,000",f8c94b2f1ab9c663,9464,0,0,1,0,1,0,0,0,1,0,0,1,1,1,0,1,0,0,0,0,1,1,0,0,1,0,0,0
901cda17c0245d38,Vantage Data Centers,data_center,"Business Analyst, Budget Planning & Financial Operations, Global",software_data,2,workday,https://vantagedc.wd1.myworkdayjobs.com/Vantage/job/Remote---US/Business-Analyst--Budget-Planning---Financial-Operations--Global_R24325,remote_national,0,0,,,,0,0,2,mid,1,0,,remote,1,2026-09-21,9,2026-09-21,2026-09-30,2,2 to 5 year,0,,,,,,,,,0,0,,95924d0799183d0f,10149,1,0,0,0,0,0,0,0,0,1,0,1,1,0,1,0,0,0,0,0,0,0,0,0,1,0,0,0
b64043db7d3fb7d9,Vantage Data Centers,data_center,"Business Operations Program Analyst, NA",other,2,workday,https://vantagedc.wd1.myworkdayjobs.com/Vantage/job/Denver-Colorado/Business-Operations-Program-Analyst--NA_R20730,northern_virginia,1,3,CO,west,CO;VA,2,1,2,mid,0,0,9.15,unspecified,0,2026-09-11,19,2026-09-21,2026-09-21,,,1,130000.0,140000.0,135000.0,103.052,131001.82,10000.0,text,year,0,0,"$130,000 - $140,000",d6f1bbf95f972c6f,8587,1,1,0,0,0,0,0,0,0,1,0,1,1,0,1,0,0,0,0,0,1,1,0,0,1,0,0,1
73797a0fbb9b22bc,Vantage Data Centers,data_center,"Procurement Analyst, NA",market_commercial,2,workday,https://vantagedc.wd1.myworkdayjobs.com/Vantage/job/Remote---US/Procurement-Analyst--NA_R22077,remote_national,0,0,,,,0,0,2,mid,1,0,,remote,1,2026-09-08,22,2026-09-21,2026-09-22,1,1 to 3 year,0,,,,,,,,,0,0,,e70a255674349acb,6533,0,0,0,0,0,0,0,0,0,0,0,1,0,0,0,1,0,0,0,0,0,0,0,0,1,0,0,0
12aee94ea74db77f,Vantage Data Centers,data_center,"Sustainability Data Lead, Global",sustainability,0,workday,https://vantagedc.wd1.myworkdayjobs.com/Vantage/job/Denver-Colorado/Sustainability-Data-Lead--Global_R23984,denver,1,3,CO,west,CO,1,1,3,senior,0,0,0.0,unspecified,0,2026-09-02,28,2026-09-21,2026-09-30,7,7–10 year,1,125000.0,135000.0,130000.0,103.052,126149.9,10000.0,text,year,0,0,"$125,000 - $135,000",be2a4db83a095740,13243,1,1,1,0,0,1,1,1,0,1,1,1,0,0,0,0,0,0,0,0,1,1,0,0,1,0,0,1
a40a6f10c8fa50f7,Vantage Data Centers,data_center,"Director, AI Delivery, Global",ai_ml,0,workday,https://vantagedc.wd1.myworkdayjobs.com/Vantage/job/Remote---US/Director--AI-Delivery--Global_R24387,remote_national,0,0,,,,0,0,6,director,0,0,,remote,1,2026-09-01,29,2026-09-21,2026-09-30,,,1,200000.0,210000.0,205000.0,,,10000.0,text,year,0,0,"$200,000-210,000",8eb0e15d7849d990,9512,1,1,0,0,0,0,0,1,1,0,0,1,0,0,0,1,0,0,0,0,1,1,0,0,1,0,0,1
6e65091b73ae5845,Vantage Data Centers,data_center,"Senior Procurement Analyst, NA",market_commercial,2,workday,https://vantagedc.wd1.myworkdayjobs.com/Vantage/job/Ashburn-Virginia/Senior-Procurement-Analyst--NA_R24371,northern_virginia,1,3,VA,south,VA,1,1,3,senior,0,0,9.15,onsite,0,2026-08-24,37,2026-09-21,2026-09-30,,,1,95000.0,105000.0,100000.0,101.104,98908.06,10000.0,text,year,0,0,"$95,000-105,000",49381d3be212ce6f,8011,0,0,0,0,0,0,0,0,0,0,0,1,0,0,0,1,0,0,0,0,1,1,0,0,1,0,0,1
899fb0f063462cf8,Vantage Data Centers,data_center,"Sr Data Engineer, Data Analytics & Intelligence, NA",software_data,0,workday,https://vantagedc.wd1.myworkdayjobs.com/Vantage/job/Denver-Colorado/Sr-Data-Engineer--Data-Analytics---Intelligence--NA_R23782,denver,1,3,CO,west,CO,1,1,3,senior,0,0,0.0,onsite,0,2026-07-15,77,2026-09-21,2026-09-30,5,5–8 year,1,130000.0,155000.0,142500.0,103.052,138279.7,25000.0,text,year,0,0,$ 130k -155k,edb17f23ca7b4fe1,12453,0,1,0,0,0,1,1,1,1,1,1,1,0,1,0,1,0,0,0,0,1,1,0,0,1,0,0,1
263f512ae420967d,Vistra,utility,Associate Data Analyst-Retail,software_data,2,workday,https://vst.wd5.myworkdayjobs.com/vistra_careers/job/Irving-Texas/Associate-Data-Analyst-Retail_40015958-2,,0,,TX,south,TX,1,0,1,entry,1,0,,unspecified,0,2026-08-31,30,2026-09-21,2026-09-30,1,1-3 year,0,,,,97.057,,,,,0,0,,ab706aec9c90039e,4295,0,1,0,0,0,1,1,1,0,1,0,1,0,0,1,0,0,0,0,0,0,0,0,0,0,0,0,0
968e96f2c55709ba,Vistra,utility,"Engineer, Grid Integration and Interconnection Services",grid_power,0,workday,https://vst.wd5.myworkdayjobs.com/vistra_careers/job/Irving-Texas/Engineer--Grid-Integration-and-Interconnection-Services_40014514-1,,0,,TX,south,TX,1,0,2,mid,0,0,,unspecified,0,2026-08-24,37,2026-09-21,2026-09-22,4,At least 4 year,0,,,,97.057,,,,,0,0,,a97fe9320dd24c75,5206,0,0,0,0,0,0,0,0,0,0,0,1,1,0,1,0,0,0,0,0,0,0,0,0,0,0,0,0
92704960c9402947,Vistra,utility,Product Strategy & Development Associate II,siting_dev,2,workday,https://vst.wd5.myworkdayjobs.com/vistra_careers/job/Irving-Texas/Product-Strategy---Development-Associate-II_40016466-1,,0,,TX,south,TX,1,0,2,mid,0,0,,remote,0,2026-08-18,43,2026-09-21,2026-09-30,,,0,,,,97.057,,,,,0,0,,3c12f355ceec2be3,4825,1,0,0,0,0,0,0,0,0,1,0,1,0,0,1,0,0,0,0,0,0,0,0,0,0,0,0,0
994d0561fabec547,Vistra,utility,Lead Data Engineer,software_data,0,workday,https://vst.wd5.myworkdayjobs.com/vistra_careers/job/Irving-Texas/Lead-Data-Engineer_40016302-2,,0,,TX,south,TX,1,0,3,senior,0,0,,unspecified,0,2026-07-17,75,2026-09-21,2026-09-30,7,7-9 year,0,,,,97.057,,,,,0,0,,ae78ce370b7a3feb,3433,1,0,0,0,0,1,1,0,0,1,1,1,0,1,1,0,0,0,0,0,0,0,0,0,0,0,0,0
4dd1cf7fb2d958ca,Vistra,utility,Lead Risk Analyst - Modeling and Valuation,market_commercial,2,workday,https://vst.wd5.myworkdayjobs.com/vistra_careers/job/Irving-Texas/Lead-Risk-Analyst---Modeling-and-Valuation_40016272-3,,0,,TX,south,TX,1,0,3,senior,0,0,,hybrid,0,2026-07-13,79,2026-09-21,2026-09-22,3,3-5 year,0,,,,97.057,,,,,0,0,,ed9c5e4dd25aeb6b,2999,1,1,0,0,0,1,1,0,0,0,0,1,0,0,0,0,0,0,0,0,0,0,0,0,0,0,0,0
0c1446b2b3cf0ce2,Vistra,utility,Principal Devops Platform Engineer,software_data,0,workday,https://vst.wd5.myworkdayjobs.com/vistra_careers/job/Irving-Texas/Principal-Devops-Platform-Engineer_40016158-2,,0,,TX,south,TX,1,0,4,staff_principal,0,0,,unspecified,0,2026-06-30,92,2026-09-21,2026-09-30,,,0,,,,97.057,,,,,0,0,,6a03cde0549db016,4537,1,1,0,0,0,1,0,1,1,0,1,1,1,0,1,0,0,0,0,0,0,0,0,0,0,0,0,0
31e6dfe55e1f4b6a,Vistra,utility,"Lead Developer - Python , Gen AI",ai_ml,0,workday,https://vst.wd5.myworkdayjobs.com/vistra_careers/job/Irving-Texas/Lead-Developer-Python-AI-Gen_40015445-1,,0,,TX,south,TX,1,0,3,senior,0,0,,unspecified,0,2026-05-19,134,2026-09-21,2026-09-28,6,6–9 year,0,,,,97.057,,,,,0,0,,d1f2b5b736ef9d11,4408,0,0,0,0,0,1,0,1,1,0,0,1,0,0,0,0,0,0,0,0,0,0,0,0,0,0,0,0
557ac759b944053d,Vistra,utility,Principal Data Engineer,software_data,0,workday,https://vst.wd5.myworkdayjobs.com/vistra_careers/job/Irving-Texas/Principal-Data-Engineer_40012555-1,,0,,TX,south,TX,1,0,4,staff_principal,0,0,,unspecified,0,2026-05-19,134,2026-09-21,2026-09-30,9,9 -11  year,0,,,,97.057,,,,,0,0,,311bde0b63abc5db,4393,0,1,0,0,0,0,1,1,1,0,1,1,1,1,1,0,0,0,0,0,0,0,0,0,0,0,0,0
bb0cfae445a92b52,Voltus,energy_analytics,Market Operations Analyst,market_commercial,2,lever,https://jobs.lever.co/voltus/a3b26f0a-a9a5-4b66-b48a-bd4f73879d15,remote_national,0,0,,,,0,0,2,mid,0,0,,remote,1,2026-04-07T17:03:32.100000+00:00,176,2026-09-21,2026-09-29,,,1,75000.0,80000.0,77500.0,,,5000.0,structured,year,0,0,,420e0b1de6021bb6,675,0,0,0,0,0,0,0,0,0,0,0,0,0,0,1,0,0,0,0,0,0,0,0,0,0,0,0,0
505ab21654323b94,Voltus,energy_analytics,"Senior Software Engineer, Infrastructure",software_data,0,lever,https://jobs.lever.co/voltus/ef77db50-32a3-4284-a0ab-b07f7a6517ba,remote_national,0,0,,,,0,0,3,senior,0,0,,remote,1,2026-08-26T19:59:48.811000+00:00,35,2026-09-21,2026-09-30,,,1,160000.0,190000.0,175000.0,,,30000.0,structured,year,0,0,,c2f9e1be0cfd2625,2617,0,0,0,0,0,0,0,1,1,0,0,0,0,1,1,0,1,0,0,0,0,0,0,0,0,0,0,0
658e035634eab613,Wabash Valley Power Alliance,cooperative,Artificial Intelligence/Machine Learning Engineer,ai_ml,0,smartrecruiters,https://api.smartrecruiters.com/v1/companies/WabashValleyPowerAlliance/postings/744000122038811,indianapolis,1,2,IN,midwest,IN,1,0,2,mid,0,0,0.0,onsite,0,2026-04-21T14:12:56.218Z,162,2026-09-21,2026-09-30,,,0,,,,93.329,,,,,0,0,,f07d2482bc41db07,5831,1,1,1,0,0,1,0,0,1,0,0,1,1,0,0,0,0,1,0,0,1,1,0,0,1,1,0,1
afb65e8030e59f7d,Xcel Energy,utility,"Environmental Analyst III or IV - Amarillo, TX",sustainability,3,workday,https://xcelenergy.wd1.myworkdayjobs.com/External/job/Amarillo-TX-79101/Environmental-Analyst-IV---Amarillo--TX_JR115346-1,,0,,TX,south,TX,1,0,3,senior,0,0,,unspecified,0,2026-09-16,14,2026-09-21,2026-09-30,,,1,73700.0,102733.0,88216.5,97.057,90891.43,29033.0,text,year,0,0,"$73,700.00 to $102,733.00",63c8a5b25721701d,8351,1,0,1,0,0,0,0,0,0,0,0,0,0,0,0,0,0,0,0,0,1,1,1,0,1,1,0,1
96ab94bac57720b9,Xcel Energy,utility,Data Analyst or Data Analyst Senior - AMLD,software_data,2,workday,https://xcelenergy.wd1.myworkdayjobs.com/External/job/Denver-CO-80223/Data-Analyst-or-Data-Analyst-Senior---AMLD_JR116302-1,denver,1,3,CO,west,CO,1,1,2,mid,0,1,0.0,unspecified,0,2026-09-16,14,2026-09-21,2026-09-22,5,Minimum of 5 year,1,64100.0,120566.0,92333.0,103.052,89598.46,56466.0,text,year,0,0,"$64,100.00 to $120,566.00",c4b7ef54a690ae68,6738,1,1,0,0,0,0,1,0,0,0,0,1,1,0,1,0,0,0,0,0,1,1,1,0,1,1,0,1
e6e6f4faa63bc9d0,Xcel Energy,utility,Data Analyst - AMLD,software_data,2,workday,https://xcelenergy.wd1.myworkdayjobs.com/External/job/Denver-CO-80223/Data-Analyst---AMLD_JR116303-1,denver,1,3,CO,west,CO,1,1,2,mid,0,0,0.0,unspecified,0,2026-09-16,14,2026-09-21,2026-09-22,,,1,64100.0,90966.0,77533.0,103.052,75236.77,26866.0,text,year,0,0,"$64,100.00 to $90,966.00",e02c9da0234b3a02,5567,1,1,0,0,0,0,1,0,0,0,0,0,1,0,1,0,0,0,0,0,1,1,1,0,1,1,0,1
713d35b3f546f666,Xcel Energy,utility,Senior Regulatory Specialist,regulatory,0,workday,https://xcelenergy.wd1.myworkdayjobs.com/External/job/790-Buchanan/Senior-Regulatory-Specialist_JR115925-1,,0,,NM,west,NM;TX,2,0,3,senior,0,0,,unspecified,0,2026-09-16,14,2026-09-21,2026-09-22,10,Minimum of 10 year,1,84900.0,120566.0,102733.0,92.212,111409.58,35666.0,text,year,0,0,"$84,900.00 to $120,566.00",fc6b29d1642bc38b,7350,0,0,0,0,1,0,0,0,0,0,0,0,1,0,0,1,1,1,0,0,1,1,1,0,1,1,0,1
75082218231b909e,Xcel Energy,utility,"Environmental Analyst V (Construction Stormwater) - Denver, CO",sustainability,2,workday,https://xcelenergy.wd1.myworkdayjobs.com/External/job/Denver-CO-80205/Environmental-Analyst-V--Construction-Stormwater----Denver--CO_JR116361-1,denver,1,3,CO,west,CO,1,1,3,senior,0,0,0.0,unspecified,0,2026-09-15,15,2026-09-21,2026-09-28,,,1,97600.0,138600.0,118100.0,103.052,114602.34,41000.0,text,year,0,0,"$97,600.00 to $138,600.00",8436328f59ea26b6,7419,1,0,1,0,0,0,0,0,0,0,0,0,0,0,0,0,0,0,0,0,1,1,1,0,1,1,0,1
4bbd2c161c120572,Xcel Energy,utility,"Transmission Planning Engineer, or Staff, or Senior Engineer",grid_power,0,workday,https://xcelenergy.wd1.myworkdayjobs.com/External/job/Denver-CO-80205/Transmission-Planning-Engineer--or-Staff--or-Senior-Engineer_JR113290-1,denver,1,3,CO,west,CO,1,1,2,mid,1,1,0.0,hybrid,0,2026-09-11,19,2026-09-21,2026-09-30,0,explicit no-experience statement,1,70000.0,88666.0,79333.0,103.052,76983.46,18666.0,text,year,0,0,"$70,000 - $88,666",4dc2a586b3600abe,17086,1,0,1,1,1,1,0,0,0,0,0,0,1,1,0,0,0,0,0,0,1,1,1,0,1,1,0,1
d4557d1ffe42ef02,Xcel Energy,utility,Resource Planning Analyst I or II or Senior,grid_power,2,workday,https://xcelenergy.wd1.myworkdayjobs.com/External/job/Amarillo-TX-79101/Resource-Planning-Analyst-I-or-II-or-Senior_JR116173-1,denver,1,3,TX,south,TX;CO,2,1,1,entry,1,1,0.0,unspecified,0,2026-09-09,21,2026-09-21,2026-09-22,,,1,84900.0,159400.0,122150.0,97.057,125853.88,74500.0,text,year,0,0,"$84,900.00 to $159,400.00",3c3503258e00221a,6975,0,1,0,0,0,0,0,0,0,0,0,0,0,0,0,0,0,0,0,0,1,1,1,0,1,1,0,1
2a0c14025831dde8,Xcel Energy,utility,Senior/Principal Data Analyst,software_data,2,workday,https://xcelenergy.wd1.myworkdayjobs.com/External/job/Denver-CO-80205/Senior-Principal-Data-Analyst_JR116333-1,minneapolis,1,3,CO,west,CO;MN;WI,3,1,3,senior,0,1,0.0,unspecified,0,2026-09-09,21,2026-09-21,2026-09-22,5,Minimum of 5 year,1,84900.0,138600.0,111750.0,103.052,108440.4,53700.0,text,year,0,0,"$84,900.00 to $138,600.00",ada4966aae790fe8,7928,0,1,0,0,0,0,1,0,0,1,0,1,0,1,1,0,0,0,0,0,1,1,1,0,1,1,0,1
aaa1406b5bc332b0,Xcel Energy,utility,Senior Resource Planning Analyst (or Resource Planning Analyst II or I),grid_power,2,workday,https://xcelenergy.wd1.myworkdayjobs.com/External/job/Denver-CO-80205/Senior-Resource-Planning-Analyst_JR115285-1,denver,1,3,CO,west,CO,1,1,1,entry,1,1,0.0,unspecified,0,2026-09-03,27,2026-09-21,2026-09-22,,,1,84900.0,159400.0,122150.0,103.052,118532.39,74500.0,text,year,0,0,"$84,900.00 to $159,400.00",da0d35fff8175cf0,10135,0,1,1,0,0,1,0,0,0,0,0,0,0,0,0,0,0,0,0,0,1,1,1,0,1,1,0,1
2d27007f917b9644,Xcel Energy,utility,Principal Rate Analyst,other,2,workday,https://xcelenergy.wd1.myworkdayjobs.com/External/job/Denver-CO-80205/Principal-Rate-Analyst_JR114016-1,denver,1,3,CO,west,CO,1,1,4,staff_principal,0,0,0.0,unspecified,0,2026-09-02,28,2026-09-21,2026-09-30,,,1,97600.0,138600.0,118100.0,103.052,114602.34,41000.0,text,year,0,0,"$97,600.00 to $138,600.00",9be222d7c5f5f856,6039,0,1,0,0,0,0,0,0,0,0,0,0,0,0,0,1,0,0,0,0,1,1,1,0,1,1,0,1
3569b860c086e0ed,Yes Energy,energy_analytics,Data Engineer II,software_data,2,greenhouse,https://job-boards.greenhouse.io/yesenergy/jobs/5284694008,denver,1,3,CO,west,CO,1,1,2,mid,0,0,24.16,hybrid,0,2026-06-26T16:05:05-04:00,96,2026-09-21,2026-09-22,,,1,100000.0,125000.0,112500.0,103.052,109168.19,25000.0,text,year,0,0,"$100,000-125,000",5e9c92589e29a743,8897,1,1,0,0,0,0,1,1,1,1,0,0,1,0,0,1,0,0,0,0,1,1,0,0,1,0,0,0
3b6aad93f1409b21,Yes Energy,energy_analytics,"Principal Analyst, Power Markets Modeler",market_commercial,2,greenhouse,https://job-boards.greenhouse.io/yesenergy/jobs/5253087008,boston,1,4,MA,northeast,MA,1,1,4,staff_principal,0,0,7.84,hybrid,0,2026-06-09T17:00:21-04:00,113,2026-09-21,2026-09-22,,,1,135000.0,160000.0,147500.0,105.757,139470.67,25000.0,text,year,0,0,"$135,000 - $160,000",6ec8423441e95dd8,8013,1,1,1,0,0,1,1,0,0,0,0,0,1,0,1,1,0,0,0,0,1,1,0,0,1,0,0,0
9eb9f6f74e6e1a6a,Yes Energy,energy_analytics,Senior Settlements Analyst,other,2,greenhouse,https://job-boards.greenhouse.io/yesenergy/jobs/5408738008,remote_national,0,0,,,,0,0,3,senior,0,0,,remote,1,2026-08-27T16:27:25-04:00,34,2026-09-21,2026-09-22,,,1,130000.0,160000.0,145000.0,,,30000.0,text,year,0,0,"$130,000 - $160,000",efa429642c3857b7,7673,0,0,0,0,0,0,1,0,0,0,0,0,0,0,0,1,0,0,0,0,1,1,0,0,1,0,0,0
486c4c97f3718d95,AEP Energy,retailer,Infrastructure Engineer Lead – Cloud AI,ai_ml,0,workday,https://aep.wd1.myworkdayjobs.com/AEPCareerSite/job/Gahanna-OH/Infrastructure-Engineer-Lead---Cloud-AI_R19366,,0,,OH,midwest,OH,1,0,3,senior,0,0,,unspecified,0,2026-09-22,8,2026-09-22,2026-09-30,,,1,136539.0,177503.0,157021.0,92.774,169251.08,40964.0,text,year,0,0,"$136,539.00 - $177,503.00",ed6910948fcc1fb2,10379,1,1,0,0,1,1,1,1,1,1,0,1,1,1,1,0,1,0,0,0,0,1,1,1,0,0,0,1
f9ae97ecdd0870d3,AEP Energy,retailer,Supply Chain Business Analyst,software_data,2,workday,https://aep.wd1.myworkdayjobs.com/AEPCareerSite/job/Columbus-OH/Supply-Chain-Business-Analyst_R19078,,0,,OH,midwest,OH,1,0,2,mid,1,0,,unspecified,0,2026-09-22,8,2026-09-22,2026-09-22,3,a minimum of 3 year,1,74551.0,93188.5,83869.75,92.774,90402.21,18637.5,text,year,0,0,"$74,551.00 - $93,188.50",00ba39fa2d6f1a72,5108,0,0,0,0,0,1,1,0,1,1,0,1,1,0,1,0,0,0,0,0,0,0,0,0,0,0,0,0
b078eee499de3dac,AEP Energy,retailer,Regulatory Consultant - Principal (Electric Utility),regulatory,0,workday,https://aep.wd1.myworkdayjobs.com/AEPCareerSite/job/Ft-Wayne-IN/Regulatory-Consultant---Principal--Electric-Utility-_R19308-1,indianapolis,1,2,IN,midwest,IN,1,0,4,staff_principal,0,0,0.0,unspecified,0,2026-09-22,8,2026-09-22,2026-09-30,,,1,74551.0,128688.0,101619.5,93.329,108883.09,54137.0,text,year,0,0,"$74,551.00 - $128,688.00",5938b9a193346928,9825,1,0,0,0,1,0,0,0,0,0,0,1,1,0,1,1,1,0,0,0,0,0,1,0,0,0,0,1
889d598b82bb7c1e,AEP Energy,retailer,"Director, Major Projects | NUCLEAR DEVELOPMENT (multiple opportunities) - Columbus, OH / Dallas, TX",siting_dev,0,workday,https://aep.wd1.myworkdayjobs.com/AEPCareerSite/job/AEP-Headquarters/Director--Major-Projects---NUCLEAR-DEVELOPMENT--multiple-opportunities----Columbus--OH---Dallas--TX_R19256,,0,,TX,south,TX,1,0,6,director,0,0,,unspecified,0,2026-09-22,8,2026-09-22,2026-09-30,,,1,189000.0,245000.0,217000.0,97.057,223579.96,56000.0,text,year,0,0,$189K - $245K,ea8382eb7f6f30da,12246,1,0,0,0,1,0,0,0,0,0,0,0,0,1,0,1,0,0,0,0,1,1,0,0,1,0,0,0
f3c3d7a0a26d949a,AEP Energy,retailer,Resource Planning Lead | INTEGRATED RESOURCE PLANNING (IRP),grid_power,0,workday,https://aep.wd1.myworkdayjobs.com/AEPCareerSite/job/Columbus-OH/Resource-Planning-Lead---INTEGRATED-RESOURCE-PLANNING--IRP-_R19184,,0,,OH,midwest,OH,1,0,3,senior,0,0,,unspecified,0,2026-09-21,9,2026-09-22,2026-09-30,,,1,136539.0,177000.0,156769.5,92.774,168979.99,40461.0,text,year,0,0,"$136,539.00 - $177,000.00",6b1dc0887dcbfd92,8421,0,1,1,0,1,1,1,0,0,1,0,1,1,0,0,1,0,0,0,0,1,1,1,0,1,0,0,0
1d62f7da4ebe8f1b,AEP Energy,retailer,NERC Compliance Specialist Lead - Principal,regulatory,0,workday,https://aep.wd1.myworkdayjobs.com/AEPCareerSite/job/Columbus-OH/NERC-Compliance-Specialist-Lead---Principal_R18980,,0,,OH,midwest,OH,1,0,4,staff_principal,0,0,,unspecified,0,2026-09-18,12,2026-09-22,2026-09-30,,,1,116255.0,177503.0,146879.0,92.774,158319.14,61248.0,text,year,0,0,"$116,255.00 - $177,503.00",35019568aa20af99,6793,1,1,1,0,1,0,0,0,0,1,0,1,0,0,0,0,0,0,0,0,0,0,0,0,0,0,0,0
8508d8f2ba64dbf7,AEP Energy,retailer,NERC Compliance,regulatory,0,workday,https://aep.wd1.myworkdayjobs.com/AEPCareerSite/job/Oklahoma-City-OK/NERC-Compliance_R19031,,0,,OK,south,OK,1,0,2,mid,0,0,,unspecified,0,2026-09-18,12,2026-09-22,2026-09-28,,,1,116255.0,186010.0,151132.5,87.843,172048.43,69755.0,text,year,0,0,"$116,255 - $186,010",54eaf68184164d37,6572,1,0,0,0,1,0,0,0,0,1,0,1,0,0,0,0,0,0,0,0,0,0,0,0,0,0,0,0
25e2066fda41bb86,AEP Energy,retailer,Nuclear GIS Specialist Sr. | NUCLEAR DEVELOPMENT,gis,0,workday,https://aep.wd1.myworkdayjobs.com/AEPCareerSite/job/Columbus-OH/Nuclear-GIS-Specialist-Sr---NUCLEAR-DEVELOPMENT_R19455,,0,,OH,midwest,OH,1,0,3,senior,0,0,,unspecified,0,2026-09-18,12,2026-09-22,2026-09-22,,,1,88000.0,115000.0,101500.0,92.774,109405.65,27000.0,text,year,0,0,"$88,000.00 - $115,000.00",492107c0b4d9d5f6,5050,1,0,0,0,0,1,0,0,0,1,0,0,0,0,0,0,0,0,0,0,1,1,0,0,1,0,0,0
c70a9b423984f6c7,AEP Energy,retailer,Procurement Analyst/Consultant,market_commercial,2,workday,https://aep.wd1.myworkdayjobs.com/AEPCareerSite/job/Columbus-OH/Procurement-Analyst-Consultant_R19058,,0,,OH,midwest,OH,1,0,2,mid,0,0,,unspecified,0,2026-09-17,13,2026-09-22,2026-09-22,,,1,74551.0,109543.0,92047.0,92.774,99216.38,34992.0,text,year,0,0,"$74,551.00 - $109,543.00",76b52904a893a9b3,7461,1,0,0,0,0,0,0,0,0,0,0,1,1,0,1,0,0,0,0,0,0,1,1,0,0,0,0,0
5dd5c17fbcfdee41,AEP Energy,retailer,Distribution System Operations Real-Time Reliability Coordinator,other,0,workday,https://aep.wd1.myworkdayjobs.com/AEPCareerSite/job/New-Albany-OH/Distribution-System-Operations-Real-Time-Reliability-Coordinator_R18103,,0,,OH,midwest,OH,1,0,2,mid,0,0,,unspecified,0,2026-09-17,13,2026-09-22,2026-09-30,,,1,98993.0,128689.0,113841.0,92.774,122707.87,29696.0,text,year,0,0,"$98,993-$128,689",91be1e88f5204c28,9489,0,1,0,0,0,0,0,0,0,0,0,1,0,0,0,1,1,0,0,0,0,0,0,0,0,0,0,1
e6d49515a430557f,AEP Energy,retailer,Transmission System Operations Engineering Modeling Engineer,grid_power,0,workday,https://aep.wd1.myworkdayjobs.com/AEPCareerSite/job/Tulsa-OK/Transmission-System-Operations-Engineering-Modeling-Engineer_R16828,,0,,OK,south,OK;OH,2,0,2,mid,1,0,,unspecified,0,2026-09-17,13,2026-09-22,2026-09-28,0,explicit no-experience statement,1,74551.0,93189.0,83870.0,87.843,95477.16,18638.0,text,year,0,0,"$74,551-$93,189",285bc510abe09cb7,8325,1,0,1,0,1,0,0,0,0,0,0,1,0,0,1,0,0,0,0,0,0,0,0,0,0,0,0,1
820f6047934c6697,AEP Energy,retailer,"Nuclear GIS Specialist Sr - Nuclear Dev - Columbus, OH / Dallas, TX",gis,0,workday,https://aep.wd1.myworkdayjobs.com/AEPCareerSite/job/Columbus-OH/Nuclear-FIS-Specialist-Sr---Nuclear-Dev---Columbus--OH---Dallas--TX_R19344,,0,,OH,midwest,OH;TX,2,0,3,senior,0,0,,unspecified,0,2026-09-17,13,2026-09-22,2026-09-22,,,1,88000.0,116000.0,102000.0,92.774,109944.6,28000.0,text,year,0,0,$88k - $116k,3accb1d2a40b770f,4886,1,0,0,0,0,1,0,0,0,1,0,0,0,0,0,0,0,0,0,0,0,0,0,0,0,0,0,0
81167c48e7b0f232,AEP Energy,retailer,Regulatory Consultant Principal - Staff (Utility),regulatory,0,workday,https://aep.wd1.myworkdayjobs.com/AEPCareerSite/job/Austin-TX/Regulatory-Consultant-Principal---Staff--Utility-_R18642,,0,,TX,south,TX,1,0,4,staff_principal,0,0,,unspecified,0,2026-09-16,14,2026-09-22,2026-09-30,,,1,98993.0,151132.0,125062.5,97.057,128854.69,52139.0,text,year,0,0,"$98,993.00 - $151,132.00",4645ffb1303352eb,9116,1,0,1,0,1,0,0,0,0,0,0,1,1,0,1,1,1,0,0,0,0,1,1,0,0,0,0,1
418b936a22e471b3,AEP Energy,retailer,Transmission Planning Modeling Engineer,grid_power,0,workday,https://aep.wd1.myworkdayjobs.com/AEPCareerSite/job/New-Albany-OH/Transmission-Planning-Modeling-Engineer_R18992,,0,,OH,midwest,OH,1,0,2,mid,1,0,,unspecified,0,2026-09-15,15,2026-09-22,2026-09-28,0,explicit no-experience statement,1,136000.0,177000.0,156500.0,92.774,168689.5,41000.0,text,year,0,0,"$136,000-$177,000",5ac73f5ff517bf8c,10096,1,0,1,0,1,0,0,0,0,0,0,0,0,0,1,0,0,0,0,0,0,0,0,0,0,0,0,1
bbabbb4652e4a4c7,AEP Energy,retailer,Data & AI Technology Delivery Manager,ai_ml,0,workday,https://aep.wd1.myworkdayjobs.com/AEPCareerSite/job/Columbus-OH/Data---AI-Technology-Delivery-Manager_R19032,,0,,OH,midwest,OH,1,0,5,manager,0,0,,unspecified,0,2026-09-15,15,2026-09-22,2026-09-28,4,4-6 year,1,136539.0,177503.0,157021.0,92.774,169251.08,40964.0,text,year,0,0,"$136,539.00 - $177,503.00",9bfa91fd58bf6947,5011,1,1,0,0,0,0,0,0,1,0,0,1,0,0,0,0,0,0,0,0,0,0,0,0,0,0,0,0
5705c9717bf27a9e,AEP Energy,retailer,Distribution System Operations Real-Time Reliability Engineer,other,0,workday,https://aep.wd1.myworkdayjobs.com/AEPCareerSite/job/New-Albany-OH/Distribution-System-Operations-Real-Time-Reliability-Engineer_R17781,,0,,OH,midwest,OH,1,0,2,mid,1,0,,unspecified,0,2026-09-15,15,2026-09-22,2026-09-30,2,2-4 year,1,116000.0,151000.0,133500.0,92.774,143898.07,35000.0,text,year,0,0,"$116,000-$151,000",1808fc5ce1558b6a,10595,1,0,1,0,1,0,0,0,0,0,0,1,1,0,0,1,1,0,0,0,0,0,0,0,0,0,0,1
515bfb889c1330bf,AEP Energy,retailer,"Siting Project Manager - Nuclear Dev - Columbus, OH / Dallas, TX",siting_dev,0,workday,https://aep.wd1.myworkdayjobs.com/AEPCareerSite/job/Columbus-OH/Siting-Project-Manager---Nuclear-Dev---Columbus--OH---Dallas--TX_R19343,,0,,OH,midwest,OH;TX,2,0,5,manager,0,0,,unspecified,0,2026-09-15,15,2026-09-22,2026-09-29,,,1,99000.0,138000.0,118500.0,92.774,127729.75,39000.0,text,year,0,0,$99k - $138k,802e2b9b5085ba46,5037,1,0,0,0,0,0,0,0,0,0,0,1,0,0,0,0,0,0,0,0,0,0,0,0,0,0,0,0
4a7d9f68da8bd183,AEP Energy,retailer,Sr. SolarWinds Platform Engineer,software_data,0,workday,https://aep.wd1.myworkdayjobs.com/AEPCareerSite/job/Gahanna-OH/Sr-SolarWinds-Platform-Engineer_R18906,,0,,OH,midwest,OH;TX,2,0,3,senior,0,0,,unspecified,0,2026-09-14,16,2026-09-22,2026-09-22,,,1,116255.0,151132.5,133693.75,92.774,144106.92,34877.5,text,year,0,0,"$116,255.00 - $151,132.50",dd198ad634d8fa65,11567,1,1,0,0,0,0,1,0,0,1,0,0,1,0,1,0,1,1,0,0,0,0,0,0,0,0,0,0
e2087d00f2629927,AEP Energy,retailer,Transmission Siting and Outreach Manager,siting_dev,0,workday,https://aep.wd1.myworkdayjobs.com/AEPCareerSite/job/Corpus-Christi-TX/Transmission-Siting-and-Outreach-Manager_R18358,,0,,TX,south,TX,1,0,5,manager,0,0,,unspecified,0,2026-09-09,21,2026-09-22,2026-09-22,,,1,136539.0,177503.0,157021.0,97.057,161782.25,40964.0,text,year,0,0,"$136,539-$177,503",a3d0a7a9183179bf,8929,1,0,0,0,0,0,0,0,0,0,0,1,0,0,0,1,0,0,0,0,0,0,0,1,0,0,0,1
36c0fc968800b95f,AES Indiana,utility,Business Analyst II,software_data,2,workday,https://aes.wd1.myworkdayjobs.com/AES_US/job/US-Indianapolis-IN/Business-Analyst-II_R1064635,indianapolis,1,2,IN,midwest,IN,1,0,2,mid,0,0,0.0,unspecified,0,2026-09-22,8,2026-09-22,2026-09-22,,,0,,,,93.329,,,,,0,0,,97e6018f2bb25a25,4822,0,0,0,0,0,0,0,0,0,0,0,0,1,0,1,0,0,0,0,0,0,0,0,0,0,0,0,0
6f2b9a1c7fb4b4e8,AES Indiana,utility,Interconnection Manager,grid_power,0,workday,https://aes.wd1.myworkdayjobs.com/AES_US/job/US-San-Francisco-CA/Interconnection-Manager_R1063879-1,bay_area,1,4,CA,west,CA;TX;UT;CO,4,1,5,manager,0,0,0.0,unspecified,0,2026-09-22,8,2026-09-22,2026-09-30,,,1,158000.0,198050.0,178025.0,110.72,160788.48,40050.0,text,year,0,0,"between $158,000 and $198,050",9a8c718b63696011,7403,0,0,0,0,0,0,0,0,0,0,0,0,0,0,0,1,0,0,0,0,1,1,1,0,1,0,0,0
85f48ebef2e5c05e,AES Indiana,utility,"Senior Analyst, Structures & Pricing",market_commercial,3,workday,https://aes.wd1.myworkdayjobs.com/AES_US/job/US-Houston-TX/Senior-Analyst--Structures---Pricing_R1064919-1,,0,,TX,south,TX,1,0,3,senior,0,0,,unspecified,0,2026-09-17,13,2026-09-22,2026-09-30,,,0,,,,97.057,,,,,0,0,,179a9da652a4a0eb,5828,1,1,1,0,0,1,0,0,0,1,0,1,1,0,1,0,0,0,0,0,0,0,0,0,0,0,0,0
945166a838962257,AES Indiana,utility,Environmental Specialist III – Air Permitting and Compliance,siting_dev,3,workday,https://aes.wd1.myworkdayjobs.com/AES_US/job/US-Indianapolis-IN/Environmental-Specialist-III---Air-Permitting-and-Compliance_R1064877,indianapolis,1,2,IN,midwest,IN,1,0,3,senior,0,0,0.0,unspecified,0,2026-09-14,16,2026-09-22,2026-09-30,7,Minimum of 7 year,0,,,,93.329,,,,,0,0,,aa0004d00f8a92f3,5266,1,0,0,0,0,0,0,0,0,0,0,1,1,0,0,0,0,0,0,0,0,0,0,0,0,0,0,0
197bd4197032479d,AES Indiana,utility,"Development Manager, Wind",siting_dev,0,workday,https://aes.wd1.myworkdayjobs.com/AES_US/job/US-Louisville-CO/Development-Manager--Wind_R1064819-2,,0,,CO,west,CO,1,1,5,manager,0,0,,unspecified,0,2026-09-09,21,2026-09-22,2026-09-30,7,7-10 year,1,134000.0,168300.0,151150.0,103.052,146673.52,34300.0,text,year,0,0,"between $134,000 and $168,300",58dba0d08cd1e8af,7757,1,0,0,0,0,0,0,0,0,0,0,1,1,0,1,1,0,0,0,0,1,1,1,0,1,0,0,0
3cc3cd5e558e29d7,AES Indiana,utility,Senior Environmental Specialist - Transmission and Distribution,grid_power,0,workday,https://aes.wd1.myworkdayjobs.com/AES_US/job/US-Indianapolis-IN/Senior-Environmental-Specialist---Transmission-and-Distribution_R1064461,indianapolis,1,2,IN,midwest,IN,1,0,3,senior,0,0,0.0,unspecified,0,2026-08-06,55,2026-09-22,2026-09-30,,,0,,,,93.329,,,,,0,0,,ba7f4947d78efca4,6905,1,0,1,0,0,0,0,0,0,0,0,0,1,0,0,1,0,0,1,0,0,0,0,0,0,0,0,0
bc898694d8b73381,AES Indiana,utility,"SR Manager, Transmission Strategy - ERCOT",grid_power,0,workday,https://aes.wd1.myworkdayjobs.com/AES_US/job/US-Houston-TX/SR-Manager--Transmission-Strategy---ERCOT_R1063489-1,,0,,TX,south,TX,1,0,5,manager,0,0,,unspecified,0,2026-07-23,69,2026-09-22,2026-09-30,,,0,,,,97.057,,,,,0,0,,a81b1a68db853338,6139,0,0,0,0,0,0,0,0,1,0,0,1,1,0,0,1,0,0,0,0,0,0,0,0,0,0,0,0
9742de2743f6c9dd,AES Indiana,utility,"Market Lead, Transmission Strategy (PJM)",market_commercial,0,workday,https://aes.wd1.myworkdayjobs.com/AES_US/job/US-Philadelphia-PA/Manager--Transmission-Strategy--PJM-_R1062721-1,,0,,PA,northeast,PA;VA,2,1,3,senior,0,0,,unspecified,0,2026-07-23,69,2026-09-22,2026-09-30,,,1,138000.0,172550.0,155275.0,97.572,159138.89,34550.0,text,year,0,0,"between $138,000 and $172,550",0050a63987787441,7798,0,0,0,0,0,1,0,0,0,0,0,0,0,0,0,1,0,0,0,0,1,1,1,0,1,0,0,0
ab9ad5be029025ea,AES Indiana,utility,"Senior Analyst, Complex Settlements",other,3,workday,https://aes.wd1.myworkdayjobs.com/AES_US/job/US-Houston-TX/Senior-Analyst--Complex-Settlements_R1063652-1,,0,,TX,south,TX,1,0,3,senior,0,0,,unspecified,0,2026-07-01,91,2026-09-22,2026-09-30,,,0,,,,97.057,,,,,0,0,,d08f49fa9089e89c,4862,1,0,0,0,0,0,0,0,0,0,0,0,0,0,0,0,0,0,0,0,0,0,0,0,0,0,0,0
02cff984dc465e81,Alliant Energy,utility,"Engineer I, Engineer II, Engineer III Grid Operations",grid_power,3,workday,https://alliantenergy.wd1.myworkdayjobs.com/alliant/job/Washington-IA/Engineer-I--Engineer-II--Engineer-III-Grid-Operations_JR-9865,,0,,IA,midwest,IA,1,0,1,entry,1,1,,unspecified,0,2026-08-13,48,2026-09-22,2026-09-30,2,2 years of related experience,0,,,,87.762,,,,,0,0,,85378ac4de151f57,7045,1,0,0,0,0,0,0,0,0,0,0,1,1,0,1,0,0,0,0,0,0,0,1,1,1,1,0,0
4703df9ede2782b4,Alliant Energy,utility,Senior Cloud Platform Engineer,software_data,0,workday,https://alliantenergy.wd1.myworkdayjobs.com/alliant/job/Madison-WI/Senior-Cloud-Platform-Engineer_JR-9963-1,,0,,WI,midwest,WI,1,0,3,senior,0,0,,hybrid,0,2026-08-13,48,2026-09-22,2026-09-30,,,1,103000.0,141000.0,122000.0,94.095,129656.2,38000.0,text,year,0,0,"$103,000-$141,000",aebc22dc9bee3808,8255,0,1,0,0,0,0,0,1,1,0,0,0,0,0,0,0,0,0,0,0,0,0,1,1,1,1,0,0
621f6231fda91d6b,Alliant Energy,utility,Engineer II - Grid Planning,grid_power,2,workday,https://alliantenergy.wd1.myworkdayjobs.com/alliant/job/Madison-WI/Engineer-II---Grid-Planning_JR-9776,,0,,WI,midwest,WI;IA,2,0,2,mid,1,0,,unspecified,0,2026-06-08,114,2026-09-22,2026-09-30,2,2 years of related experience,1,80000.0,105000.0,92500.0,94.095,98304.9,25000.0,text,year,0,0,"$80,000 - $105,000",78a179c9edb95815,6812,1,0,0,0,0,0,0,0,0,0,0,1,0,0,1,0,0,0,0,0,0,0,1,1,1,1,0,0
d75b925ac1403582,Alliant Energy,utility,"Engineer I, Engineer II, Engineer III Grid Planning",grid_power,3,workday,https://alliantenergy.wd1.myworkdayjobs.com/alliant/job/Cedar-Rapids-IA/Engineer-I--Engineer-II--Engineer-III-Grid-Planning_JR-9772,,0,,IA,midwest,IA;WI,2,0,1,entry,1,1,,unspecified,0,2026-05-26,127,2026-09-22,2026-09-30,2,2 years of related experience,0,,,,87.762,,,,,0,0,,7a7f605c7567e2e5,6768,1,0,0,0,0,0,0,0,0,0,0,1,1,0,1,0,0,0,0,0,0,0,1,1,1,1,0,0
361293f80680b244,Alliant Energy,utility,Engineer I - Grid Planning,grid_power,1,workday,https://alliantenergy.wd1.myworkdayjobs.com/alliant/job/Madison-WI/Engineer-I---Grid-Planning_JR-9932,,0,,WI,midwest,WI;IA,2,0,1,entry,1,0,,unspecified,0,2026-08-05,56,2026-09-22,2026-09-22,,,1,66000.0,85000.0,75500.0,94.095,80238.06,19000.0,text,year,0,0,"$66,000 - $85,000",1079249fd492006d,6050,1,0,0,0,0,0,0,0,0,0,0,1,1,0,1,0,0,0,0,0,0,0,1,1,1,1,0,0
b86ac9b1399b4e22,Ameren Illinois,utility,Senior/Lead Data Engineer,software_data,0,workday,https://ameren.wd1.myworkdayjobs.com/External/job/St-Louis-MO/Senior-Lead-Data-Engineer_034190,,0,,MO,midwest,MO,1,0,3,senior,0,0,,unspecified,0,2026-09-18,12,2026-09-22,2026-09-22,,,1,105100.0,204400.0,154750.0,90.817,170397.61,99300.0,text,year,0,0,"$105,100.00 - $204,400.00",beb76201c0a5ff1f,6691,1,1,0,0,0,0,0,0,0,1,0,0,0,0,0,0,0,0,0,0,0,1,1,1,1,0,0,0
be7e6c54f9743678,Ameren Illinois,utility,"Senior Program Supervisor, Demand Response",sustainability,0,workday,https://ameren.wd1.myworkdayjobs.com/External/job/St-Louis-MO/Senior-Program-Supervisor--Demand-Response_034148,,0,,MO,midwest,MO,1,0,5,manager,0,0,,unspecified,0,2026-09-17,13,2026-09-22,2026-09-30,,,1,111100.0,172200.0,141650.0,90.817,155973.0,61100.0,text,year,0,0,"$111,100.00 - $172,200.00",f75ba56af96e8d7c,4928,1,0,1,0,0,0,0,0,0,0,0,1,1,1,1,0,0,0,0,0,0,1,1,1,1,0,0,0
e465c4c5ed4897c2,Ameren Illinois,utility,Grid Solutions Engineer,grid_power,0,workday,https://ameren.wd1.myworkdayjobs.com/External/job/St-Louis-MO/Grid-Solutions-Engineer_033944,,0,,MO,midwest,MO,1,0,2,mid,0,0,,hybrid,0,2026-09-04,26,2026-09-22,2026-09-30,,,1,84400.0,204400.0,144400.0,90.817,159001.07,120000.0,text,year,0,0,"$84,400.00 - $204,400.00",a8a9de7887614ab5,6842,1,1,0,0,0,0,1,1,0,0,0,1,0,0,0,0,0,0,0,0,0,1,1,1,1,0,0,0
2aa9ca44e98ec0e9,Ameren Illinois,utility,Senior Software Engineer-Oracle EPM,software_data,0,workday,https://ameren.wd1.myworkdayjobs.com/External/job/St-Louis-MO/Senior-Software-Engineer-Oracle-EPM_033238,,0,,MO,midwest,MO,1,0,3,senior,0,0,,unspecified,0,2026-04-22,161,2026-09-22,2026-09-28,1,1-3 year,1,105100.0,204400.0,154750.0,90.817,170397.61,99300.0,text,year,0,0,"$105,100.00 - $204,400.00",7f893a628915b1e0,7572,1,1,0,0,0,0,0,0,0,0,0,0,0,0,0,0,0,0,0,0,0,1,1,1,1,0,0,0
bc6f0a325a2b97e7,Avangrid,utility,Program Manager - Clean Energy Policy,regulatory,0,workday,https://iberdrola.wd3.myworkdayjobs.com/Iberdrola/job/United-States-Of-America-Connecticut-Orange/Program-Manager---Clean-Energy-Policy_R-33631,,0,,CT,northeast,CT,1,0,5,manager,0,0,,unspecified,0,2026-09-22,8,2026-09-22,2026-09-30,,,1,128320.0,160400.0,144360.0,103.61,139330.18,32080.0,text,year,0,0,"$128,320 to $160,400",3394d302719d9166,7585,1,0,1,0,0,0,0,0,0,0,0,1,1,0,1,0,0,0,0,0,1,1,0,0,0,1,0,0
af3255aceda43eb1,Avangrid,utility,Director - Transmission/Interconnection,grid_power,0,workday,https://iberdrola.wd3.myworkdayjobs.com/Iberdrola/job/United-States-Of-America-Oregon/Director---Transmission-Interconnection_R-33684,,0,,OR,west,OR,1,0,6,director,0,0,,unspecified,0,2026-09-21,9,2026-09-22,2026-09-30,,,1,188000.0,235000.0,211500.0,103.361,204622.63,47000.0,text,year,0,0,"$188,000 - $235,000",efea87fb60e09408,7227,0,1,0,0,0,0,0,0,0,0,0,1,0,0,0,0,0,0,0,0,1,1,0,0,0,1,0,0
7ef8279911d93805,Avangrid,utility,Manager - Conservation & Load Mgmt,other,0,workday,https://iberdrola.wd3.myworkdayjobs.com/Iberdrola/job/United-States-Of-America-Connecticut-Orange/Manager---Conservation---Load-Mgmt_R-33558,,0,,CT,northeast,CT,1,0,5,manager,0,0,,unspecified,0,2026-09-21,9,2026-09-22,2026-09-30,,,1,141120.0,176400.0,158760.0,103.61,153228.45,35280.0,text,year,0,0,"$141,120 - $176,400",7fd9adab85a8da69,9168,1,0,0,0,0,0,0,0,0,0,0,1,1,1,1,0,0,0,0,0,1,1,0,0,0,1,0,0
41636cd978750c6a,Avangrid,utility,Engineer - Transmission Planning,grid_power,0,workday,https://iberdrola.wd3.myworkdayjobs.com/Iberdrola/job/United-States-Of-America-Maine-Augusta/Engineer---Transmission-Planning_R-33493,,0,,ME,northeast,ME,1,0,2,mid,1,0,,onsite,0,2026-09-21,9,2026-09-22,2026-09-30,2,2-4 year,1,87600.0,109500.0,98550.0,97.05,101545.6,21900.0,text,year,0,0,"$87,600 - $109,500",4895b1047d80f9f2,6242,0,0,1,0,0,1,0,0,0,0,0,1,0,1,0,0,0,0,0,0,1,1,0,0,0,1,0,0
f56418aaa5c49cce,Avangrid,utility,Manager - T&S Project Development,siting_dev,0,workday,https://iberdrola.wd3.myworkdayjobs.com/Iberdrola/job/United-States-Of-America-New-York-Rochester/Manager---T-S-Project-Development_R-32270,,0,,NY,northeast,NY,1,1,5,manager,0,0,,onsite,0,2026-09-15,15,2026-09-22,2026-09-30,,,1,128320.0,160400.0,144360.0,107.921,133764.51,32080.0,text,year,0,0,"$128,320 - $160,400",b3ea474ad384ed62,9203,1,0,0,0,0,0,0,0,0,0,0,1,1,0,0,0,0,0,0,0,1,1,0,0,0,1,0,0
032a2d5a54452f30,Avangrid,utility,Senior Analyst - Compliance,regulatory,3,workday,https://iberdrola.wd3.myworkdayjobs.com/Iberdrola/job/United-States-Of-America-New-York-Binghamton/Senior-Analyst---Compliance_R-32941-2,,0,,NY,northeast,NY,1,1,3,senior,0,0,,unspecified,0,2026-09-15,15,2026-09-22,2026-09-28,,,1,87600.0,109500.0,98550.0,107.921,91316.8,21900.0,text,year,0,0,"$87,600 - $109,500",f7d1e3e7717afebf,6949,0,0,0,0,0,0,0,0,0,0,0,1,1,0,0,0,0,0,0,0,1,1,0,0,0,1,0,0
9b4520d1745cb232,Avangrid,utility,Lead Analyst - AI Change Management,ai_ml,2,workday,https://iberdrola.wd3.myworkdayjobs.com/Iberdrola/job/United-States-Of-America-Connecticut-Orange/Lead-Analyst---AI-Change-Management_R-33362,,0,,CT,northeast,CT,1,0,3,senior,0,0,,unspecified,0,2026-09-15,15,2026-09-22,2026-09-29,,,1,141120.0,176400.0,158760.0,103.61,153228.45,35280.0,text,year,0,0,"$141,120 to $176,400",d488289c414d2532,9172,1,1,0,0,0,0,0,0,1,1,0,1,0,0,0,0,0,0,0,0,1,1,0,0,0,1,0,0
9c9f5e3e2cdeb88e,Avangrid,utility,Lead Engineer - Transmission Planning,grid_power,0,workday,https://iberdrola.wd3.myworkdayjobs.com/Iberdrola/job/United-States-Of-America-Maine-Augusta/Lead-Engineer---Transmission-Planning_R-21975,,0,,ME,northeast,ME,1,0,3,senior,0,0,,onsite,0,2026-09-14,16,2026-09-22,2026-09-30,,,1,116640.0,145800.0,131220.0,97.05,135208.66,29160.0,text,year,0,0,"$116,640 - $145,800",1f52bd38e3f58787,5298,0,0,0,0,0,0,0,0,0,0,0,1,0,1,0,0,0,0,0,0,1,1,0,0,0,1,0,0
32079f3545cc523f,Avangrid,utility,Lead Engineer - Cloud & Gen AI,ai_ml,0,workday,https://iberdrola.wd3.myworkdayjobs.com/Iberdrola/job/United-States-Of-America-Connecticut-Orange/Lead-Engineer---Cloud---Gen-AI_R-30922,,0,,CT,northeast,CT,1,0,3,senior,0,0,,onsite,0,2026-08-20,41,2026-09-22,2026-09-22,10,a minimum of 10 year,1,141120.0,176400.0,158760.0,103.61,153228.45,35280.0,text,year,0,0,"$141,120 - $176,400",bad4cc9730bf9e27,5958,1,1,0,0,1,1,0,1,1,0,0,1,0,0,1,0,0,0,0,0,1,1,0,0,0,1,0,0
2d31ead81c963fa9,Avangrid,utility,Lead Engineer - Transmission Planning,grid_power,0,workday,https://iberdrola.wd3.myworkdayjobs.com/Iberdrola/job/United-States-Of-America-Connecticut-Orange/Lead-Engineer---Transmission-Planning_R-31427,,0,,CT,northeast,CT,1,0,3,senior,0,0,,unspecified,0,2026-07-30,62,2026-09-22,2026-09-30,,,1,128320.0,160400.0,144360.0,103.61,139330.18,32080.0,text,year,0,0,"$128,320 to $160,400",2835c2813009a196,5545,0,0,0,0,0,0,0,0,0,0,0,1,0,1,0,0,0,0,0,0,1,1,0,0,0,1,0,0
16c442e97e01f762,Avangrid,utility,Senior Engineer - Transmission Planning,grid_power,0,workday,https://iberdrola.wd3.myworkdayjobs.com/Iberdrola/job/United-States-Of-America-New-York-Rochester/Senior-Engineer---Transmission-Planning_R-31386-1,,0,,NY,northeast,NY,1,1,3,senior,0,0,,onsite,0,2026-07-16,76,2026-09-22,2026-09-30,5,a minimum of 5 year,1,100000.0,120500.0,110250.0,107.921,102158.06,20500.0,text,year,0,0,"$100,000 - $120,500",7b711f94df13b1f3,6061,1,0,1,0,0,0,0,0,0,0,0,1,1,0,0,0,0,0,0,0,1,1,0,0,0,1,0,0
c55e97c935a70ed5,Avangrid,utility,Principal Engineer - Transmission Planning,grid_power,0,workday,https://iberdrola.wd3.myworkdayjobs.com/Iberdrola/job/United-States-Of-America-Maine-Augusta/Principal-Engineer---Transmission-Planning_R-27056-1,,0,,ME,northeast,ME,1,0,4,staff_principal,0,0,,unspecified,0,2026-06-29,93,2026-09-22,2026-09-28,,,1,128000.0,160000.0,144000.0,97.05,148377.13,32000.0,text,year,0,0,"$ 128,000 to $160,000",3c436293744510b1,5153,0,0,0,0,0,0,0,0,0,0,0,1,0,1,0,0,0,0,0,0,0,0,0,0,0,0,0,0
ca8cc52453bb73a7,Avangrid,utility,Transmission Planning Engineers,grid_power,0,workday,https://iberdrola.wd3.myworkdayjobs.com/Iberdrola/job/United-States-Of-America-New-York-Rochester/Transmission-Planning-Engineers_R-20119,,0,,NY,northeast,NY,1,1,2,mid,0,0,,onsite,0,2026-01-29,244,2026-09-22,2026-09-28,,,1,78000.0,98000.0,88000.0,107.921,81541.13,20000.0,text,year,0,0,$78k-98k,828a9e7853bcc4da,3610,1,0,0,0,0,0,0,0,0,0,0,1,0,1,0,0,0,0,0,0,0,0,0,0,0,0,0,0
ad07fc30751e2960,Cypress Creek Renewables,developer,"Associate Director / Director, Interconnection Execution",grid_power,1,greenhouse,https://ccrenew.com/careers/job-listing/?gh_jid=8004249,,0,,NC,south,NC,1,0,6,director,0,0,,remote,0,2026-06-18T10:08:01-04:00,104,2026-09-21,2026-09-30,6,6+ year,1,180000.0,230000.0,205000.0,94.326,217331.38,50000.0,text,year,0,0,"$180,000-$230,000",56f5d856c0738562,11386,1,0,0,0,1,0,0,0,0,0,0,1,1,1,0,0,0,0,0,0,1,1,0,0,1,1,0,0
31ee3db71620d95c,CyrusOne,data_center,"Project Manager, Development",siting_dev,0,workday,https://cyrusone.wd1.myworkdayjobs.com/CyrusOneCareerPortal/job/Dallas-TX/Project-Manager--Development_R0007208-3,,0,,TX,south,TX,1,0,5,manager,0,0,,unspecified,0,2026-09-14,16,2026-09-22,2026-09-30,,,0,,,,97.057,,,,,0,0,,b878fba2b7c5e1cf,4186,1,0,0,0,0,0,0,0,0,1,0,1,0,0,1,0,0,0,0,0,1,1,1,0,1,0,0,1
e694d59d56aad071,CyrusOne,data_center,"Director, Development Management",siting_dev,0,workday,https://cyrusone.wd1.myworkdayjobs.com/CyrusOneCareerPortal/job/Dallas-TX/Director--Development-Management_R0007213,,0,,TX,south,TX,1,0,6,director,0,0,,unspecified,0,2026-09-14,16,2026-09-22,2026-09-30,,,0,,,,97.057,,,,,0,0,,98df357970e6e616,5507,1,0,1,0,1,0,0,0,0,0,0,1,1,0,0,1,0,0,0,0,1,1,1,0,1,0,0,1
8bab766be16f177d,CyrusOne,data_center,Development Management Associate,siting_dev,1,workday,https://cyrusone.wd1.myworkdayjobs.com/CyrusOneCareerPortal/job/Dallas-TX/Development-Management-Associate_R0007851,,0,,TX,south,TX,1,0,1,entry,1,0,,unspecified,0,2026-08-17,44,2026-09-22,2026-09-22,2,Minimum of 2 year,0,,,,97.057,,,,,0,0,,7e196b1180695d6e,4529,0,0,0,0,0,0,0,0,0,1,0,1,1,0,1,0,0,0,0,0,1,1,1,0,1,0,0,1
1e4b2ab6ca722b75,Duke Energy Indiana,utility,Senior Engineer - Grid Operations Midwest,grid_power,0,workday,https://dukeenergy.wd1.myworkdayjobs.com/search/job/Plainfield-IN/Senior-Engineer---Grid-Operations-Midwest_R41385-2,indianapolis,1,2,IN,midwest,IN;OH,2,0,3,senior,0,0,13.57,unspecified,0,2026-09-16,14,2026-09-22,2026-09-22,6,Minimum of 6 year,0,,,,93.329,,,,,0,0,,6cc85320a5a74f6e,6606,1,1,1,0,1,0,0,0,0,0,0,0,1,0,0,1,0,1,1,0,0,0,0,0,0,0,1,0
d2bd1025bf4b6fd8,Duke Energy Indiana,utility,Rates and Regulatory Strategy Manager,regulatory,0,workday,https://dukeenergy.wd1.myworkdayjobs.com/search/job/Charlotte-NC/Rates-and-Regulatory-Strategy-Manager_R41482,,0,,NC,south,NC;SC,2,0,5,manager,0,0,,unspecified,0,2026-09-16,14,2026-09-22,2026-09-22,,,0,,,,94.326,,,,,0,0,,0822d55bdaaaed24,5679,1,1,1,0,1,0,0,0,0,0,0,1,1,0,1,1,0,0,1,0,0,0,0,0,0,0,1,0
0a37b730cf6204fb,Duke Energy Indiana,utility,Tariff Administration - Transmission Contract Analyst (or Senior),regulatory,2,workday,https://dukeenergy.wd1.myworkdayjobs.com/search/job/St-Petersburg-FL/Tariff-Administration---Transmission-Contract-Analyst--or-Senior-_R41534,,0,,FL,south,FL;NC,2,0,2,mid,0,1,,unspecified,0,2026-09-15,15,2026-09-22,2026-09-22,,,0,,,,103.414,,,,,0,0,,43b525eb2e706bf3,6605,1,1,0,0,0,0,0,0,0,0,0,1,1,1,0,1,0,0,1,0,0,0,0,0,0,0,1,0
21765fe73aa5f85f,Duke Energy Indiana,utility,Technology Development Manager,siting_dev,0,workday,https://dukeenergy.wd1.myworkdayjobs.com/search/job/Mt-Holly-NC/Technology-Development-Manager_R41489-1,,0,,NC,south,NC;FL;OH,3,0,5,manager,0,0,,unspecified,0,2026-09-11,19,2026-09-22,2026-09-30,3,3 years related experience,0,,,,94.326,,,,,0,0,,16160b34d3aafee5,8607,1,1,1,0,0,0,0,0,1,1,0,1,1,0,0,1,0,0,1,0,0,0,0,0,0,0,1,0
53af188b60990538,ERCOT,grid_operator,Market Operations Engineer - Demand Response (Hybrid),market_commercial,0,workday,https://ercot.wd1.myworkdayjobs.com/ercot_careers/job/Taylor-TX/Market-Operations-Engineer---Demand-Response--Hybrid-_R2462-1,,0,,TX,south,TX,1,0,2,mid,1,0,,unspecified,0,2026-09-20,10,2026-09-22,2026-09-30,1,minimum 1 year,1,87000.0,120000.0,103500.0,97.057,106638.37,33000.0,text,year,0,0,"$87,000 - $120,000",f73d51dd8965c22f,6386,1,0,0,0,0,1,1,0,1,0,0,1,0,0,0,0,0,0,0,0,0,0,0,0,0,0,0,0
3dd877c26adf2c7f,ERCOT,grid_operator,Generation Interconnection Engineer 3,grid_power,0,workday,https://ercot.wd1.myworkdayjobs.com/ercot_careers/job/Taylor-TX/Generation-Interconnection-Engineer-3_R2375-1,,0,,TX,south,TX,1,0,2,mid,1,0,,unspecified,0,2026-09-19,11,2026-09-22,2026-09-30,1,1 to 2 year,1,87000.0,120000.0,103500.0,97.057,106638.37,33000.0,text,year,0,0,"$87,000 - $120,000",5ae3138683fbff7a,6353,1,0,0,0,0,0,0,0,0,0,0,1,0,0,0,0,0,0,0,0,0,0,0,0,0,0,0,0
60a08be7ffde58d7,ERCOT,grid_operator,Settlements Analyst,other,2,workday,https://ercot.wd1.myworkdayjobs.com/ercot_careers/job/Taylor-TX/Settlements-Analyst_R2480-1,,0,,TX,south,TX,1,0,2,mid,1,0,,unspecified,0,2026-09-15,15,2026-09-22,2026-09-30,2,Minimum 2 year,1,83000.0,114000.0,98500.0,97.057,101486.76,31000.0,text,year,0,0,"$83,000 - $114,000",2dc2e6c78b972991,5358,1,1,0,0,0,0,1,0,0,0,0,1,0,1,0,0,0,0,0,0,0,0,0,0,0,0,0,0
90cf8a6840ce88cb,ERCOT,grid_operator,Power Systems Engineer 3 - Grid Analysis,grid_power,0,workday,https://ercot.wd1.myworkdayjobs.com/ercot_careers/job/Taylor-TX/Power-Systems-Engineer-3---Grid-Analysis_R2426,,0,,TX,south,TX,1,0,2,mid,1,0,,unspecified,0,2026-09-08,22,2026-09-22,2026-09-30,1,1 to 2 year,1,87000.0,120000.0,103500.0,97.057,106638.37,33000.0,text,year,0,0,"$87,000 - $120,000",772e9ea5cf9bd418,6857,0,0,1,0,1,0,0,0,0,0,0,1,0,1,0,0,0,0,0,0,0,0,0,0,0,0,0,0
d55f49db9ff2a4ee,ERCOT,grid_operator,Supervisor - Engineering (Large Load Batch Studies),other,0,workday,https://ercot.wd1.myworkdayjobs.com/ercot_careers/job/Taylor-TX/Supervisor---Engineering--Large-Load-Batch-Studies-_R2382-1,,0,,TX,south,TX,1,0,5,manager,0,0,,unspecified,0,2026-09-01,29,2026-09-22,2026-09-30,5,minimum of 5 year,1,144000.0,198000.0,171000.0,97.057,176185.13,54000.0,text,year,0,0,"$144,000 - $198,000",6545a509710a5b2f,5021,1,0,0,0,1,1,0,0,0,0,0,1,0,1,0,0,0,0,0,0,0,0,0,0,0,0,0,0
2957772d0bb81ae3,ERCOT,grid_operator,Manager/Sr Manager Grid Implementation,grid_power,0,workday,https://ercot.wd1.myworkdayjobs.com/ercot_careers/job/Austin-TX/Manager-Sr-Manager---Grid-Implementation_R2440-1,,0,,TX,south,TX,1,0,5,manager,0,0,,unspecified,0,2026-08-27,34,2026-09-22,2026-09-30,8,minimum 8 year,1,219000.0,301000.0,260000.0,97.057,267883.82,82000.0,text,year,0,0,"$219,000 - $301,000",78bce507d3446c33,6471,1,0,1,0,1,0,0,0,0,0,0,1,0,1,0,0,0,0,0,0,0,0,0,0,0,0,0,0
4ab7a238e640c593,ERCOT,grid_operator,Lead Generation Interconnection Engineer,grid_power,0,workday,https://ercot.wd1.myworkdayjobs.com/ercot_careers/job/Taylor-TX/Lead-Generation-Interconnection-Engineer_R2383-1,,0,,TX,south,TX,1,0,3,senior,0,0,,unspecified,0,2026-08-27,34,2026-09-22,2026-09-22,,,1,189800.0,222775.0,206287.5,97.057,212542.63,32975.0,text,year,0,0,"$189,800.00 - $ 222,775.00",75fcc2e5e59cca92,4130,1,0,0,0,0,0,0,0,0,0,0,1,0,0,0,0,0,0,0,0,0,0,0,0,0,0,0,0
a58817b9ce356778,ERCOT,grid_operator,Director - Data Products & AI Strategy,ai_ml,0,workday,https://ercot.wd1.myworkdayjobs.com/ercot_careers/job/Taylor-TX/Director---Data-Products---AI-Strategy_R2424-1,,0,,TX,south,TX,1,0,6,director,0,0,,unspecified,0,2026-08-26,35,2026-09-22,2026-09-30,10,minimum 10 year,1,199000.0,274000.0,236500.0,97.057,243671.24,75000.0,text,year,0,0,"$199,000 - $274,000",ea3039b93140e7df,7605,1,1,1,0,0,0,0,1,1,1,1,1,0,0,0,0,0,0,0,0,0,0,0,0,0,0,0,0
aa460852e41eb079,ERCOT,grid_operator,Power Systems Engineer Sr - Grid Analysis,grid_power,0,workday,https://ercot.wd1.myworkdayjobs.com/ercot_careers/job/Taylor-TX/Power-Systems-Engineer-Sr---Grid-Analysis_R2228-1,,0,,TX,south,TX,1,0,3,senior,0,0,,unspecified,0,2026-08-17,44,2026-09-22,2026-09-30,1,1 to 2 year,1,109000.0,150000.0,129500.0,97.057,133426.75,41000.0,text,year,0,0,"$109,000 - $150,000",7a68b6c5cc869c8b,6858,0,0,1,0,1,0,0,0,0,0,0,1,0,1,0,0,0,0,0,0,0,0,0,0,0,0,0,0
656b285114bbef1b,ERCOT,grid_operator,Resource Forecasting & Analysis Engineer,other,0,workday,https://ercot.wd1.myworkdayjobs.com/ercot_careers/job/Austin-TX/Resource-Forecasting---Analysis-Engineer_R2367-1,,0,,TX,south,TX,1,0,2,mid,1,0,,unspecified,0,2026-08-17,44,2026-09-22,2026-09-30,1,Minimum 1 year,1,87000.0,120000.0,103500.0,97.057,106638.37,33000.0,text,year,0,0,"$87,000 - $120,000",16326ea62278d586,5537,1,0,0,0,1,1,0,0,1,0,0,1,0,1,0,0,0,0,0,0,0,0,0,0,0,0,0,0
f5bb8c5e034805eb,ERCOT,grid_operator,Manager Large Load Planning,other,0,workday,https://ercot.wd1.myworkdayjobs.com/ercot_careers/job/Austin-TX/Manager-Large-Load-Planning_R2369-1,,0,,TX,south,TX,1,0,5,manager,0,0,,unspecified,0,2026-08-05,56,2026-09-22,2026-09-30,5,minimum 5 year,1,159000.0,218000.0,188500.0,97.057,194215.77,59000.0,text,year,0,0,"$159,000 - $218,000",bc59805e47320963,6078,1,0,1,0,1,0,0,0,0,0,0,1,0,1,0,0,0,0,0,0,0,0,0,0,0,0,0,0
36bf61de6e7c7e5a,ERCOT,grid_operator,Sr Manager - State Policy and PUC Relations,regulatory,0,workday,https://ercot.wd1.myworkdayjobs.com/ercot_careers/job/Austin-TX/Sr-Manager---State-Policy-and-PUC-Relations_R2384-2,,0,,TX,south,TX,1,0,5,manager,0,0,,unspecified,0,2026-08-05,56,2026-09-22,2026-09-30,10,minimum 10 year,1,173000.0,238000.0,205500.0,97.057,211731.25,65000.0,text,year,0,0,"$173,000 - $238,000",5fe7b355753701d5,5824,1,0,1,0,0,0,0,0,0,0,0,1,1,0,0,0,0,0,0,0,0,0,0,0,0,0,0,0
730d64f3540dc24b,ERCOT,grid_operator,Compliance Analyst Sr - Operations and Planning,regulatory,2,workday,https://ercot.wd1.myworkdayjobs.com/ercot_careers/job/Taylor-TX/Compliance-Analyst-Sr---Operations-and-Planning_R2376,,0,,TX,south,TX,1,0,3,senior,0,0,,unspecified,0,2026-08-04,57,2026-09-22,2026-09-30,,,1,106000.0,145000.0,125500.0,97.057,129305.46,39000.0,text,year,0,0,"$106,000 - $145,000",165db0fcf067fcec,7286,1,1,0,0,1,1,1,0,0,0,0,1,0,0,1,0,0,0,0,0,0,0,0,0,0,0,0,0
60cab46a1e9b1ecb,ERCOT,grid_operator,"Operational Load Forecasting, SR  (Hybrid)",grid_power,0,workday,https://ercot.wd1.myworkdayjobs.com/ercot_careers/job/Taylor-TX/Operational-Load-Forecasting-Lead--Hybrid-_R2360-1,,0,,TX,south,TX,1,0,3,senior,0,0,,unspecified,0,2026-07-30,62,2026-09-22,2026-09-30,1,minimum 1 year,1,132000.0,182000.0,157000.0,97.057,161760.61,50000.0,text,year,0,0,"$132,000 - $182,000",cfee57185db1e3b3,8609,1,1,1,0,0,1,1,0,0,1,0,1,0,1,0,0,1,0,0,0,0,0,0,0,0,0,0,0
344b591b2395defa,Eversource Energy,utility,"Manager, System Planning, Transmission Reliability (Hybrid Schedule)",grid_power,0,workday,https://eversource.wd1.myworkdayjobs.com/ExternalSite/job/Westwood-MA/Manager--System-Planning--Transmission-Reliability--Hybrid-Schedule-_R-031875-1,,0,,MA,northeast,MA;CT;NH,3,1,5,manager,0,0,,unspecified,0,2026-09-18,12,2026-09-22,2026-09-22,,,0,,,,105.757,,,,,0,0,,430ea1535e29963d,6298,0,0,1,0,1,0,0,0,0,0,0,0,0,1,0,0,0,0,0,0,0,0,0,0,0,0,0,0
b0e1ce62d115f5e3,Eversource Energy,utility,"Project Manager II, Transmission (hybrid schedule)",grid_power,2,workday,https://eversource.wd1.myworkdayjobs.com/ExternalSite/job/Westwood-MA/Project-Manager-II--Transmission--hybrid-schedule-_R-029937-1,,0,,MA,northeast,MA;CT,2,1,5,manager,0,0,,unspecified,0,2026-09-18,12,2026-09-22,2026-09-30,,,1,122700.0,136330.0,129515.0,105.757,122464.71,13630.0,text,year,0,0,"$122,700.00-$136,330.00",34e80d9f633622aa,7006,0,0,1,0,0,0,0,0,0,0,0,1,1,1,1,1,0,0,0,0,0,0,0,0,0,0,0,0
16098ba7b8e61b4a,Eversource Energy,utility,"Project Cost Analyst, Transmission (Hybrid Schedule)",grid_power,2,workday,https://eversource.wd1.myworkdayjobs.com/ExternalSite/job/Westwood-MA/Project-Cost-Analyst--Transmission--Hybrid-Schedule-_R-030268,,0,,MA,northeast,MA,1,1,2,mid,0,0,,hybrid,0,2026-09-18,12,2026-09-22,2026-09-30,,,1,95050.0,105610.0,100330.0,105.757,94868.42,10560.0,text,year,0,0,"$95,050.00-$105,610.00",f7cf14d003ce85d9,5357,0,0,0,0,0,0,0,0,0,0,0,1,0,1,1,0,0,0,0,0,0,0,0,0,0,0,0,0
584df5cc12e28529,Eversource Energy,utility,"Senior Analyst, Project Cost, Transmission (Hybrid Schedule)",grid_power,3,workday,https://eversource.wd1.myworkdayjobs.com/ExternalSite/job/Westwood-MA/Senior-Analyst--Project-Cost--Transmission--Hybrid-Schedule-_R-030267,,0,,MA,northeast,MA,1,1,3,senior,0,0,,hybrid,0,2026-09-18,12,2026-09-22,2026-09-30,,,1,115730.0,128590.0,122160.0,105.757,115510.08,12860.0,text,year,0,0,"$115,730.00-$128,590.00",2807a8940326ecca,5364,0,0,0,0,0,0,0,0,0,0,0,1,0,1,1,0,0,0,0,0,0,0,0,0,0,0,0,0
bce62df767a4cd0f,Eversource Energy,utility,"Program Manager, Strategic Project Development  (Hybrid Schedule)",siting_dev,0,workday,https://eversource.wd1.myworkdayjobs.com/ExternalSite/job/Westwood-MA/Program-Manager--Strategic-Project-Development-Transmission--Hybrid-Schedule-_R-031770,,0,,MA,northeast,MA,1,1,5,manager,0,0,,unspecified,0,2026-09-18,12,2026-09-22,2026-09-30,,,1,124130.0,137920.0,131025.0,105.757,123892.51,13790.0,text,year,0,0,"$124,130.00-$137,920.00",cc4739dd0e3ca0f8,7226,0,0,0,0,0,0,0,0,0,0,0,1,0,1,1,0,0,0,0,0,0,0,0,1,0,0,0,0
9dbf9fd655d67e6d,Eversource Energy,utility,"Senior Program Manager, Strategic Project Development (Hybrid Schedule)",siting_dev,0,workday,https://eversource.wd1.myworkdayjobs.com/ExternalSite/job/Westwood-MA/Senior-Program-Manager--Strategic-Project-Development--Hybrid-Schedule-_R-031769,,0,,MA,northeast,MA,1,1,5,manager,0,0,,unspecified,0,2026-09-16,14,2026-09-22,2026-09-30,,,1,137170.0,152410.0,144790.0,105.757,136908.2,15240.0,text,year,0,0,"$137,170.00-$152,410.00",07bf653e1c4aef9f,7537,0,0,1,0,0,0,0,0,0,0,0,1,0,1,1,0,0,0,0,0,0,0,0,1,0,0,0,0
e3ff5a8c3abc6405,Eversource Energy,utility,"Senior Project Analyst, Estimating, Transmission (Hybrid Schedule)",grid_power,2,workday,https://eversource.wd1.myworkdayjobs.com/ExternalSite/job/Hartford-CT/Senior-Project-Analyst--Estimating--Transmission--Hybrid-Schedule-_R-031689,,0,,CT,northeast,CT;MA,2,1,3,senior,0,0,,unspecified,0,2026-09-16,14,2026-09-22,2026-09-30,,,1,115290.0,128100.0,121695.0,103.61,117454.88,12810.0,text,year,0,0,"$115,290.00-$128,100.00",02e799b78798bf01,3830,1,0,0,0,0,0,0,0,0,0,0,1,0,1,1,1,0,0,0,0,0,0,0,0,0,0,0,0
eeccfe7f84d23a40,Eversource Energy,utility,"Senior Engineer,  Distribution System Planning (Hybrid Schedule)",other,0,workday,https://eversource.wd1.myworkdayjobs.com/ExternalSite/job/Westwood-MA/Senior-Engineer---Distribution-System-Planning--hybrid-schedule-_R-030864,,0,,MA,northeast,MA;CT;NH,3,1,3,senior,0,0,,unspecified,0,2026-09-16,14,2026-09-22,2026-09-30,2,2-5 year,1,129450.0,143830.0,136640.0,105.757,129201.85,14380.0,text,year,0,0,"$129,450.00-$143,830.00",ebd3e192af5a1f19,6240,1,0,1,0,1,0,0,0,0,0,0,1,1,1,0,1,0,0,0,0,0,0,0,0,0,0,0,0
734621c953a23adf,Eversource Energy,utility,"Associate Engineer, Transmission System Planning (MA, CT, NH)",grid_power,1,workday,https://eversource.wd1.myworkdayjobs.com/ExternalSite/job/Hartford-CT/Associate-Engineer--Transmission-System-Planning--MA--CT--NH-_R-031081,,0,,CT,northeast,CT;MA;NH,3,1,1,entry,1,0,,unspecified,0,2026-09-15,15,2026-09-22,2026-09-28,0,explicit no-experience statement,1,82800.0,92000.0,87400.0,103.61,84354.79,9200.0,text,year,0,0,"$82,800.00-$92,000.00",4ddc9218483a72a2,7355,1,0,0,1,0,1,0,0,0,0,0,1,1,1,0,1,0,0,0,0,0,0,0,0,0,0,0,0
55cac6704ffd7087,Eversource Energy,utility,"Associate Analyst, Transmission (Hybrid Schedule)",grid_power,2,workday,https://eversource.wd1.myworkdayjobs.com/ExternalSite/job/Westwood-MA/Associate-Analyst--Transmission--Hybrid-Schedule-_R-031417,,0,,MA,northeast,MA;NH;CT,3,1,1,entry,1,0,,hybrid,0,2026-09-15,15,2026-09-22,2026-09-30,,,1,71610.0,79570.0,75590.0,105.757,71475.17,7960.0,text,year,0,0,"$71,610.00-$79,570.00",bc07a17a366be907,5623,1,1,0,0,0,0,0,0,0,0,0,1,0,1,0,1,0,0,0,0,0,0,0,0,0,0,0,0
f095b8750fc0520a,Eversource Energy,utility,Senior Engineer- Grid Operations Technology (Hybrid Schedule),grid_power,0,workday,https://eversource.wd1.myworkdayjobs.com/ExternalSite/job/Dorchester-MA/Senior-Engineer--Grid-Operations-Technology--Hybrid-Schedule-_R-031625,,0,,MA,northeast,MA,1,1,3,senior,0,0,,hybrid,0,2026-09-14,16,2026-09-22,2026-09-30,,,1,129450.0,143830.0,136640.0,105.757,129201.85,14380.0,text,year,0,0,"$129,450.00-$143,830.00",5b2680dd0bebe172,7965,0,0,0,0,0,0,0,0,0,0,0,1,1,1,1,1,0,0,0,0,0,0,0,0,0,0,0,0
1a2d84d87dbef8d8,Eversource Energy,utility,Engineer- Grid Operations Technology (Hybrid Schedule),grid_power,0,workday,https://eversource.wd1.myworkdayjobs.com/ExternalSite/job/Dorchester-MA/Engineer--Grid-Operations-Technology--Hybrid-Schedule-_R-031606,,0,,MA,northeast,MA,1,1,2,mid,0,0,,hybrid,0,2026-09-14,16,2026-09-22,2026-09-30,,,1,100490.0,111660.0,106075.0,105.757,100300.69,11170.0,text,year,0,0,"$100,490.00-$111,660.00",ae100b1a7fcc0220,7739,0,0,0,0,0,0,0,0,0,0,0,1,1,1,1,1,0,0,0,0,0,0,0,0,0,0,0,0
40a908fe5c046b33,Eversource Energy,utility,"Project Manager II, Transmission (Hybrid Schedule)",grid_power,2,workday,https://eversource.wd1.myworkdayjobs.com/ExternalSite/job/East-Springfield-MA/Project-Manager-II--Transmission--Hybrid-Schedule-_R-030327,,0,,MA,northeast,MA,1,1,5,manager,0,0,,hybrid,0,2026-09-08,22,2026-09-22,2026-09-30,,,1,122700.0,136330.0,129515.0,105.757,122464.71,13630.0,text,year,0,0,"$122,700.00-$136,330.00",88706d2c2cb3933d,6946,0,0,1,0,0,0,0,0,0,0,0,1,1,1,1,1,0,0,0,0,0,0,0,0,0,0,0,0
46159ec627bb5de6,Eversource Energy,utility,"Supervisor, Energy Efficiency (Hybrid Schedule)",sustainability,0,workday,https://eversource.wd1.myworkdayjobs.com/ExternalSite/job/Berlin-CT/Supervisor--Energy-Efficiency--Hybrid-Schedule-_R-031207,,0,,CT,northeast,CT;MA;NH,3,1,5,manager,0,0,,unspecified,0,2026-09-04,26,2026-09-22,2026-09-30,,,1,130530.0,145030.0,137780.0,103.61,132979.44,14500.0,text,year,0,0,"$130,530.00-$145,030.00",0ca89d0697fdac13,7178,0,0,1,0,0,0,0,0,0,0,0,1,0,1,0,1,0,0,0,0,0,0,0,0,0,0,0,0
00410a00146fd68c,Eversource Energy,utility,"Energy Efficiency Consultant, NH (Hybrid Schedule)",sustainability,0,workday,https://eversource.wd1.myworkdayjobs.com/ExternalSite/job/Manchester-NH/Energy-Efficiency-Consultant--NH--Hybrid-Schedule-_R-031482,,0,,NH,northeast,NH,1,0,2,mid,0,0,,hybrid,0,2026-09-02,28,2026-09-22,2026-09-30,,,1,96460.0,107180.0,101820.0,104.165,97748.76,10720.0,text,year,0,0,"$96,460.00-$107,180.00",1fb36db895b7ec34,6517,0,0,0,0,0,0,0,0,0,1,0,1,0,1,1,0,0,0,0,0,0,0,0,0,0,0,0,0
9df49ab2e89b1db8,Eversource Energy,utility,"Manager, Regulatory Policy and Stakeholder Engagement (hybrid schedule)",regulatory,0,workday,https://eversource.wd1.myworkdayjobs.com/ExternalSite/job/Westwood-MA/Manager--Regulatory-Policy-and-Stakeholder-Engagement--hybrid-schedule-_R-031812,,0,,MA,northeast,MA,1,1,5,manager,0,0,,unspecified,0,2026-09-02,28,2026-09-22,2026-09-30,,,1,145090.0,161210.0,153150.0,105.757,144813.11,16120.0,text,year,0,0,"$145,090.00-$161,210.00",a7cef0c92550e152,7495,1,0,1,0,0,0,0,0,0,0,0,1,1,1,1,1,0,0,0,0,0,0,0,0,0,0,0,0
30e287956f350a69,Eversource Energy,utility,"Engineer, Grid Operations Technology (Hybrid Schedule)",grid_power,0,workday,https://eversource.wd1.myworkdayjobs.com/ExternalSite/job/Dorchester-MA/Engineer--Grid-Operations-Technology--Hybrid-Schedule-_R-031711,,0,,MA,northeast,MA,1,1,2,mid,0,0,,unspecified,0,2026-08-21,40,2026-09-22,2026-09-22,,,1,100490.0,111660.0,106075.0,105.757,100300.69,11170.0,text,year,0,0,"$100,490.00-$111,660.00",1f0d4edd077617d1,5883,0,0,1,0,0,0,0,0,0,0,0,1,0,1,1,1,0,0,0,0,0,0,0,0,0,0,0,0
bf2cbc15a7846e4c,Eversource Energy,utility,"Associate Engineer, Reliability Compliance (Hybrid Schedule)",regulatory,1,workday,https://eversource.wd1.myworkdayjobs.com/ExternalSite/job/Westwood-MA/Associate-Engineer--Reliability-Compliance--Hybrid-Schedule-_R-031418,,0,,MA,northeast,MA;NH;CT,3,1,1,entry,1,0,,hybrid,0,2026-08-19,42,2026-09-22,2026-09-30,0,explicit no-experience statement,1,82800.0,92000.0,87400.0,105.757,82642.28,9200.0,text,year,0,0,"$82,800.00-$92,000.00",426f32fca86d0eec,5815,1,0,0,0,0,0,0,0,0,0,0,1,0,1,1,1,0,0,0,0,0,0,0,0,0,0,0,0
857204af7a1850b1,Eversource Energy,utility,"Project Manager II, Transmission (Hybrid Schedule)",grid_power,2,workday,https://eversource.wd1.myworkdayjobs.com/ExternalSite/job/Hooksett-NH/Project-Manager-II--Transmission--Hybrid-Schedule-_R-031394,,0,,NH,northeast,NH,1,0,5,manager,0,0,,hybrid,0,2026-08-06,55,2026-09-22,2026-09-30,,,1,122700.0,136330.0,129515.0,104.165,124336.39,13630.0,text,year,0,0,"$122,700.00-$136,330.00",62b2fbdc6484c3a8,6943,0,0,1,0,0,0,0,0,0,0,0,1,1,1,1,1,0,0,0,0,0,0,0,0,0,0,0,0
8e58f7d12c9b4fca,Eversource Energy,utility,"Senior Project Manager, Transmission (Hybrid Schedule)",grid_power,0,workday,https://eversource.wd1.myworkdayjobs.com/ExternalSite/job/Westwood-MA/Senior-Project-Manager--Transmission--Hybrid-Schedule-_R-029933-1,,0,,MA,northeast,MA;CT,2,1,5,manager,0,0,,hybrid,0,2026-08-05,56,2026-09-22,2026-09-30,,,1,138000.0,158000.0,148000.0,105.757,139943.46,20000.0,text,year,0,0,"$138,000 to $158,000",da1c33f2d1ed4d68,8100,0,0,1,0,0,0,0,0,0,0,0,1,1,1,1,1,0,0,0,0,0,0,0,0,0,0,0,0
7c06ad647ebea851,Eversource Energy,utility,"Project Manager II, Transmission (Hybrid Schedule)",grid_power,2,workday,https://eversource.wd1.myworkdayjobs.com/ExternalSite/job/Westwood-MA/Project-Manager-II--Transmission--Hybrid-Schedule-_R-030218,,0,,MA,northeast,MA,1,1,5,manager,0,0,,hybrid,0,2026-07-22,70,2026-09-22,2026-09-28,,,1,122700.0,136330.0,129515.0,105.757,122464.71,13630.0,text,year,0,0,"$122,700.00-$136,330.00",158efd6f41f4b281,6746,0,0,1,0,0,0,0,0,0,0,0,1,1,1,1,0,0,0,0,0,0,0,0,0,0,0,0,0
5c03df35424b0ad2,Eversource Energy,utility,"Senior Engineer,  Transmission System Planning (Hybrid schedule)",grid_power,0,workday,https://eversource.wd1.myworkdayjobs.com/ExternalSite/job/Manchester-NH/Senior-Engineer---Transmission-System-Planning--Hybrid-_R-029377,,0,,NH,northeast,NH;MA;CT,3,1,3,senior,0,0,,unspecified,0,2026-07-02,90,2026-09-22,2026-09-30,5,Minimum of 5 year,1,129450.0,143830.0,136640.0,104.165,131176.5,14380.0,text,year,0,0,"$129,450.00-$143,830.00",d7e00104ba365f78,5333,1,0,1,0,1,1,0,0,0,0,0,1,0,1,0,1,0,0,0,0,0,0,0,0,0,0,0,0
f71c2c7f8a80a88d,Eversource Energy,utility,Principal Engineer Transmission System Planning (Hybrid),grid_power,0,workday,https://eversource.wd1.myworkdayjobs.com/ExternalSite/job/Hartford-CT/Principal-Engineer-Transmission-System-Planning--Hybrid-_R-029655,,0,,CT,northeast,CT;MA,2,1,4,staff_principal,0,0,,unspecified,0,2026-07-02,90,2026-09-22,2026-09-30,,,1,150890.0,167660.0,159275.0,103.61,153725.51,16770.0,text,year,0,0,"$150,890.00-$167,660.00",e6aa4b904f62a6e1,6506,0,0,1,0,1,1,0,0,0,0,0,1,1,1,0,0,0,0,0,0,0,0,0,0,0,0,0,0
c8ee454375ca917d,Eversource Energy,utility,"Engineer, Systems Planning (Transmission)  Hybrid Schedule",grid_power,0,workday,https://eversource.wd1.myworkdayjobs.com/ExternalSite/job/Hartford-CT/Engineer--Systems-Planning--Transmission---Hybrid-Schedule_R-029736,,0,,CT,northeast,CT,1,0,2,mid,1,0,,unspecified,0,2026-07-02,90,2026-09-22,2026-09-30,3,3 - 5 year,1,100490.0,111660.0,106075.0,103.61,102379.11,11170.0,text,year,0,0,"$100,490.00-$111,660.00",e08a4adc4b40016c,5614,1,0,1,0,0,1,0,0,0,0,0,1,1,1,0,0,0,0,0,0,0,0,0,0,0,0,0,0
1aaae7e918c0e7dc,Eversource Energy,utility,"Senior Engineer, Transmission System Planning (Non-Wires Alternative) NWA (hybrid schedule)",grid_power,0,workday,https://eversource.wd1.myworkdayjobs.com/ExternalSite/job/Hartford-CT/Senior-Engineer--Transmission-System-Planning--Non-Wires-Alternative--NWA--hybrid-schedule-_R-029656-1,,0,,CT,northeast,CT;MA;NH,3,1,3,senior,0,0,,unspecified,0,2026-07-02,90,2026-09-22,2026-09-30,5,Minimum 5 year,1,129450.0,143830.0,136640.0,103.61,131879.16,14380.0,text,year,0,0,"$129,450.00-$143,830.00",ca7d9b395a6e3858,7251,1,0,1,0,1,0,0,0,0,0,0,1,1,1,0,1,0,0,0,0,0,0,0,0,0,0,0,0
688367102f5135b7,Eversource Energy,utility,"Senior Engineer, Systems Planning (Transmission)  Hybrid Schedule",grid_power,0,workday,https://eversource.wd1.myworkdayjobs.com/ExternalSite/job/Hartford-CT/Senior-Engineer--Systems-Planning--Transmission---Hybrid-Schedule_R-029654,,0,,CT,northeast,CT;MA,2,1,3,senior,0,0,,unspecified,0,2026-07-02,90,2026-09-22,2026-09-30,,,1,129450.0,143830.0,136640.0,103.61,131879.16,14380.0,text,year,0,0,"$129,450.00-$143,830.00",2e0f709c1e9c2bd0,5715,1,0,1,0,0,1,0,0,0,0,0,1,1,1,0,0,0,0,0,0,0,0,0,0,0,0,0,0
d5e662f343fd6945,Eversource Energy,utility,"Senior Engineer, System Planning (Hybrid Schedule)",other,0,workday,https://eversource.wd1.myworkdayjobs.com/ExternalSite/job/Westwood-MA/Senior-Engineer--System-Planning_R-030928,,0,,MA,northeast,MA,1,1,3,senior,0,0,,unspecified,0,2026-07-02,90,2026-09-22,2026-09-30,,,1,156936.0,165000.0,160968.0,105.757,152205.53,8064.0,text,year,0,0,"$156,936 - $165,000",0f32d344d71baa3f,2913,1,0,0,0,0,1,0,0,0,0,0,1,0,0,0,0,0,0,0,0,0,0,0,0,0,0,0,0
062744d1dc1f5374,Eversource Energy,utility,"Senior Engineer, Grid Operations Technology (Hybrid Schedule))",grid_power,0,workday,https://eversource.wd1.myworkdayjobs.com/ExternalSite/job/Dorchester-MA/Senior-Engineer--Grid-Operations-Technology--Hybrid-_R-030831,,0,,MA,northeast,MA,1,1,3,senior,0,0,,hybrid,0,2026-07-02,90,2026-09-22,2026-09-30,,,1,129450.0,143830.0,136640.0,105.757,129201.85,14380.0,text,year,0,0,"$129,450.00-$143,830.00",62d78295e32a7835,6967,0,0,1,0,0,0,0,0,0,0,0,1,0,1,1,1,0,0,0,0,0,0,0,0,0,0,0,0
c66223495c82bccf,Eversource Energy,utility,"Principal Engineer, Transmission System Planning (Hybrid Schedule)",grid_power,0,workday,https://eversource.wd1.myworkdayjobs.com/ExternalSite/job/Westwood-MA/Principal-Engineer--Transmission-System-Planning--Hybrid-Schedule-_R-029730,,0,,MA,northeast,MA;CT,2,1,4,staff_principal,0,0,,unspecified,0,2026-07-02,90,2026-09-22,2026-09-30,,,1,150890.0,167660.0,159275.0,105.757,150604.69,16770.0,text,year,0,0,"$150,890.00-$167,660.00",ca9412a49ec30717,8369,0,0,1,0,1,1,0,0,0,0,0,1,1,1,0,0,0,0,0,0,0,0,0,0,0,0,0,0
8700931c1c321ef7,Eversource Energy,utility,"Senior Engineer, Transmission System Planning (Hybrid)",grid_power,0,workday,https://eversource.wd1.myworkdayjobs.com/ExternalSite/job/Westwood-MA/Senior-Engineer--Transmission-System-Planning--Hybrid-_R-029729,,0,,MA,northeast,MA;CT,2,1,3,senior,0,0,,unspecified,0,2026-07-02,90,2026-09-22,2026-09-30,,,1,129450.0,143830.0,136640.0,105.757,129201.85,14380.0,text,year,0,0,"$129,450.00-$143,830.00",71b33c86d5861c52,5821,1,0,1,0,0,1,0,0,0,0,0,1,1,1,0,0,0,0,0,0,0,0,0,0,0,0,0,0
01c2a148da348e06,Eversource Energy,utility,"Lead Engineer, Transmission System Planning (hybrid)",grid_power,0,workday,https://eversource.wd1.myworkdayjobs.com/ExternalSite/job/Westwood-MA/Lead-Engineer--Transmission-System-Planning--hybrid-_R-029731,,0,,MA,northeast,MA;CT;NH,3,1,3,senior,0,0,,unspecified,0,2026-07-02,90,2026-09-22,2026-09-30,8,A minimum of 8 year,1,145670.0,161860.0,153765.0,105.757,145394.63,16190.0,text,year,0,0,"$145,670.00-$161,860.00",a07f29c72cb4c214,9251,1,0,1,0,0,0,0,0,0,0,0,1,0,1,0,0,0,0,0,0,0,0,0,0,0,0,0,0
e68b9a2b124ea9fd,GridPoint,energy_analytics,Senior Software Engineer,software_data,0,smartrecruiters,https://api.smartrecruiters.com/v1/companies/Gridpoint/postings/92456704,northern_virginia,1,3,VA,south,VA,1,1,3,senior,0,0,0.0,unspecified,0,2016-05-20T17:13:15.000Z,3785,2026-09-22,2026-09-30,5,Minimum 5 year,0,,,,101.104,,,,,0,0,,0db129031ac2ec54,2984,0,1,1,0,0,0,1,0,0,0,0,0,1,0,0,0,0,0,0,0,0,0,0,0,0,0,0,0
e12dd4a00bdbf578,Hitachi Energy,grid_vendor,Manager - Corporate Development,siting_dev,0,workday,https://hitachi.wd1.myworkdayjobs.com/hitachi/job/Raleigh-North-Carolina-United-States/Manager---Corporate-Development_R0139701,remote_national,0,0,NC,south,NC;CT,2,0,5,manager,0,0,,remote,1,2026-09-11,19,2026-09-22,2026-09-30,3,3 - 8 year,0,,,,94.326,,,,,0,0,,397d0ea33085c2c7,5558,0,0,0,0,0,0,0,0,0,0,0,1,1,0,1,0,0,0,0,0,0,0,0,1,1,0,0,0
6fbc2a82a4a87c3b,Hitachi Energy,grid_vendor,Delivery Lead Physical AI,ai_ml,0,workday,https://hitachi.wd1.myworkdayjobs.com/hitachi/job/Raleigh-North-Carolina-United-States/Delivery-Lead-Physical-AI_R0143548,,0,,NC,south,NC,1,0,3,senior,0,0,,hybrid,0,2026-09-11,19,2026-09-22,2026-09-30,,,0,,,,94.326,,,,,0,0,,74933d52706f2ecf,6134,1,1,1,0,1,0,0,0,1,0,0,1,0,0,0,1,0,0,0,0,0,0,0,0,1,0,0,0
82aedd388852eb3a,Hitachi Energy,grid_vendor,Senior Project Manager - Grid Integration,grid_power,0,workday,https://hitachi.wd1.myworkdayjobs.com/hitachi/job/Raleigh-North-Carolina-United-States/Senior-Project-Manager---Grid-Integration_R0142736,remote_national,0,0,NC,south,NC;TX;AZ,3,0,5,manager,0,0,,remote,1,2026-08-24,37,2026-09-22,2026-09-30,,,0,,,,94.326,,,,,0,0,,eb890c0abff5896b,7537,1,0,0,0,1,0,0,0,0,0,0,1,0,1,0,0,0,0,0,0,1,1,0,0,0,1,1,0
b8bd854c629c0bb4,Hitachi Energy,grid_vendor,Project Manager- Grid Components,grid_power,0,workday,https://hitachi.wd1.myworkdayjobs.com/hitachi/job/Hunker-Pennsylvania-United-States-of-America/Project-Manager--Grid-Components_R0141480,remote_national,0,0,PA,northeast,PA,1,0,5,manager,0,0,,remote,1,2026-08-24,37,2026-09-22,2026-09-30,5,Minimum 5 year,0,,,,97.572,,,,,0,0,,c0112c5f67aed506,6168,1,0,0,0,1,0,0,0,0,0,0,1,1,1,0,1,0,0,0,0,1,1,0,0,1,1,0,0
7b1b978bd4fe98ca,Invenergy,utility,"Director, Transmission Development",siting_dev,0,workday,https://invenergyllc.wd1.myworkdayjobs.com/invenergycareers/job/Chicago-IL/Director--Transmission-Development_R11203-1,chicago,1,1,IL,midwest,IL,1,1,6,director,0,0,0.0,unspecified,0,2026-09-08,22,2026-09-22,2026-09-30,10,10 years of experience,1,185000.0,235000.0,210000.0,99.958,210088.24,50000.0,text,year,0,0,"185,000.00 - 235,000.00",9ea822ac56a392f9,6964,1,0,0,0,0,0,0,0,0,0,0,0,1,1,1,1,0,0,0,0,1,1,1,0,1,0,0,0
f71e4e5694bbc562,Invenergy,utility,"Senior Analyst (Wind), Renewable Procurement",market_commercial,3,workday,https://invenergyllc.wd1.myworkdayjobs.com/invenergycareers/job/Chicago-IL/Senior-Analyst--Wind---Renewable-Procurement_R11139-1,chicago,1,1,IL,midwest,IL,1,1,3,senior,0,0,0.0,hybrid,0,2026-08-25,36,2026-09-22,2026-09-30,,,1,82000.0,98000.0,90000.0,99.958,90037.82,16000.0,text,year,0,0,"82,000.00 - 98,000.00",b0589cfb4ee7df86,5067,0,1,0,0,0,0,0,0,0,0,0,1,1,0,0,0,0,0,0,0,1,1,1,0,1,0,0,0
96aa6052179d17ad,Invenergy,utility,"Senior Manager, Development",siting_dev,0,workday,https://invenergyllc.wd1.myworkdayjobs.com/invenergycareers/job/Denver-CO/Senior-Manager--Development_R11064-1,denver,1,3,CO,west,CO,1,1,5,manager,0,0,0.0,unspecified,0,2026-08-07,54,2026-09-22,2026-09-30,10,At least 10 year,1,150000.0,190000.0,170000.0,103.052,164965.26,40000.0,text,year,0,0,"$150,000.00 - 190,000.00",b45d226eaf20c013,3918,1,0,1,0,0,0,0,0,0,0,0,0,0,0,0,1,0,0,0,0,1,1,1,0,1,0,0,0
4375a117931a9587,Invenergy,utility,"Manager, Permitting",siting_dev,0,workday,https://invenergyllc.wd1.myworkdayjobs.com/invenergycareers/job/Chicago-IL/Manager--Permitting_R11218-1,chicago,1,1,IL,midwest,IL,1,1,5,manager,0,0,0.0,unspecified,0,2026-08-06,55,2026-09-22,2026-09-30,,,1,118000.0,155000.0,136500.0,99.958,136557.35,37000.0,text,year,0,0,"$118,000.00 - 155,000.00",bb8b1205e53f027c,3546,1,0,0,0,0,0,0,0,0,0,0,0,1,0,1,0,0,0,0,0,1,1,1,0,1,0,0,0
61ee554f80b54ceb,Invenergy,utility,"Manager, Development (Central Region)",siting_dev,0,workday,https://invenergyllc.wd1.myworkdayjobs.com/invenergycareers/job/Denver-CO/Manager--Development--Central-Region-_R10823-1,denver,1,3,CO,west,CO,1,1,5,manager,0,0,0.0,unspecified,0,2026-05-29,124,2026-09-22,2026-09-30,,,1,120000.0,160000.0,140000.0,103.052,135853.74,40000.0,text,year,0,0,"$120,000.00 - $160,000.00",ebca6f08eef205de,4483,0,0,1,0,0,0,0,0,0,0,0,0,0,0,0,1,0,0,0,0,1,1,1,0,1,0,0,0
50ac5fb77b5e4efb,Itron,grid_vendor,Financial Planning & Analysis Specialist,other,0,workday,https://itron.wd5.myworkdayjobs.com/Itron/job/United-States-of-America-Washington-Liberty-Lake/Financial-Planning---Analysis-Specialist_JR102551,,0,,WA,west,WA,1,1,2,mid,1,0,,unspecified,0,2026-09-09,21,2026-09-22,2026-09-30,3,3–5 year,1,75000.0,124500.0,99750.0,107.013,93212.97,49500.0,text,year,0,0,"$75,000-124,500",baca9202b8d7e5fc,5728,1,0,0,0,1,0,0,0,0,1,0,1,1,0,1,0,0,0,0,0,0,1,1,1,1,0,0,1
c1d9e8240fe6c0a6,Itron,grid_vendor,DevOps Engineer,other,0,workday,https://itron.wd5.myworkdayjobs.com/Itron/job/United-States-of-America-Illinois-Chicago/DevOps-Engineer_JR102824,,0,,IL,midwest,IL,1,1,2,mid,0,0,,unspecified,0,2026-08-20,41,2026-09-22,2026-09-30,,,0,,,,99.958,,,,,0,0,,2ff45f404ddfc4e8,6281,1,1,0,0,0,1,0,1,0,0,0,1,0,0,1,0,0,0,0,0,0,1,0,1,1,0,0,1
9f18e4cfd32197ad,Itron,grid_vendor,Principal FP&A - Networked Solutions PBU,market_commercial,0,workday,https://itron.wd5.myworkdayjobs.com/Itron/job/United-States-of-America-Washington-Liberty-Lake/Principal-FP-A---Networked-Solutions-PBU_JR102811,,0,,WA,west,WA;NC;SC,3,1,4,staff_principal,0,0,,unspecified,0,2026-08-13,48,2026-09-22,2026-09-30,,,1,96000.0,155250.0,125625.0,107.013,117392.28,59250.0,text,year,0,0,"$96,000-155,250",3c66383cce07605f,7163,1,0,1,0,0,0,0,0,1,1,0,1,1,0,1,0,0,0,0,0,0,1,1,1,1,0,0,1
927333b4e4915655,New York ISO,grid_operator,Associate Market Solutions Engineer,market_commercial,1,greenhouse,https://job-boards.greenhouse.io/nyiso/jobs/5039795007,,0,,NY,northeast,NY,1,1,1,entry,1,0,,unspecified,0,2026-02-02T10:10:49-05:00,240,2026-09-22,2026-09-30,,,1,68900.0,115200.0,92050.0,107.921,85293.87,46300.0,text,year,0,0,"$68,900  -  $115,200",481d8ccbf229c344,9349,1,0,1,0,0,1,0,0,0,0,0,1,1,1,1,1,0,0,0,0,0,0,0,0,0,0,0,0
d49b38cec8bfd226,New York ISO,grid_operator,"Director, Grid Operations",grid_power,0,greenhouse,https://job-boards.greenhouse.io/nyiso/jobs/5213373007,,0,,NY,northeast,NY,1,1,6,director,0,0,,unspecified,0,2026-08-17T08:49:47-04:00,44,2026-09-22,2026-09-30,,,1,175600.0,315600.0,245600.0,107.921,227573.87,140000.0,text,year,0,0,"$175,600  -  $315,600",4c49f44f6cbc1c23,10306,1,0,1,0,0,0,0,0,0,0,0,1,0,1,1,1,1,0,0,0,0,0,0,0,0,0,0,0
f1c5afe705ec9bf4,New York ISO,grid_operator,"Planning Engineer, Interconnection Studies",grid_power,0,greenhouse,https://job-boards.greenhouse.io/nyiso/jobs/5182730007,,0,,NY,northeast,NY,1,1,2,mid,1,0,,unspecified,0,2026-07-08T16:02:54-04:00,84,2026-09-22,2026-09-22,0,explicit no-experience statement,1,80800.0,135000.0,107900.0,107.921,99980.54,54200.0,text,year,0,0,"$80,800  -  $135,000",4d41f4127970d4d1,4673,1,0,0,0,0,0,0,0,0,0,0,1,0,1,1,0,0,0,0,0,0,0,0,0,0,0,0,0
8585773f5887ff2d,New York ISO,grid_operator,"Senior Manager, Market Solutions Engineering",market_commercial,0,greenhouse,https://job-boards.greenhouse.io/nyiso/jobs/5217169007,,0,,NY,northeast,NY,1,1,5,manager,0,0,,unspecified,0,2026-08-20T09:29:23-04:00,41,2026-09-22,2026-09-30,,,1,152600.0,274200.0,213400.0,107.921,197737.23,121600.0,text,year,0,0,"$152,600  -  $274,200",c95bca55f85a8af0,13317,1,0,1,0,0,1,0,0,0,0,0,1,0,1,1,1,1,0,0,0,0,0,0,0,0,0,0,0
4757a32f68754d27,New York ISO,grid_operator,"Senior Planning Engineer, Interconnection Studies",grid_power,0,greenhouse,https://job-boards.greenhouse.io/nyiso/jobs/5182739007,,0,,NY,northeast,NY,1,1,3,senior,0,0,,unspecified,0,2026-07-08T16:07:05-04:00,84,2026-09-22,2026-09-22,,,1,105700.0,176400.0,141050.0,107.921,130697.45,70700.0,text,year,0,0,"$105,700  -  $176,400",e940c07a84b5e063,6621,1,0,1,0,0,0,0,0,0,0,0,1,0,1,1,1,0,0,0,0,0,0,0,0,0,0,0,0
65a1fb80d4c50e68,New York ISO,grid_operator,"Senior Planning Engineer, Resource Planning",grid_power,0,greenhouse,https://job-boards.greenhouse.io/nyiso/jobs/5211794007,,0,,NY,northeast,NY,1,1,3,senior,0,0,,unspecified,0,2026-08-13T16:24:44-04:00,48,2026-09-22,2026-09-30,2,2 years of experience,1,105700.0,176400.0,141050.0,107.921,130697.45,70700.0,text,year,0,0,"$105,700  -  $176,400",4558f218a79a68c9,9486,1,1,1,0,0,1,0,0,0,0,0,1,0,1,1,1,0,0,0,0,0,0,0,0,0,0,0,0
2c8f7e847bf7eb8f,New York ISO,grid_operator,Senior Product Business Analyst ,software_data,2,greenhouse,https://job-boards.greenhouse.io/nyiso/jobs/5220382007,remote_national,0,0,NY,northeast,NY,1,1,3,senior,0,0,,remote,1,2026-08-24T15:56:46-04:00,37,2026-09-22,2026-09-30,2,2 years of experience,1,103000.0,144000.0,123500.0,107.921,114435.56,41000.0,text,year,0,0,$103k - $ 144k,fad78cd9874ae52f,3005,0,0,1,0,0,0,0,0,0,0,0,0,0,0,0,0,0,0,0,0,0,0,0,0,0,0,0,0
8ebd4a6fdbcfb3e5,New York ISO,grid_operator,Senior Software Engineer,software_data,0,greenhouse,https://job-boards.greenhouse.io/nyiso/jobs/5207043007,,0,,NY,northeast,NY,1,1,3,senior,0,0,,unspecified,0,2026-08-07T13:14:46-04:00,54,2026-09-22,2026-09-30,,,1,105700.0,176400.0,141050.0,107.921,130697.45,70700.0,text,year,0,0,"$105,700  -  $176,400",6f136f0cda499404,10479,1,1,0,0,0,0,1,1,1,0,0,1,0,1,1,1,1,0,0,0,0,0,0,0,0,0,0,0
9c6a89c6f2c3b183,New York ISO,grid_operator,Senior Software Engineer (Python),software_data,0,greenhouse,https://job-boards.greenhouse.io/nyiso/jobs/5209084007,,0,,NY,northeast,NY,1,1,3,senior,0,0,,unspecified,0,2026-08-11T09:35:12-04:00,50,2026-09-22,2026-09-30,,,1,105700.0,176400.0,141050.0,107.921,130697.45,70700.0,text,year,0,0,"$105,700  -  $176,400",a1d7f39e5c1f373e,7502,1,1,0,0,0,1,0,0,1,1,0,1,0,1,1,1,1,0,0,0,0,0,0,0,0,0,0,0
e5fcbb37512efef2,New York ISO,grid_operator,"Technical Specialist, Grid Transition ",grid_power,0,greenhouse,https://job-boards.greenhouse.io/nyiso/jobs/5175098007,,0,,NY,northeast,NY,1,1,2,mid,0,0,,unspecified,0,2026-06-26T14:09:32-04:00,96,2026-09-22,2026-09-30,,,1,117900.0,204400.0,161150.0,107.921,149322.19,86500.0,text,year,0,0,"$117,900  -  $204,400",097eb3425d3319a6,12053,1,0,1,0,0,1,0,0,0,0,0,1,0,1,1,1,0,0,0,0,0,0,0,0,0,0,0,0
01d84b52ef3af03e,Nexamp,developer,"Senior Software Engineer, Full Stack",software_data,0,greenhouse,https://nexamp.com//careers?gh_jid=8829968002#Open%20Roles,boston,1,4,MA,northeast,MA,1,1,3,senior,0,0,0.0,hybrid,0,2026-09-22T07:54:15-04:00,8,2026-09-22,2026-09-30,7,7+ year,1,170000.0,190000.0,180000.0,105.757,170201.5,20000.0,text,year,0,0,"$170,000 - $190,000",cc33cd640c41934f,15989,0,0,0,0,0,1,1,1,1,0,0,1,0,0,0,0,0,0,0,0,1,1,1,1,1,0,0,0
bba62e29db1c6fd3,Octopus Energy,retailer,Market Development & Flexibility Associate,siting_dev,1,lever,https://jobs.lever.co/octoenergy/190ebb01-c143-40fa-9d88-c42837024929,bay_area,1,4,CA,west,,0,1,1,entry,1,0,0.0,remote,1,2026-08-17T16:07:30.723000+00:00,44,2026-09-22,2026-09-30,,,0,,,,110.72,,,,,0,0,,2a15de42a8352c52,1670,0,0,0,0,0,0,0,0,0,0,0,0,0,0,0,0,0,0,0,0,0,0,0,0,0,0,0,0
77ae9b7188d5d3ac,Origis Energy,developer,Energy Market Analytics Manager,market_commercial,0,greenhouse,https://job-boards.greenhouse.io/origisenergy/jobs/5641152004,new_york,1,4,TX,south,TX;FL;NY,3,1,5,manager,0,0,25.57,remote,1,2025-09-05T18:09:54-04:00,390,2026-09-21,2026-09-30,5,5+ year,0,,,,97.057,,,,,0,0,,1df194b818d2afdd,7814,0,0,0,0,0,0,0,0,0,0,0,1,0,1,0,1,0,0,0,0,1,1,0,1,1,0,0,0
c865151d1a69a1dc,PJM Interconnection,grid_operator,(Sr./Lead) Compliance Analyst (II),regulatory,2,workday,https://pjm.wd5.myworkdayjobs.com/pjmcareers/job/Audubon-PA/XMLNAME--Sr-Lead--Compliance-Analyst--II-_REQ-2026-4251-1,,0,,PA,northeast,PA,1,0,3,senior,0,0,,hybrid,0,2026-09-22,8,2026-09-22,2026-09-30,0,explicit no-experience statement,0,,,,97.572,,,,,0,0,,8699b172d4e25071,3878,0,0,0,0,0,0,0,0,0,0,0,1,1,0,1,0,0,0,0,0,0,0,0,0,0,0,0,0
53b90bfa7fc2fde3,PJM Interconnection,grid_operator,(Sr./Lead) Market Design Specialist I (II),market_commercial,2,workday,https://pjm.wd5.myworkdayjobs.com/pjmcareers/job/Audubon-PA/XMLNAME--Sr-Lead--Market-Design-Specialist-I--II-_REQ-2026-4206-1,,0,,PA,northeast,PA,1,0,3,senior,0,1,,hybrid,0,2026-08-20,41,2026-09-22,2026-09-30,5,5 years of experience,0,,,,97.572,,,,,0,0,,de5c68eaeb30cdb1,3213,0,1,0,0,0,0,0,0,0,0,0,1,0,0,1,0,0,0,0,0,0,0,0,0,0,0,0,0
f0617a1f20a3bd6b,PJM Interconnection,grid_operator,Sr. (Lead) Market Design Specialist I (II),market_commercial,2,workday,https://pjm.wd5.myworkdayjobs.com/pjmcareers/job/Audubon-PA-Hybrid/Sr--Lead--Market-Design-Specialist-I--II-_REQ-2026-4190,,0,,PA,northeast,PA,1,0,3,senior,0,1,,hybrid,0,2026-08-03,58,2026-09-22,2026-09-30,5,5 years of experience,0,,,,97.572,,,,,0,0,,de5c68eaeb30cdb1,3213,0,1,0,0,0,0,0,0,0,0,0,1,0,0,1,0,0,0,0,0,0,0,0,0,0,0,0,0
ec372f5460fcaf88,PJM Interconnection,grid_operator,Sr. Market Strategist I (II),market_commercial,2,workday,https://pjm.wd5.myworkdayjobs.com/pjmcareers/job/Audubon-PA-Hybrid/Sr-Market-Strategist-I--II-_REQ-2026-4193,,0,,PA,northeast,PA,1,0,3,senior,0,1,,hybrid,0,2026-07-01,91,2026-09-22,2026-09-22,0,explicit no-experience statement,0,,,,97.572,,,,,0,0,,28567d34735d06cc,2148,0,1,0,0,0,0,1,0,0,0,0,0,0,0,1,0,0,0,0,0,0,0,0,0,0,0,0,0
6c967d1461dac702,QTS Data Centers,data_center,Utility Development Project Manager,siting_dev,0,workday,https://qtsdatacenters.wd5.myworkdayjobs.com/QTS/job/US-TX-Irving-1-DC1/Utility-Development-Project-Manager_R2026-2062,denver,1,3,VA,south,VA;UT;SC;CO,4,1,5,manager,0,0,0.0,unspecified,0,2026-09-11,19,2026-09-22,2026-09-30,,,0,,,,101.104,,,,,0,0,,c706af4abef2cd7d,5365,1,0,0,0,0,0,0,0,1,0,0,1,1,0,0,1,0,0,0,0,1,1,1,1,1,1,0,1
b459c83b4665b7ca,QTS Data Centers,data_center,Senior Development Project Manager (WTX),siting_dev,0,workday,https://qtsdatacenters.wd5.myworkdayjobs.com/QTS/job/West-Texas-TX/Senior-Development-Project-Manager--WTX-_R2026-1872-1,,0,,TX,south,TX,1,0,5,manager,0,0,,unspecified,0,2026-09-03,27,2026-09-22,2026-09-30,,,0,,,,97.057,,,,,0,0,,d0cfeda64e2c9541,5646,1,1,0,0,0,0,0,0,0,0,0,1,1,0,0,1,0,0,0,0,1,1,1,0,1,1,0,1
4f3a3b80f42078f8,QTS Data Centers,data_center,Development Project Manager,siting_dev,0,workday,https://qtsdatacenters.wd5.myworkdayjobs.com/QTS/job/West-Texas-TX/Development-Project-Manager_R2026-2054-1,,0,,TX,south,TX,1,0,5,manager,0,0,,unspecified,0,2026-09-14,16,2026-09-22,2026-09-27,,,0,,,,97.057,,,,,0,0,,23c65fb8688c2b1b,5998,1,1,0,0,0,0,0,0,1,0,0,1,1,0,0,1,0,0,0,0,1,1,1,0,1,1,0,1
cf397bd70e51fbab,QTS Data Centers,data_center,Utility development program manager,siting_dev,0,workday,https://qtsdatacenters.wd5.myworkdayjobs.com/QTS/job/Overland-Park-KS/Utility-development-program-manager_R2026-2065,,0,,KS,midwest,KS,1,0,5,manager,0,0,,unspecified,0,2026-09-11,19,2026-09-22,2026-09-30,,,0,,,,90.068,,,,,0,0,,8120e4aa2b575d7b,5066,0,0,0,0,0,0,0,0,1,0,0,1,1,0,0,1,0,0,0,0,1,1,1,1,1,1,0,1
d627e9b2a9904f37,QTS Data Centers,data_center,Operations Analyst III - Connectivity - Development & Implementation Specialist,siting_dev,3,workday,https://qtsdatacenters.wd5.myworkdayjobs.com/QTS/job/Duluth-GA/Operations-Analyst-III---Connectivity---Development---Implementation-Specialist_R2026-1989-1,,0,,GA,south,GA,1,0,3,senior,0,0,,unspecified,0,2026-09-10,20,2026-09-22,2026-09-30,,,0,,,,96.293,,,,,0,0,,62f441f710d61c4e,7194,0,0,1,0,1,0,1,0,1,1,0,1,0,0,0,0,0,0,0,0,1,1,1,0,1,1,0,1
82f56baad508fb41,QTS Data Centers,data_center,Utility Development Program Manager,siting_dev,0,workday,https://qtsdatacenters.wd5.myworkdayjobs.com/QTS/job/Irving-TX/Utility-Development-Program-Manager_R2026-1925-1,,0,,TX,south,TX,1,0,5,manager,0,0,,unspecified,0,2026-09-10,20,2026-09-22,2026-09-30,,,0,,,,97.057,,,,,0,0,,88954cbc73c0ec17,6910,0,0,0,0,0,0,0,0,1,0,0,1,1,0,0,1,0,0,0,0,1,1,1,1,1,1,0,1
fc3ce691fd7fc5d8,QTS Data Centers,data_center,Development Project Manager,siting_dev,0,workday,https://qtsdatacenters.wd5.myworkdayjobs.com/QTS/job/Fayetteville-GA/Development-Project-Manager_R2026-1785-1,,0,,GA,south,GA,1,0,5,manager,0,0,,unspecified,0,2026-08-18,43,2026-09-22,2026-09-30,,,0,,,,96.293,,,,,0,0,,7b774d7672461eaa,5572,1,1,0,0,0,0,0,0,0,0,0,1,1,0,0,1,0,0,0,0,1,1,1,0,1,1,0,1
9ca168fe6f07101e,QTS Data Centers,data_center,On Site Generation and Market Forwards Analyst,market_commercial,2,workday,https://qtsdatacenters.wd5.myworkdayjobs.com/QTS/job/Irving-TX/On-Site-Generation-and-Market-Forwards-Analyst_R2026-0530-1,,0,,TX,south,TX,1,0,2,mid,1,0,,unspecified,0,2026-06-19,103,2026-09-22,2026-09-30,2,2–4 year,0,,,,97.057,,,,,0,0,,b8f67ed199862f40,5852,0,0,0,0,0,0,0,0,0,1,0,0,1,0,0,0,0,0,0,0,1,1,1,1,1,1,0,1
ad7edcbc9a98efc0,QTS Data Centers,data_center,Pre-Development Program Manager,siting_dev,0,workday,https://qtsdatacenters.wd5.myworkdayjobs.com/QTS/job/Atlanta-GA/Pre-Development-Project-Manager_R2026-0898-1,,0,,GA,south,GA,1,0,5,manager,0,0,,unspecified,0,2026-05-14,139,2026-09-22,2026-09-22,,,0,,,,96.293,,,,,0,0,,3dd31ac0d0871d40,9178,0,1,0,0,0,0,0,0,1,0,0,1,1,0,1,1,0,0,0,0,1,1,1,1,1,1,0,1
70b57cad807d6bf1,QTS Data Centers,data_center,Pre-Development Program Manager,siting_dev,0,workday,https://qtsdatacenters.wd5.myworkdayjobs.com/QTS/job/Ashburn-VA/Pre-Development-Program-Manager_R2026-0608-1,northern_virginia,1,3,VA,south,VA,1,1,5,manager,0,0,9.15,unspecified,0,2026-03-27,187,2026-09-22,2026-09-30,,,0,,,,101.104,,,,,0,0,,d42cdaabd4879561,9363,0,1,0,0,0,0,0,0,1,0,0,1,1,0,1,1,0,0,0,0,1,1,1,1,1,1,0,1
16dff2e8a3abcefe,Sense,energy_analytics,Corporate Development Associate,siting_dev,1,workable,https://apply.workable.com/j/B0C4838DA2,boston,1,4,MA,northeast,MA,1,1,1,entry,1,0,2.76,unspecified,0,2026-09-09,21,2026-09-22,2026-09-30,2,2 to 4 year,1,100000.0,150000.0,125000.0,105.757,118195.49,50000.0,text,year,0,0,$100 - 150k,557dc009b4603eb6,4378,0,0,0,0,0,0,0,0,0,0,0,0,0,0,0,0,0,0,0,0,1,1,0,1,1,0,0,0
8d5fc941a14a36b1,Sense,energy_analytics,Staff Backend Software Engineer,software_data,0,workable,https://apply.workable.com/j/04BCA5B756,boston,1,4,MA,northeast,MA,1,1,4,staff_principal,0,0,2.76,unspecified,0,2026-07-15,77,2026-09-22,2026-09-30,8,8+ year,1,180000.0,200000.0,190000.0,105.757,179657.14,20000.0,text,year,0,0,180 - 200k,ee17be58bbd227b9,3768,0,1,0,0,0,1,1,1,1,0,1,1,0,0,0,0,0,0,0,0,1,1,0,0,1,0,0,0
b0b0d3341abbbd90,The Brattle Group,consulting,Energy Analyst (Economics) - July 2027,other,2,greenhouse,https://job-boards.greenhouse.io/thebrattlegroup/jobs/4720840005,,0,,DC,south,DC,1,1,2,mid,0,0,,unspecified,0,2026-08-14T16:44:36-04:00,47,2026-09-22,2026-09-30,,,1,90000.0,90000.0,90000.0,109.901,81891.88,0.0,text,year,0,1,"$90,000",9186f314f5804ac5,8503,1,1,0,0,0,1,0,0,0,1,0,1,0,1,0,0,0,0,0,0,0,0,0,0,0,0,0,0
8a09b52fc24f099e,The Brattle Group,consulting,Energy Analyst (Economics) - July 2027,other,2,greenhouse,https://job-boards.greenhouse.io/thebrattlegroup/jobs/4735480005,bay_area,1,4,CA,west,CA,1,1,2,mid,0,0,0.0,unspecified,0,2026-09-18T11:07:34-04:00,12,2026-09-22,2026-09-30,,,1,90000.0,90000.0,90000.0,110.72,81286.13,0.0,text,year,0,1,"$90,000",19344418a92a62e6,8512,1,1,0,0,0,1,0,0,0,1,0,1,0,1,0,0,0,0,0,0,0,0,0,0,0,0,0,0
3727c52c96eb2fe6,The Brattle Group,consulting,Energy Analyst (Economics) - July 2027,other,2,greenhouse,https://job-boards.greenhouse.io/thebrattlegroup/jobs/4720839005,boston,1,4,MA,northeast,MA,1,1,2,mid,0,0,0.0,unspecified,0,2026-08-14T16:44:39-04:00,47,2026-09-22,2026-09-30,,,1,90000.0,90000.0,90000.0,105.757,85100.75,0.0,text,year,0,1,"$90,000",b7ee2a18472c9b76,8489,1,1,0,0,0,1,0,0,0,1,0,1,0,1,0,0,0,0,0,0,0,0,0,0,0,0,0,0
37bf89ea67e2ed9a,Vantage Data Centers,data_center,"Development Strategy Manager, NA",siting_dev,0,workday,https://vantagedc.wd1.myworkdayjobs.com/Vantage/job/Denver-Colorado/Development-Strategy-Senior-Manager--NA_R24271,northern_virginia,1,3,CO,west,CO;WA;VA;AZ;CA,5,1,5,manager,0,0,9.15,onsite,0,2026-09-10,20,2026-09-22,2026-09-30,,,1,145000.0,155000.0,150000.0,103.052,145557.58,10000.0,text,year,0,0,"$145,000-$155,000",d75f5b7ea58f1230,8894,1,0,0,0,0,0,0,0,0,1,0,1,1,0,0,1,0,0,0,0,1,1,0,0,1,0,0,1
947321a51bf87f8b,Vistra,utility,"Director, Power Fundamentals Analytics",software_data,0,workday,https://vst.wd5.myworkdayjobs.com/vistra_careers/job/Irving-Texas/Director--Power-Fundamentals-Analytics_40016579-1,,0,,TX,south,TX,1,0,6,director,0,0,,unspecified,0,2026-09-08,22,2026-09-22,2026-09-30,,,0,,,,97.057,,,,,0,0,,89e65d22389ab926,3325,1,1,0,0,0,1,1,0,0,0,0,1,0,0,0,0,0,0,0,0,0,0,0,0,0,0,0,0
e46c4940c3bcc0d6,Vistra,utility,Development Manager - Project Development (West),siting_dev,0,workday,https://vst.wd5.myworkdayjobs.com/vistra_careers/job/Irving-Texas/Development-Manager---Project-Development--West-_40015260-1,,0,,TX,south,TX;CA,2,1,5,manager,0,0,,unspecified,0,2026-08-13,48,2026-09-22,2026-09-30,,,0,,,,97.057,,,,,0,0,,2a8ded030f6dd9f3,3888,0,0,0,0,0,0,0,0,0,0,0,1,0,0,0,0,0,0,0,0,0,0,0,0,0,0,0,0
f021ee8a4c9e66f0,Washington Gas,gas_utility,"WGL - Senior Manager, Commercial Development – Data Centers & Power Solutions",siting_dev,0,workday,https://wgl.wd5.myworkdayjobs.com/AltaGas/job/Washington-DC/WGL---Senior-Manager--Commercial-Development---Data-Centers---Power-Solutions_R7227,northern_virginia,1,3,DC,south,DC;VA,2,1,5,manager,0,0,14.84,unspecified,0,2026-09-10,20,2026-09-22,2026-09-22,,,1,149200.0,215425.0,182312.5,109.901,165887.94,66225.0,text,year,0,0,"$149,200 to $215,425",3832032ed702a480,5775,1,0,0,0,0,0,0,0,1,0,0,1,0,0,0,0,0,0,0,0,1,1,1,1,1,0,0,0
69a298a2a75e8249,Washington Gas,gas_utility,"WGL – Gas Transmission Engineer (Level I, II, III or IV)",grid_power,3,workday,https://wgl.wd5.myworkdayjobs.com/AltaGas/job/Springfield-VA/WGL---Senior-Gas-Transmission-Engineer_R6996,northern_virginia,1,3,VA,south,VA,1,1,1,entry,1,1,14.84,unspecified,0,2026-09-02,28,2026-09-22,2026-09-30,0,explicit no-experience statement,1,66000.0,130000.0,98000.0,101.104,96929.89,64000.0,text,year,0,0,"$66,000.00 to $130,000.00",9b2ad9408f9e164e,5849,1,0,0,0,1,0,0,0,0,0,0,0,0,0,0,0,0,0,0,0,1,1,0,0,1,0,0,0
606f87953e5ce205,Washington Gas,gas_utility,"WGL - Gas Transmission Engineer (Level I, II, III or IV)",grid_power,3,workday,https://wgl.wd5.myworkdayjobs.com/AltaGas/job/Springfield-VA/WGL---Gas-Transmission-Engineer--Level-I--II-III-or-IV-_R6817,northern_virginia,1,3,VA,south,VA,1,1,1,entry,1,1,14.84,unspecified,0,2026-09-02,28,2026-09-22,2026-09-30,0,explicit no-experience statement,1,66000.0,130000.0,98000.0,101.104,96929.89,64000.0,text,year,0,0,"$66,000.00 to $130,000.00",186d208c58405f38,5847,1,0,0,0,1,0,0,0,0,0,0,0,0,0,0,0,0,0,0,0,1,1,0,0,1,0,0,0
de7091fb0ddd12d3,Xcel Energy,utility,Transmission Planning Supervisor,grid_power,0,workday,https://xcelenergy.wd1.myworkdayjobs.com/External/job/Denver-CO-80205/Transmission-Planning-Supervisor_JR116512-2,denver,1,3,CO,west,CO,1,1,5,manager,0,0,0.0,hybrid,0,2026-09-22,8,2026-09-22,2026-09-30,3,3–5 year,1,97600.0,159100.0,128350.0,103.052,124548.77,61500.0,text,year,0,0,"$97,600.00 to $159,100.00",bc92462e02df2a1b,8032,1,0,1,0,1,0,0,0,0,0,0,1,1,1,0,0,0,0,0,0,1,1,1,0,1,1,0,1
048ba369183d62e8,Xcel Energy,utility,Regional Transmission Engineering Manager,grid_power,0,workday,https://xcelenergy.wd1.myworkdayjobs.com/External/job/Denver-CO-80205/Regional-Transmission-Engineering-Manager_JR116467-2,denver,1,3,CO,west,CO,1,1,5,manager,0,0,0.0,hybrid,0,2026-09-18,12,2026-09-22,2026-09-30,4,a minimum of 4 year,1,112200.0,159400.0,135800.0,103.052,131778.13,47200.0,text,year,0,0,"$112,200.00 to $159,400.00",56b6f491aa58c4b5,8624,1,0,0,0,0,0,0,0,0,0,0,0,0,0,1,1,0,0,0,0,1,1,1,0,1,1,0,1
1e3b0dd6beb2de32,Xcel Energy,utility,Transmission Production Cost Analyst,grid_power,2,workday,https://xcelenergy.wd1.myworkdayjobs.com/External/job/Minneapolis-MN-55401/Transmission-Production-Cost-Analyst_JR116116-1,denver,1,3,MN,midwest,MN;CO;TX,3,1,2,mid,1,0,0.0,unspecified,0,2026-09-16,14,2026-09-22,2026-09-29,3,3 years of experience,1,97600.0,138600.0,118100.0,98.621,119751.37,41000.0,text,year,0,0,"$97,600.00 to $138,600.00",9ece18f973d2e336,6852,0,1,0,0,0,0,0,0,0,0,0,0,0,0,0,0,0,0,0,0,1,1,1,0,1,1,0,1
b077051798ebe9eb,Xcel Energy,utility,Gas Buyer Trader,other,0,workday,https://xcelenergy.wd1.myworkdayjobs.com/External/job/Denver-CO-80205/Gas-Buyer-Trader_JR115380-1,denver,1,3,CO,west,CO,1,1,2,mid,1,0,0.0,unspecified,0,2026-09-15,15,2026-09-22,2026-09-30,3,a minimum of 3 year,1,97600.0,138600.0,118100.0,103.052,114602.34,41000.0,text,year,0,0,"$97,600.00 to $138,600.00",1be0b7a274bf23a2,6447,1,0,0,0,0,0,0,0,0,0,0,1,0,0,0,0,0,0,0,0,1,1,1,0,1,1,0,1
1a7498c92612fb95,Xcel Energy,utility,Trading Associate Analyst or Analyst,other,2,workday,https://xcelenergy.wd1.myworkdayjobs.com/External/job/Denver-CO-80205/Trading-Associate-Analyst-or-Analyst_JR116110-1,denver,1,3,CO,west,CO,1,1,1,entry,1,1,0.0,unspecified,0,2026-09-11,19,2026-09-22,2026-09-22,1,at least 1 year,1,84900.0,138600.0,111750.0,103.052,108440.4,53700.0,text,year,0,0,"$84,900.00 to $138,600.00",381037e8727f410d,7697,1,1,0,0,0,0,0,0,0,0,0,0,0,0,1,0,0,0,0,0,1,1,1,0,1,1,0,1
a1c29ca9f91103ac,Xcel Energy,utility,Corporate Development Director,siting_dev,0,workday,https://xcelenergy.wd1.myworkdayjobs.com/External/job/Denver-CO-80205/Corp-Development-Director_JR116491-1,minneapolis,1,3,CO,west,CO;MN;TX,3,1,6,director,0,0,0.0,unspecified,0,2026-09-11,19,2026-09-22,2026-09-30,,,1,148400.0,210733.0,179566.5,103.052,174248.44,62333.0,text,year,0,0,"$148,400.00 to $210,733.00",c5c3825e2bde339d,6880,1,0,0,0,0,0,0,0,0,0,0,0,1,1,0,1,0,0,0,0,1,1,1,0,1,1,0,1
5ac4e01591f900d5,AEP Energy,retailer,NERC Compliance Specialist,regulatory,0,workday,https://aep.wd1.myworkdayjobs.com/AEPCareerSite/job/New-Albany-OH/NERC-Compliance-Specialist_R17934,,0,,OH,midwest,OH,1,0,2,mid,0,0,,unspecified,0,2026-09-25,5,2026-09-27,2026-09-30,,,1,98993.0,127439.5,113216.25,92.774,122034.46,28446.5,text,year,0,0,"$98,993.00-$127,439.50",a33e3c988d13a15c,8212,0,1,0,0,0,0,0,0,0,0,0,0,0,0,0,1,0,0,0,0,0,0,0,0,0,0,0,1
08e103cc4d4f35bf,AEP Energy,retailer,Technology Manager (Software Development),siting_dev,0,workday,https://aep.wd1.myworkdayjobs.com/AEPCareerSite/job/Gahanna-OH/Technology-Mgr_R17645,,0,,OH,midwest,OH,1,0,5,manager,0,0,,unspecified,0,2026-09-25,5,2026-09-27,2026-09-30,4,4-6 year,1,136539.0,177503.0,157021.0,92.774,169251.08,40964.0,text,year,0,0,"$136,539.00 - $177,503.00",e0fe4d0e96d520f0,8572,1,1,0,0,1,0,1,1,1,0,0,1,0,1,0,0,0,1,0,0,0,0,0,0,0,0,0,0
5f808f8e84364968,AEP Energy,retailer,Project Manager Principal (Transmission Field Services),grid_power,0,workday,https://aep.wd1.myworkdayjobs.com/AEPCareerSite/job/Ft-Wayne-IN/Project-Manager-Principal--Transmission-Field-Services-_R19552,,0,,IN,midwest,IN;OH,2,0,5,manager,0,0,,unspecified,0,2026-09-25,5,2026-09-27,2026-09-30,,,1,116255.0,151132.0,133693.5,93.329,143249.69,34877.0,text,year,0,0,"$116,255-$151,132",74bb8147075f1bc7,11848,0,1,0,0,1,0,0,0,0,0,0,1,0,1,0,1,0,0,0,0,0,0,0,0,0,0,0,1
88ae35ca26ef3aa7,AEP Energy,retailer,Transmission Line Siting Specialist,siting_dev,0,workday,https://aep.wd1.myworkdayjobs.com/AEPCareerSite/job/Corpus-Christi-TX/Transmission-Line-Siting-Specialist_R17872,,0,,TX,south,TX,1,0,2,mid,0,0,,unspecified,0,2026-09-24,6,2026-09-27,2026-09-30,,,1,74551.0,93188.0,83869.5,97.057,86412.62,18637.0,text,year,0,0,"$74,551-$93,188",dc6e14fc997af971,5853,1,0,0,0,0,0,0,0,0,0,0,0,0,0,0,1,0,0,0,0,0,0,0,0,0,0,0,1
d012d5dc2fb69e00,AES Indiana,utility,Wind Permitting Sr Analyst,siting_dev,2,workday,https://aes.wd1.myworkdayjobs.com/AES_US/job/US-Louisville-CO/Wind-Permitting-Sr-Analyst_R1065005-1,,0,,CO,west,CO,1,1,3,senior,0,0,,unspecified,0,2026-09-24,6,2026-09-27,2026-09-30,,,1,87000.0,104550.0,95775.0,103.052,92938.52,17550.0,text,year,0,0,"between $87,000 and $104,550",7562e55b6c112037,8106,1,1,0,0,0,0,0,0,0,0,0,1,0,0,1,0,0,0,0,0,1,1,1,0,1,0,0,0
9ca6087f03702514,AES Indiana,utility,"Senior Analyst, Structured Trading",other,3,workday,https://aes.wd1.myworkdayjobs.com/AES_US/job/US-Houston-TX/Senior-Analyst--Structured-Trading_R1065022,,0,,TX,south,TX,1,0,3,senior,0,0,,unspecified,0,2026-09-23,7,2026-09-27,2026-09-30,1,1 year of experience,0,,,,97.057,,,,,0,0,,021e64b74158b419,5571,1,1,0,0,0,0,0,0,0,0,0,0,0,0,1,0,0,0,0,0,0,0,0,0,0,0,0,0
832f0df7c4e4bd16,Alliant Energy,utility,Manager Financial Planning,other,0,workday,https://alliantenergy.wd1.myworkdayjobs.com/alliant/job/Madison-WI/Manager-Financial-Planning_JR-10107-1,,0,,WI,midwest,WI;IA,2,0,5,manager,0,0,,unspecified,0,2026-09-25,5,2026-09-27,2026-09-30,5,5 years of related experience,1,140000.0,160000.0,150000.0,94.095,159413.36,20000.0,text,year,0,0,"$140,000-$160,000",5886cabf90866963,7631,1,0,1,0,1,0,0,0,1,1,0,1,1,1,0,0,0,0,0,0,0,0,1,1,1,1,0,0
8e38921212ca7c2c,Ameren Illinois,utility,"Program Specialist, Energy Efficiency/Program Supervisor Energy Efficiency (Compliance/Reporting)",regulatory,0,workday,https://ameren.wd1.myworkdayjobs.com/External/job/Collinsville-IL/Program-Specialist--Energy-Efficiency-Program-Supervisor-Energy-Efficiency--Compliance-Reporting-_034089,,0,,IL,midwest,IL,1,1,5,manager,0,0,,unspecified,0,2026-09-23,7,2026-09-27,2026-09-30,,,1,71100.0,137200.0,104150.0,99.958,104193.76,66100.0,text,year,0,0,"$71,100.00 - $137,200.00",772f8e52d9a97130,4703,1,0,0,0,0,0,0,0,0,1,0,0,0,1,1,0,0,0,0,0,0,1,1,1,1,0,0,0
eb7548a1778c842d,Ameren Illinois,utility,Renewable Energy Development Transaction Specialist-2,siting_dev,0,workday,https://ameren.wd1.myworkdayjobs.com/External/job/St-Louis-MO/Renewable-Energy-Development-Transaction-Specialist-2_034122,,0,,MO,midwest,MO,1,0,2,mid,0,0,,unspecified,0,2026-09-23,7,2026-09-27,2026-09-30,,,1,71100.0,137200.0,104150.0,90.817,114681.17,66100.0,text,year,0,0,"$71,100.00 - $137,200.00",bd2efa423dfd8d22,6858,1,0,0,0,0,0,0,0,0,0,0,1,0,0,1,0,0,0,0,0,0,1,1,1,1,0,0,0
b10826038d48fac7,Ameren Illinois,utility,Business Intelligence Engineer,software_data,0,workday,https://ameren.wd1.myworkdayjobs.com/External/job/St-Louis-MO/Business-Intelligence-Engineer_034168,,0,,MO,midwest,MO,1,0,2,mid,0,0,,unspecified,0,2026-09-23,7,2026-09-27,2026-09-29,,,1,84400.0,162900.0,123650.0,90.817,136152.92,78500.0,text,year,0,0,"$84,400.00 - $162,900.00",edf825bd6ebe0e25,5731,1,1,0,0,0,0,0,0,1,1,0,0,0,0,0,0,0,0,0,0,0,1,1,1,1,0,0,0
2535147c65a2d057,Apex Clean Energy,developer,"Vice President, Transmission & Grid Strategy",grid_power,0,smartrecruiters,https://api.smartrecruiters.com/v1/companies/apexcleanenergy/postings/744000132930339,,0,,VA,south,VA,1,1,7,executive,0,0,,unspecified,0,2026-06-18T18:48:28.501Z,104,2026-09-27,2026-09-30,0,explicit no-experience statement,0,,,,101.104,,,,,0,0,,8d24fe044fffa4a0,12530,1,1,1,0,1,0,0,0,0,1,0,1,0,1,1,0,0,0,0,0,1,1,0,0,1,0,0,0
ae3fe9b3d4b4780c,Austin Energy,utility,Power System Engineer (Distribution Reliability),grid_power,0,workday,https://austintexas.wd5.myworkdayjobs.com/COA_Careers/job/Austin-Energy/Power-System-Engineer--Distribution-Reliability-_JR105060,,0,,TX,south,TX,1,0,2,mid,0,0,,unspecified,0,2026-09-09,21,2026-09-27,2026-09-30,,,1,91080.0,117000.0,104040.0,97.057,107194.74,25920.0,text,year,0,0,"$91,080 - $117,000",00202a8b51e4d0c4,12442,1,1,0,0,0,0,0,0,0,0,0,0,1,0,1,1,0,1,0,0,1,1,0,1,1,0,0,1
4228c8f930c1beec,Austin Energy,utility,Power System Managing Engineer (Transmission Planning),grid_power,0,workday,https://austintexas.wd5.myworkdayjobs.com/COA_Careers/job/Austin-Energy/Power-System-Managing-Engineer--Transmission-Planning-_JR104995,,0,,TX,south,TX,1,0,2,mid,0,0,,unspecified,0,2026-09-02,28,2026-09-27,2026-09-30,,,0,,,,97.057,,,,,0,0,,a64e9c2157dfbd00,13211,1,0,0,0,1,0,0,0,0,0,0,0,0,1,0,0,0,1,0,0,1,1,0,1,1,0,0,1
5fd76652cef75ed3,Austin Energy,utility,Energy Market Supervisor - Market Analysis,market_commercial,0,workday,https://austintexas.wd5.myworkdayjobs.com/COA_Careers/job/Austin-Energy-Headquarters/Energy-Market-Supervisor---Market-Analysis_JR105144,,0,,TX,south,TX,1,0,5,manager,0,0,,unspecified,0,2026-09-16,14,2026-09-27,2026-09-30,,,0,,,,97.057,,,,,0,0,,477fdbdfae686f54,10588,1,0,1,0,0,1,0,0,0,1,0,0,0,1,0,0,0,1,0,0,0,0,0,1,0,0,0,1
3ca89c553909b773,Austin Energy,utility,Utility Regulatory Policy Analyst Senior,regulatory,2,workday,https://austintexas.wd5.myworkdayjobs.com/COA_Careers/job/Austin-Energy-Headquarters/Utility-Regulatory-Policy-Analyst-Senior_JR104932,,0,,TX,south,TX,1,0,3,senior,0,0,,unspecified,0,2026-08-27,34,2026-09-27,2026-09-30,,,0,,,,97.057,,,,,0,0,,80c58693fe6f50c1,10800,1,0,1,0,0,0,0,0,0,0,0,0,0,0,0,1,0,0,0,0,0,0,0,1,0,0,0,1
66c1ad30450ee86f,Avangrid,utility,Director - Regulatory Affairs,regulatory,0,workday,https://iberdrola.wd3.myworkdayjobs.com/Iberdrola/job/United-States-Of-America-Maine-Augusta/Director---Regulatory-Affairs_R-33734,,0,,ME,northeast,ME,1,0,6,director,0,0,,unspecified,0,2026-09-24,6,2026-09-27,2026-09-30,10,A minimum of 10 year,1,156000.0,195000.0,175500.0,97.05,180834.62,39000.0,text,year,0,0,"$156,000 - $195,000",34dac2b94c4e9d97,4761,1,0,0,0,0,0,0,0,0,0,0,1,0,0,1,1,0,0,0,0,1,1,0,0,0,1,0,0
d3771b39138cb883,Avangrid,utility,Engineer - GEN AI,ai_ml,0,workday,https://iberdrola.wd3.myworkdayjobs.com/Iberdrola/job/United-States-Of-America-Connecticut-Orange/Engineer---GEN-AI_R-30921-2,,0,,CT,northeast,CT,1,0,2,mid,0,0,,onsite,0,2026-09-24,6,2026-09-27,2026-09-30,,,1,141120.0,176400.0,158760.0,103.61,153228.45,35280.0,text,year,0,0,"$141,120 - $176,400",6f480c905dea3cd6,5139,1,1,0,0,0,1,0,1,1,0,1,1,0,0,1,0,0,0,0,0,1,1,0,0,0,1,0,0
b819724413352898,Avangrid,utility,Senior Settlements Analyst,other,2,workday,https://iberdrola.wd3.myworkdayjobs.com/Iberdrola/job/United-States-Of-America-Massachusetts-Boston/Senior-Settlements-Analyst_R-23250,,0,,MA,northeast,MA,1,1,3,senior,0,0,,unspecified,0,2026-09-23,7,2026-09-27,2026-09-30,5,5 years’ experience,1,107000.0,126000.0,116500.0,105.757,110158.19,19000.0,text,year,0,0,"$107,000 to $126,000",75a88e2c181714bb,6982,1,1,0,0,0,0,0,0,0,0,0,0,1,0,0,0,0,0,0,0,1,1,0,0,1,1,0,0
077da868b44d3aba,Base Power,retailer,Embedded Software Engineer,software_data,0,ashby,https://jobs.ashbyhq.com/base-power/85775865-f676-47b5-85e4-a7b4237f837c,,0,,TX,south,TX,1,0,2,mid,0,0,,unspecified,0,2024-12-04T17:18:52.665+00:00,665,2026-09-27,2026-09-30,5,5+ year,0,,,,97.057,,,,,0,0,,41b83c6d43eab286,5055,0,0,0,0,0,0,0,0,0,0,0,0,0,1,0,0,0,0,0,0,0,0,0,0,0,0,0,0
d356982916cc5c53,Base Power,retailer,"Software Engineer, Product",software_data,0,ashby,https://jobs.ashbyhq.com/base-power/58429de0-5616-4cd2-889b-47e011850ca7,,0,,TX,south,TX,1,0,2,mid,1,0,,unspecified,0,2024-12-04T17:19:06.024+00:00,665,2026-09-27,2026-09-30,2,2+ year,0,,,,97.057,,,,,0,0,,f95b4c80859e230e,4547,0,1,0,0,0,0,0,0,0,0,0,1,0,1,0,0,0,0,0,0,0,0,0,0,0,0,0,0
ac607da0c0a6a80d,Base Power,retailer,"Software Engineer, Infrastructure",software_data,0,ashby,https://jobs.ashbyhq.com/base-power/10772e1c-dfad-4161-9e9e-5f34728c4745,,0,,TX,south,TX,1,0,2,mid,0,0,,remote,0,2026-05-07T18:52:28.867+00:00,146,2026-09-27,2026-09-30,,,0,,,,97.057,,,,,0,0,,132f528723bb0afb,4950,0,0,0,0,0,1,0,1,0,0,0,0,1,0,0,0,0,0,0,0,0,0,0,0,0,0,0,0
83e0b1b8e071c506,Base Power,retailer,"Software Engineer, Backend",software_data,0,ashby,https://jobs.ashbyhq.com/base-power/23bc4e94-d63c-4933-926b-edcb69138410,,0,,TX,south,TX,1,0,2,mid,1,0,,unspecified,0,2026-04-14T17:58:38.015+00:00,169,2026-09-27,2026-09-30,1,1–5 year,0,,,,97.057,,,,,0,0,,970ef4e9ae089a3e,4425,0,0,0,0,0,1,0,1,0,0,0,0,0,1,0,0,0,0,0,0,0,0,0,0,0,0,0,0
a616ac5b6639a6f9,Base Power,retailer,Data Engineer,software_data,0,ashby,https://jobs.ashbyhq.com/base-power/e0c632cd-2375-4e0f-8a9f-11dbb820e885,,0,,TX,south,TX,1,0,2,mid,0,0,,unspecified,0,2026-06-10T20:55:12.550+00:00,112,2026-09-27,2026-09-30,5,5+ year,0,,,,97.057,,,,,0,0,,1afa2dea9ad1e9bb,5337,0,0,0,0,0,1,1,1,0,1,1,1,0,0,0,0,0,0,0,0,0,0,0,0,0,0,0,0
2ed4e9d646377191,Base Power,retailer,"Growth Lead, New Markets – Chicago",market_commercial,0,ashby,https://jobs.ashbyhq.com/base-power/dece15b3-a2f3-4c7d-8e7e-a20bdc540b78,,0,,TX,south,TX,1,0,3,senior,0,0,,unspecified,0,2026-02-06T21:55:08.947+00:00,236,2026-09-27,2026-09-30,3,3–10+ year,0,,,,97.057,,,,,0,0,,a8b713d781b95056,3711,0,0,0,0,0,0,0,0,0,0,0,0,0,0,0,0,0,0,0,0,0,0,0,0,0,0,0,0
96ed6abdefa764de,Base Power,retailer,Regulatory Policy Lead,regulatory,0,ashby,https://jobs.ashbyhq.com/base-power/9b5d4931-e287-4b4b-9687-adf4bb7c924f,,0,,TX,south,TX,1,0,3,senior,0,0,,unspecified,0,2026-07-30T15:02:03.688+00:00,62,2026-09-27,2026-09-30,5,5+ year,0,,,,97.057,,,,,0,0,,9def8f114428b81d,4182,0,0,0,0,0,0,0,0,0,0,0,1,0,0,0,0,0,0,0,0,0,0,0,0,0,0,0,0
6d1aebaca014e932,Base Power,retailer,Capital Markets,market_commercial,0,ashby,https://jobs.ashbyhq.com/base-power/44c5d31a-3ca7-4ab9-a77f-86132ffd34c5,,0,,TX,south,TX,1,0,2,mid,1,0,,unspecified,0,2026-08-18T18:09:32.919+00:00,43,2026-09-27,2026-09-30,2,2-4 year,0,,,,97.057,,,,,0,0,,875a11199667c953,4537,0,0,0,0,0,0,0,0,0,0,0,0,0,0,0,0,0,0,0,0,0,0,0,1,0,0,0,0
e17e5cca385835f6,Base Power,retailer,"Senior Software Engineer, Product",software_data,0,ashby,https://jobs.ashbyhq.com/base-power/dc8e23c9-d804-4603-bb6a-711dd6dd157a,,0,,TX,south,TX,1,0,3,senior,0,0,,unspecified,0,2026-09-10T02:07:37.310+00:00,20,2026-09-27,2026-09-30,7,7+ year,0,,,,97.057,,,,,0,0,,5549a2e7cd626efe,5095,0,1,0,0,0,0,0,0,0,0,0,1,0,1,0,0,0,0,0,0,0,0,0,0,0,0,0,0
83bee0232d8a8acb,Base Power,retailer,"Senior Software Engineer, Backend",software_data,0,ashby,https://jobs.ashbyhq.com/base-power/d5149c86-5649-48bd-8d30-7708c3e36233,,0,,TX,south,TX,1,0,3,senior,0,0,,unspecified,0,2026-09-09T22:01:37.426+00:00,21,2026-09-27,2026-09-30,6,6+ year,0,,,,97.057,,,,,0,0,,58e1986e6f0c3d03,5961,0,0,0,0,0,1,0,1,0,0,0,1,0,1,0,0,0,0,0,0,0,0,0,0,0,0,0,0
11e402fe4ddb2bec,Base Power,retailer,"Senior Software Engineer, Frontend",software_data,0,ashby,https://jobs.ashbyhq.com/base-power/b5787c17-7aa3-4fd8-a6f9-f5fd1648a904,,0,,TX,south,TX,1,0,3,senior,0,0,,unspecified,0,2026-09-16T16:13:02.057+00:00,14,2026-09-27,2026-09-30,7,7+ year,0,,,,97.057,,,,,0,0,,ec69db63ada5984c,5276,0,0,0,0,0,0,0,0,0,0,0,0,0,1,0,0,0,0,0,0,0,0,0,0,0,0,0,0
3d9bb7d7a65ca314,Bloom Energy,grid_vendor,Staff Data Engineer,software_data,0,workday,https://bloomenergy.wd1.myworkdayjobs.com/BloomEnergyCareers/job/Fremont-California/Staff-Data-Engineer_JR-21561,bay_area,1,4,CA,west,CA,1,1,4,staff_principal,0,0,28.28,onsite,0,2026-09-02,28,2026-09-27,2026-09-30,,,1,112300.0,161700.0,137000.0,110.72,123735.55,49400.0,text,year,0,0,"$112,300.00 - $161,700.00",50407544fdaba5ae,4958,1,1,0,0,0,1,1,1,1,1,1,1,0,0,0,0,0,0,0,0,1,1,0,0,0,0,0,1
df7aaa136013082f,Bloom Energy,grid_vendor,"Director, Corporate FP&A",market_commercial,0,workday,https://bloomenergy.wd1.myworkdayjobs.com/BloomEnergyCareers/job/San-Jose-California/Director--Corporate-FP-A_JR-24206,bay_area,1,4,CA,west,CA,1,1,6,director,0,0,41.99,unspecified,0,2026-09-01,29,2026-09-27,2026-09-30,10,Minimum of 10 year,1,209100.0,300900.0,255000.0,110.72,230310.69,91800.0,text,year,0,0,"$209,100.00 - $300,900.00",220f5a85a3ff3463,7848,0,0,0,0,0,0,0,0,1,1,0,1,1,0,1,0,0,0,0,0,0,0,0,0,0,0,0,0
ec7806f336480a66,Bloom Energy,grid_vendor,"Principal Software Engineer, Edge Compute",software_data,0,workday,https://bloomenergy.wd1.myworkdayjobs.com/BloomEnergyCareers/job/San-Jose-California/Principal-Software-Engineer--Edge-Compute_JR-21980,bay_area,1,4,CA,west,CA,1,1,4,staff_principal,0,0,41.99,onsite,0,2026-08-04,57,2026-09-27,2026-09-30,10,At least 10 year,1,155800.0,224200.0,190000.0,110.72,171604.05,68400.0,text,year,0,0,"$155,800.00 - $224,200.00",a410fd8290162aec,4464,0,1,0,0,0,0,0,1,1,0,0,1,0,0,0,0,0,0,0,0,1,1,0,0,0,0,0,1
cbde12a6d8fe14f5,Bloom Energy,grid_vendor,Sr. Staff Data Scientist,ai_ml,0,workday,https://bloomenergy.wd1.myworkdayjobs.com/BloomEnergyCareers/job/San-Jose-California/Sr-Staff-Chemical-Engineer_JR-22453,bay_area,1,4,CA,west,CA,1,1,4,staff_principal,0,0,41.99,onsite,0,2026-06-17,105,2026-09-27,2026-09-30,,,1,151700.0,218300.0,185000.0,110.72,167088.15,66600.0,text,year,0,0,"$151,700.00 - $218,300.00",8d9e912d32e872b8,5271,0,1,1,0,0,1,0,1,1,0,0,0,0,0,1,0,0,0,0,0,0,0,0,0,0,0,0,0
6223bed131cbad2b,Bloom Energy,grid_vendor,"Principal Software Engineer, Middleware & Data",software_data,0,workday,https://bloomenergy.wd1.myworkdayjobs.com/BloomEnergyCareers/job/San-Jose-California/Principal-Software-Engineer--Middleware---Data_JR-21982,bay_area,1,4,CA,west,CA,1,1,4,staff_principal,0,0,41.99,onsite,0,2026-06-04,118,2026-09-27,2026-09-30,,,1,155800.0,224200.0,190000.0,110.72,171604.05,68400.0,text,year,0,0,"$155,800.00 - $224,200.00",ff52fab6b46ed7b5,4425,0,1,0,0,0,0,1,1,1,0,0,1,0,0,0,0,0,0,0,0,1,1,0,0,0,0,0,1
11c76c6f3868c0d0,Bloom Energy,grid_vendor,Sr Staff Software Engineer - DevOps,software_data,0,workday,https://bloomenergy.wd1.myworkdayjobs.com/BloomEnergyCareers/job/San-Jose-California/Sr-Staff-Software-Engineer---DevOps_JR-21960-1,bay_area,1,4,CA,west,CA,1,1,4,staff_principal,0,0,41.99,onsite,0,2026-03-23,191,2026-09-27,2026-09-30,6,6-8 year,1,134500.0,193500.0,164000.0,110.72,148121.39,59000.0,text,year,0,0,"$134,500.00 - $193,500.00",fca29f339a929d1a,4778,0,1,0,0,0,1,1,1,1,0,0,1,0,0,1,0,0,0,0,0,1,1,0,0,0,0,0,1
a0cdd88bc11bcd41,Bloom Energy,grid_vendor,"Sr. Staff Software Engineer, Automation",software_data,0,workday,https://bloomenergy.wd1.myworkdayjobs.com/BloomEnergyCareers/job/San-Jose-California/Sr-Staff-Software-Engineer--Automation_JR-21204,bay_area,1,4,CA,west,CA,1,1,4,staff_principal,0,0,41.99,onsite,0,2025-12-16,288,2026-09-27,2026-09-30,,,1,131500.0,189300.0,160400.0,110.72,144869.94,57800.0,text,year,0,0,"$131,500.00 - $189,300.00",321af821e13323fb,4920,0,1,0,0,0,1,0,0,1,0,1,1,0,0,1,0,0,0,0,0,0,0,0,0,0,0,0,0
be335c9f1af9075a,CLEAResult,consulting,"Growth Director, Market Development",siting_dev,0,workday,https://clearesult.wd1.myworkdayjobs.com/CLEAResult_External_Careers/job/Austin-TX---Bridgepoint-Parkway/Growth-Director--Market-Development_R0018170-1,,0,,MI,midwest,MI;MA;PA;OR;CA;AR;AZ;IL;GA;FL;CT;CO;NJ;VA,14,1,6,director,0,0,,remote,0,2026-09-15,15,2026-09-27,2026-09-30,,,0,,,,96.217,,,,,0,0,,c342062d3812830f,4934,0,0,0,0,0,0,0,0,0,0,0,1,0,1,0,0,0,0,0,1,1,1,0,1,1,0,0,1
426078a4c03daddd,California ISO,grid_operator,Reliability and Market Operations Engineer (Hybrid - Onsite Shifts + work from home),market_commercial,0,smartrecruiters,https://api.smartrecruiters.com/v1/companies/CaliforniaISO/postings/744000142182319,los_angeles,1,4,CA,west,CA,1,1,2,mid,0,0,,remote,1,2026-08-07T16:39:32.416Z,54,2026-09-27,2026-09-30,,,1,101700.0,142400.0,122050.0,110.72,110233.02,40700.0,text,year,0,0,"$101,700 - $142,400",c66dd1305f3f2317,5593,1,0,1,0,1,0,0,0,0,0,0,1,1,0,1,0,1,0,0,0,0,0,0,0,0,0,1,1
9758cfe92db41372,California ISO,grid_operator,Lead Policy Developer – Transmission Cost of Service (Hybrid),regulatory,0,smartrecruiters,https://api.smartrecruiters.com/v1/companies/CaliforniaISO/postings/744000140791618,,0,,CA,west,CA,1,1,3,senior,0,0,,hybrid,0,2026-07-31T00:28:32.524Z,61,2026-09-27,2026-09-30,,,1,134250.0,187950.0,161100.0,110.72,145502.17,53700.0,text,year,0,0,"$134,250 - $187,950",39d7ea0b9750b67b,7829,1,0,1,0,0,0,0,0,0,0,0,1,0,1,1,0,0,0,0,0,0,0,0,0,0,0,1,1
007571b44b6b370a,California ISO,grid_operator,Sr Transmission Assets Engineer (Hybrid or Local Remote),grid_power,0,smartrecruiters,https://api.smartrecruiters.com/v1/companies/CaliforniaISO/postings/744000119781430,,0,,CA,west,CA,1,1,3,senior,0,0,,hybrid,0,2026-04-10T02:59:08.643Z,173,2026-09-27,2026-09-30,,,1,116925.0,163695.0,140310.0,110.72,126725.07,46770.0,text,year,0,0,"$116,925 - $163,695",3164405fd170c990,6406,1,0,0,0,0,0,0,0,0,0,0,1,1,0,0,1,0,0,0,0,0,0,0,0,1,0,1,1
8c1ca9e9d3e50901,Capital Power,developer,"Sr. Analyst, Energy Markets - Eastern US",market_commercial,2,workday,https://capitalpower.wd10.myworkdayjobs.com/External/job/Washington-DC/Sr-Analyst--Energy-Markets---Eastern-US_JR807040,,0,,DC,south,DC,1,1,3,senior,0,0,,unspecified,0,2026-07-14,78,2026-09-27,2026-09-30,,,1,140000.0,177000.0,158500.0,109.901,144220.71,37000.0,text,year,0,0,"$140,000-$177,000",021ef173d1072b05,5759,0,1,1,0,0,1,0,0,0,1,0,1,1,0,0,0,0,0,0,0,0,0,1,0,1,0,1,1
b62ee2cf03f6d7c9,Capital Power,developer,"Analyst, Energy Markets",market_commercial,2,workday,https://capitalpower.wd10.myworkdayjobs.com/External/job/Washington-DC/Analyst--Energy-Markets_JR807046-1,,0,,DC,south,DC,1,1,2,mid,0,0,,unspecified,0,2026-07-06,86,2026-09-27,2026-09-29,,,1,100000.0,125000.0,112500.0,109.901,102364.86,25000.0,text,year,0,0,"$100,000 - $125,000",b465d0eb51cf89d1,4827,0,1,0,0,0,1,0,0,0,1,0,1,0,0,1,0,0,0,0,0,0,0,1,0,1,0,0,0
ef8998acfddf498e,Cleco,utility,Transmission Planning Engineer,grid_power,0,workday,https://cleco.wd5.myworkdayjobs.com/ClecoJobs/job/Pineville-LA/Transmission-Planning-Engineer_13269,,0,,LA,south,LA,1,0,2,mid,1,0,,unspecified,0,2026-08-12,49,2026-09-27,2026-09-30,0,explicit no-experience statement,0,,,,88.207,,,,,0,0,,447088234e33577e,5743,1,0,0,0,1,0,0,0,0,0,0,1,1,0,1,0,0,0,0,0,0,0,0,0,0,0,0,0
e88c1220165ae9d9,Cleco,utility,Asset Management Data Analyst,software_data,2,workday,https://cleco.wd5.myworkdayjobs.com/ClecoJobs/job/Pineville-LA/Asset-Management-Data-Analyst_13282,,0,,LA,south,LA,1,0,2,mid,1,0,,unspecified,0,2026-08-03,58,2026-09-27,2026-09-30,3,3 - 8 year,0,,,,88.207,,,,,0,0,,53640b312844ab5f,6044,1,1,0,0,0,0,1,1,1,1,1,1,1,0,1,0,0,0,0,0,0,0,0,0,0,0,0,0
21ccd8057d67881c,Crusoe,data_center,"Senior Production Engineer, Managed AI",ai_ml,0,ashby,https://jobs.ashbyhq.com/Crusoe/96d29d17-1357-486e-bf87-ca315d59b344,bay_area,1,4,CA,west,CA,1,1,3,senior,0,0,0.0,unspecified,0,2026-06-01T22:53:38.417+00:00,121,2026-09-27,2026-09-30,,,1,170000.0,205000.0,187500.0,110.72,169346.1,35000.0,text,year,0,0,"$170,000 - $205,000",7c3374e649dbffc6,4647,0,1,0,0,0,1,0,1,1,0,0,1,1,0,1,0,0,0,0,0,1,1,0,1,1,1,0,0
eaf44ab7acf341c3,Crusoe,data_center,"Sr. Staff Software Engineer, Managed Platform Services",software_data,0,ashby,https://jobs.ashbyhq.com/Crusoe/ccdaa39d-9a9a-4fbe-a27a-98b2522d6940,bay_area,1,4,CA,west,CA,1,1,4,staff_principal,0,0,0.0,unspecified,0,2026-06-24T21:09:34.652+00:00,98,2026-09-27,2026-09-30,10,10+ year,1,250000.0,300000.0,275000.0,110.72,248374.28,50000.0,text,year,0,0,"$250,000 -$300,000",11789e1bde963b04,7540,0,0,0,0,0,0,0,1,1,0,0,1,0,1,1,1,1,0,0,0,1,1,0,1,1,1,0,1
e2a2c15fb6cbe916,Crusoe,data_center,"Staff Software Engineer, CAPE",software_data,0,ashby,https://jobs.ashbyhq.com/Crusoe/b69c0bdb-e44e-4d8a-996b-d98558e65d07,bay_area,1,4,CA,west,CA,1,1,4,staff_principal,0,0,0.0,unspecified,0,2026-09-23T20:05:57.609+00:00,7,2026-09-27,2026-09-30,10,10+ year,1,209000.0,253000.0,231000.0,110.72,208634.39,44000.0,text,year,0,0,"$209,000 - $253,000",f996148bc6d3c893,5346,1,1,0,0,0,0,0,1,1,0,0,1,1,1,1,0,0,0,0,0,1,1,0,1,1,1,0,0
a1f88079838006db,Crusoe,data_center,"Senior Software Engineer, Managed Orchestration (Managed Kubernetes)",software_data,0,ashby,https://jobs.ashbyhq.com/Crusoe/ddb454e7-790e-4964-a95c-da5046ed78bb,bay_area,1,4,CA,west,CA,1,1,3,senior,0,0,0.0,unspecified,0,2025-06-06T20:45:16.018+00:00,481,2026-09-27,2026-09-30,2,2+ year,1,180000.0,210000.0,195000.0,110.72,176119.94,30000.0,text,year,0,0,"$180,000 - $210,000",9eed062004f72b92,5070,0,1,0,0,0,0,0,1,1,0,0,1,1,0,1,0,0,0,0,0,1,1,0,1,1,1,0,1
9a569029ed4cf93b,Crusoe,data_center,"Staff Software Engineer, Managed Orchestration (Managed Kubernetes)",software_data,0,ashby,https://jobs.ashbyhq.com/Crusoe/44ea82ec-754b-4609-b12c-bdac808def4d,bay_area,1,4,CA,west,CA,1,1,4,staff_principal,0,0,0.0,unspecified,0,2026-05-12T20:49:44.322+00:00,141,2026-09-27,2026-09-30,2,2+ year,1,220000.0,250000.0,235000.0,110.72,212247.11,30000.0,text,year,0,0,"$220,000 - $250,000",64ca941426ec6e5b,5069,0,1,0,0,0,0,0,1,1,0,0,1,1,0,1,0,0,0,0,0,1,1,0,1,1,1,0,1
499e08e1595250e6,Crusoe,data_center,"Director, Development",siting_dev,0,ashby,https://jobs.ashbyhq.com/Crusoe/433957ab-0dd3-4377-8105-0a1c2f640ff2,bay_area,1,4,CA,west,CA,1,1,6,director,0,0,0.0,onsite,0,2026-09-17T18:43:44.274+00:00,13,2026-09-27,2026-09-28,10,Minimum 10 year,1,230000.0,280000.0,255000.0,110.72,230310.69,50000.0,text,year,0,0,"$230,000 - $280,000",7617ba863fcc6e2d,5046,0,0,0,0,0,0,0,0,1,0,0,0,0,0,1,0,0,0,0,0,1,1,0,1,1,1,0,1
be1ba65339c5cfd8,Crusoe,data_center,"Staff Software Engineer, Developer Experience",software_data,0,ashby,https://jobs.ashbyhq.com/Crusoe/7081cd4c-dda9-44d0-a4aa-41d4a5b7ddb9,bay_area,1,4,CA,west,CA,1,1,4,staff_principal,0,0,0.0,unspecified,0,2026-06-08T22:03:27.755+00:00,114,2026-09-27,2026-09-30,,,1,208725.0,253000.0,230862.5,110.72,208510.21,44275.0,text,year,0,0,"$208,725 - $253,000",d05bb33307dac505,6977,1,1,1,0,0,0,0,1,1,0,0,0,0,0,1,0,0,0,0,0,1,1,0,1,1,1,0,1
8e8774421f04a6d6,Crusoe,data_center,Senior Data Scientist,ai_ml,0,ashby,https://jobs.ashbyhq.com/Crusoe/a977aa96-1c7e-48e8-883b-19a1f59e9b2d,bay_area,1,4,CA,west,CA,1,1,3,senior,0,0,35.04,unspecified,0,2026-03-11T20:29:45.685+00:00,203,2026-09-27,2026-09-30,,,1,166000.0,200000.0,183000.0,110.72,165281.79,34000.0,text,year,0,0,"$166,000 - $200,000",19c54d61ab2bf74e,4544,0,1,1,0,0,1,1,1,1,1,0,1,0,0,1,0,0,0,0,0,1,1,0,1,1,1,0,1
96c23f9b9b92afa5,Crusoe,data_center,"Senior Software Engineer, Storage",software_data,0,ashby,https://jobs.ashbyhq.com/Crusoe/d957b171-6c62-4c69-9e34-4fbd4a366601,bay_area,1,4,CA,west,CA,1,1,3,senior,0,0,0.0,unspecified,0,2025-08-26T20:24:28.000+00:00,400,2026-09-27,2026-09-30,,,1,166000.0,201000.0,183500.0,110.72,165733.38,35000.0,text,year,0,0,"$166,000 - $201,000",2fe7564694207792,5331,0,0,0,0,0,0,0,0,1,0,0,1,0,0,1,0,0,0,0,0,1,1,0,1,1,1,0,1
5e46e224cddc4e15,Crusoe,data_center,"Senior Backend Software Engineer - Core Backend, Cloud Customer Experience",software_data,0,ashby,https://jobs.ashbyhq.com/Crusoe/21ff8438-535e-4846-ac5b-fec56acffe48,bay_area,1,4,CA,west,CA,1,1,3,senior,0,0,0.0,unspecified,0,2026-08-31T17:43:02.403+00:00,30,2026-09-27,2026-09-30,3,3+ year,1,170000.0,205000.0,187500.0,110.72,169346.1,35000.0,text,year,0,0,"$170,000 - 205,000",ef1b5b98a010359a,9808,0,0,0,0,0,0,1,1,1,0,1,1,1,1,1,0,1,0,0,0,1,1,0,1,1,1,0,1
60415828f7e191f8,Crusoe,data_center,Senior Staff Technical Project Manager - Spark Product Development and NPI,siting_dev,0,ashby,https://jobs.ashbyhq.com/Crusoe/cd54474a-b215-4600-80ab-89f66c9b1379,denver,1,3,CO,west,CO,1,1,5,manager,0,0,0.0,unspecified,0,2026-09-22T23:54:49.418+00:00,8,2026-09-27,2026-09-30,8,8-12+ year,1,175000.0,215000.0,195000.0,103.052,189224.86,40000.0,text,year,0,0,"$175,000-$215,000",0af0c6d565f34f64,8740,0,1,0,0,1,0,0,0,1,0,1,1,0,0,1,1,0,0,0,0,1,1,0,1,1,1,0,1
935bbdc254d6a538,Crusoe,data_center,"Senior Software Engineer, Data Platform",software_data,0,ashby,https://jobs.ashbyhq.com/Crusoe/a1adc254-151a-48a0-b609-0d37db879919,bay_area,1,4,CA,west,CA,1,1,3,senior,0,0,0.0,remote,1,2026-09-10T20:22:35.247+00:00,20,2026-09-27,2026-09-30,5,5+ year,1,170000.0,205000.0,187500.0,110.72,169346.1,35000.0,text,year,0,0,"$170,000 - $205,000",822c24b5dd64121c,5949,1,1,0,0,0,1,1,1,1,0,1,1,1,1,1,0,0,0,0,0,1,1,0,1,1,1,0,1
ce77091fc59a4021,Crusoe,data_center,"Staff Software Engineer, Storage",software_data,0,ashby,https://jobs.ashbyhq.com/Crusoe/f28a39ed-6b2e-42ff-9f3a-23cab436abbe,bay_area,1,4,CA,west,CA,1,1,4,staff_principal,0,0,0.0,unspecified,0,2026-04-08T22:43:40.781+00:00,175,2026-09-27,2026-09-30,12,12+ year,1,215000.0,260000.0,237500.0,110.72,214505.06,45000.0,text,year,0,0,"$215,000 - $260,000",ab18ed9fbb32132f,5932,0,1,1,0,0,0,0,1,1,0,1,0,0,0,1,0,0,0,0,0,1,1,0,1,1,1,0,1
5b9b30505374c4f6,Crusoe,data_center,"Software Engineer II, Managed Platform Services",software_data,2,ashby,https://jobs.ashbyhq.com/Crusoe/d4287b1b-c78b-44fb-bd2b-d2cca26cdc2a,bay_area,1,4,CA,west,CA,1,1,2,mid,1,0,0.0,unspecified,0,2026-06-25T00:02:39.575+00:00,97,2026-09-27,2026-09-30,3,3-5 year,1,140000.0,165000.0,152500.0,110.72,137734.83,25000.0,text,year,0,0,"$140,000 -$165,000",cd5dca3796ea47c3,6723,1,1,0,0,0,0,0,1,1,0,0,1,1,1,1,0,0,0,0,0,1,1,0,1,1,1,0,0
3248630fef854a17,Crusoe,data_center,"Staff Software Engineer, DC Infrastructure",software_data,0,ashby,https://jobs.ashbyhq.com/Crusoe/9469308d-d063-4449-bd53-3043836b1a0e,bay_area,1,4,CA,west,CA,1,1,4,staff_principal,0,0,0.0,unspecified,0,2026-08-12T22:50:13.339+00:00,49,2026-09-27,2026-09-30,,,1,215000.0,260000.0,237500.0,110.72,214505.06,45000.0,text,year,0,0,"$215,000 - $260,000",71751aa9ce60e0ba,5538,0,1,0,0,0,1,0,1,1,0,0,0,0,0,1,0,0,0,0,0,1,1,0,1,1,1,0,0
1d4a008204ed9f66,Crusoe,data_center,"Staff Software Engineer, Networking",software_data,0,ashby,https://jobs.ashbyhq.com/Crusoe/2434efc4-dfa9-4a52-89ff-663bf927d8a1,bay_area,1,4,CA,west,CA,1,1,4,staff_principal,0,0,0.0,unspecified,0,2026-08-31T16:23:39.874+00:00,30,2026-09-27,2026-09-30,8,8+ year,1,215000.0,260000.0,237500.0,110.72,214505.06,45000.0,text,year,0,0,"$215,000 - $260,000",26d3d5e01a6f9f3d,5286,1,1,1,0,0,0,0,1,1,0,0,1,0,1,1,0,0,0,0,0,1,1,0,1,1,1,0,1
c0ab48075ca8098f,Crusoe,data_center,"Software Engineer II, Storage",software_data,2,ashby,https://jobs.ashbyhq.com/Crusoe/00fb8ce3-aaee-41c3-8016-18829f6b80ff,bay_area,1,4,CA,west,CA,1,1,2,mid,0,0,0.0,unspecified,0,2026-03-27T18:03:44.804+00:00,187,2026-09-27,2026-09-30,,,1,136000.0,160500.0,148250.0,110.72,133896.32,24500.0,text,year,0,0,"$136,000 -$160,500",805bcdc5af58457f,5484,1,1,1,0,0,0,0,1,1,0,0,1,0,0,1,0,0,0,0,0,1,1,0,1,1,1,0,0
df19b5e77d1644c9,Crusoe,data_center,"Senior Software Engineer, Developer Experience",software_data,0,ashby,https://jobs.ashbyhq.com/Crusoe/234c4f43-1072-48d0-8e3e-abea34f4770f,bay_area,1,4,CA,west,CA,1,1,3,senior,0,0,0.0,unspecified,0,2026-07-22T21:11:32.135+00:00,70,2026-09-27,2026-09-30,,,1,172425.0,209000.0,190712.5,110.72,172247.56,36575.0,text,year,0,0,"$172,425 - $209,000",73b9eeee3bdfaf07,6588,1,1,1,0,0,0,0,1,1,0,0,0,0,0,1,0,0,0,0,0,1,1,0,1,1,1,0,1
86502abcb226d35a,Crusoe,data_center,"Staff Software Engineer, Systems Engineering Focus",software_data,0,ashby,https://jobs.ashbyhq.com/Crusoe/42e9d3e0-0f19-4199-8b92-8d3b7a1efe83,bay_area,1,4,CA,west,CA,1,1,4,staff_principal,0,0,0.0,unspecified,0,2026-04-10T20:19:13.993+00:00,173,2026-09-27,2026-09-30,,,1,210000.0,255000.0,232500.0,110.72,209989.16,45000.0,text,year,0,0,"$210,000 - $255,000",82e6ad2229820a74,6854,0,1,0,0,0,1,0,1,1,0,0,1,0,1,1,1,1,0,0,0,1,1,0,1,1,1,0,1
ece8fb98e93db3e0,Crusoe,data_center,"Senior Staff Software Engineer, Managed Orchestration",software_data,0,ashby,https://jobs.ashbyhq.com/Crusoe/27fa0a3e-a2d8-4844-8ccd-4dfc5a0f3a2a,bay_area,1,4,CA,west,CA,1,1,4,staff_principal,0,0,0.0,unspecified,0,2026-04-15T18:00:47.067+00:00,168,2026-09-27,2026-09-29,3,3+ year,1,237600.0,288000.0,262800.0,110.72,237355.49,50400.0,text,year,0,0,"$237,600 -$288,000",051ea51440db9174,6450,0,1,0,0,0,0,0,1,1,0,0,1,1,1,1,1,0,0,0,0,1,1,0,1,1,1,0,1
ef62a72ebcd3d738,Crusoe,data_center,"Staff Software Engineer, Billing Platform",software_data,0,ashby,https://jobs.ashbyhq.com/Crusoe/13f64cc5-77f1-4b04-99a3-c49aaef0e7ca,bay_area,1,4,CA,west,CA,1,1,4,staff_principal,0,0,0.0,unspecified,0,2026-07-07T20:36:16.918+00:00,85,2026-09-27,2026-09-30,7,7+ year,1,215000.0,260000.0,237500.0,110.72,214505.06,45000.0,text,year,0,0,"$215,000 - $260,000",5add10bf4ec39c76,6640,0,1,0,0,0,0,0,0,1,0,0,1,1,1,1,1,0,0,0,0,1,1,0,1,1,1,0,1
5e910c80a4504888,Crusoe,data_center,"Senior Staff Software Engineer, Billing Platform",software_data,0,ashby,https://jobs.ashbyhq.com/Crusoe/21ac9f73-82cc-4d16-a7d7-59095d2ea8d3,bay_area,1,4,CA,west,CA,1,1,4,staff_principal,0,0,0.0,unspecified,0,2026-09-24T23:49:11.132+00:00,6,2026-09-27,2026-09-30,9,9+ year,1,250000.0,300000.0,275000.0,110.72,248374.28,50000.0,text,year,0,0,"$250,000 - $300,000",6c7f5b189093df60,6793,0,1,0,0,0,0,0,0,1,0,0,1,1,1,1,1,0,0,0,0,1,1,0,1,1,1,0,1
2c3bb39d1e979a77,Crusoe,data_center,"Engineer, Load Integration & Model Development",siting_dev,0,ashby,https://jobs.ashbyhq.com/Crusoe/9e569e68-2026-4c5d-98d3-2b7579182299,bay_area,1,4,CA,west,CA,1,1,2,mid,1,0,0.0,onsite,0,2026-09-17T18:43:14.663+00:00,13,2026-09-27,2026-09-30,2,2+ year,1,125000.0,145000.0,135000.0,110.72,121929.19,20000.0,text,year,0,0,"$125,000 - $145,000",a9d0be764e126dbe,4227,1,0,1,0,0,0,0,0,1,0,0,0,0,0,1,1,0,0,0,0,1,1,0,1,1,1,0,0
2beeb026d4af7fb1,Crusoe,data_center,"Senior Engineer, Load Integration & Model Development",siting_dev,0,ashby,https://jobs.ashbyhq.com/Crusoe/6c7fe08a-5340-4d7b-a799-90fd40e995d0,remote_national,0,0,,,,0,0,3,senior,0,0,,remote,1,2026-09-17T18:42:56.737+00:00,13,2026-09-27,2026-09-30,3,3+ year,1,175000.0,210000.0,192500.0,,,35000.0,text,year,0,0,"$175,000 - $210,000",3480001a1c25eb37,4724,1,0,1,0,0,1,0,0,1,0,0,0,1,0,1,0,0,0,0,0,1,1,0,1,1,1,0,0
9ef03470a9908ab2,Crusoe,data_center,"Senior Director, Development",siting_dev,0,ashby,https://jobs.ashbyhq.com/Crusoe/39b0cb5f-29e4-49fe-a388-9d04adc1c4b9,,0,,TX,south,TX,1,0,6,director,0,0,,onsite,0,2026-06-02T16:42:34.572+00:00,120,2026-09-27,2026-09-28,15,15+ year,1,250000.0,305000.0,277500.0,97.057,285914.46,55000.0,text,year,0,0,"$250,000 -$305,000",498f2e436b2af35e,5632,0,0,1,0,0,0,0,0,1,0,0,1,0,0,1,1,0,0,0,0,1,1,0,1,1,1,0,1
f72acd37a34ecbba,Crusoe,data_center,"Senior Software Engineer, Security",software_data,0,ashby,https://jobs.ashbyhq.com/Crusoe/2c2b4dd4-0212-42ef-bfa6-d70590e751a7,bay_area,1,4,CA,west,CA,1,1,3,senior,0,0,0.0,unspecified,0,2026-06-18T19:44:45.149+00:00,104,2026-09-27,2026-09-30,3,3+ year,1,175000.0,210000.0,192500.0,110.72,173861.99,35000.0,text,year,0,0,"$175,000 - $210,000",3bad8459bd32de38,6606,1,1,0,0,0,0,0,1,1,1,0,1,0,0,1,1,0,0,0,0,1,1,0,1,1,1,0,1
f09bfebb2cad0a42,Crusoe,data_center,"Senior Staff Software Engineer, Founding BMC",software_data,0,ashby,https://jobs.ashbyhq.com/Crusoe/dbc41e5c-97be-4859-9bca-2b2bfb41fa00,bay_area,1,4,CA,west,CA,1,1,4,staff_principal,0,0,35.04,unspecified,0,2026-07-09T18:02:32.833+00:00,83,2026-09-27,2026-09-30,8,8+ year,1,237000.0,288000.0,262500.0,110.72,237084.54,51000.0,text,year,0,0,"$237,000 -$288,000",989097e4703ebc6a,6811,0,0,0,0,0,1,0,0,1,0,0,0,0,1,1,1,0,0,0,0,1,1,0,1,1,1,0,1
01059664008685b3,Crusoe,data_center,"Senior Software Engineer, Billing Platform",software_data,0,ashby,https://jobs.ashbyhq.com/Crusoe/59c7d6a0-436f-45bb-8abb-f24329d3eda1,bay_area,1,4,CA,west,CA,1,1,3,senior,0,0,0.0,unspecified,0,2026-06-11T17:16:59.416+00:00,111,2026-09-27,2026-09-30,4,4-6 year,1,170000.0,205000.0,187500.0,110.72,169346.1,35000.0,text,year,0,0,"$170,000 - $205,000",dcfc42d1798d7267,6393,0,0,0,0,0,0,0,0,1,0,0,1,1,1,1,1,0,0,0,0,1,1,0,1,1,1,0,1
e1a8356a4f2eccaa,Crusoe,data_center,"Staff Software Engineer, Cloud Monitoring Service (Distributed Systems)",software_data,0,ashby,https://jobs.ashbyhq.com/Crusoe/8542fd03-9a05-4c2b-800e-3106ed14af6f,bay_area,1,4,CA,west,CA,1,1,4,staff_principal,0,0,0.0,unspecified,0,2026-07-08T19:09:06.928+00:00,84,2026-09-27,2026-09-30,8,8+ year,1,215000.0,260000.0,237500.0,110.72,214505.06,45000.0,text,year,0,0,"$215,000 -$260,000",3c0fbf841c573613,6268,0,0,0,0,0,0,0,1,1,0,1,1,1,0,1,1,1,0,0,0,1,1,0,1,1,1,0,1
59361126179859d3,Crusoe,data_center,"Associate, Capital Markets",market_commercial,1,ashby,https://jobs.ashbyhq.com/Crusoe/f581dfe7-d2c4-4a22-9974-b9d93e8c3293,new_york,1,4,NY,northeast,NY,1,1,1,entry,1,0,0.0,unspecified,0,2026-08-26T20:24:05.605+00:00,35,2026-09-27,2026-09-30,,,1,130000.0,160000.0,145000.0,107.921,134357.54,30000.0,text,year,0,0,"$130,000 - $160,000",020fb6bca5b1f761,5494,0,0,0,0,0,0,0,0,1,0,0,0,0,0,1,0,0,0,0,0,1,1,0,1,1,1,0,1
d43f67767fda1f9a,Crusoe,data_center,"Senior Software Engineer, Cloud Monitoring Service",software_data,0,ashby,https://jobs.ashbyhq.com/Crusoe/7dd7d216-98cc-4b82-829b-c3376caadfb6,bay_area,1,4,CA,west,CA,1,1,3,senior,0,0,0.0,unspecified,0,2026-07-08T19:08:29.551+00:00,84,2026-09-27,2026-09-30,5,5+ year,1,175000.0,210000.0,192500.0,110.72,173861.99,35000.0,text,year,0,0,"$175,000 -$210,000",85d80803265d64f3,5926,0,0,0,0,0,0,0,1,1,0,0,1,1,1,1,1,1,0,0,0,1,1,0,1,1,1,0,1
7b9267cc129a664b,Crusoe,data_center,Senior Software Engineer (DCIE),software_data,0,ashby,https://jobs.ashbyhq.com/Crusoe/21f67070-cd23-45f7-be88-8c6200809b68,bay_area,1,4,CA,west,CA,1,1,3,senior,0,0,0.0,unspecified,0,2026-08-04T22:07:05.650+00:00,57,2026-09-27,2026-09-30,4,4-6 year,1,170000.0,205000.0,187500.0,110.72,169346.1,35000.0,text,year,0,0,"$170,000 - $205,000",792595850bd309b6,4992,0,1,0,0,0,1,0,1,1,0,0,0,0,0,1,0,0,0,0,0,1,1,0,1,1,1,0,0
5bdd833789fe8018,Crusoe,data_center,"Engineering Manager, AI Platform",ai_ml,0,ashby,https://jobs.ashbyhq.com/Crusoe/62476ae3-87b9-41df-9d3b-3d0e95bdb930,bay_area,1,4,CA,west,CA,1,1,5,manager,0,0,0.0,unspecified,0,2026-08-13T17:24:38.273+00:00,48,2026-09-27,2026-09-30,3,3+ year,1,215000.0,260000.0,237500.0,110.72,214505.06,45000.0,text,year,0,0,"$215,000 - 260.000",44ceadc61a763b9f,5752,0,1,0,0,0,1,0,1,1,0,0,1,0,1,1,1,0,0,0,0,1,1,0,1,1,1,0,1
ddaeac94bda33399,Crusoe,data_center,"Senior Director, Development",siting_dev,0,ashby,https://jobs.ashbyhq.com/Crusoe/e1e65ac9-dc7d-45d6-a85f-0d959b02e0d0,bay_area,1,4,CA,west,CA,1,1,6,director,0,0,0.0,onsite,0,2026-07-29T19:28:15.890+00:00,63,2026-09-27,2026-09-28,15,15+ year,1,270000.0,325000.0,297500.0,110.72,268695.81,55000.0,text,year,0,0,"$270,000 -$325,000",c3eb0330d1833ba6,5638,0,0,1,0,0,0,0,0,1,0,0,1,0,0,1,1,0,0,0,0,1,1,0,1,1,1,0,1
706732794b6d92fe,Crusoe,data_center,Principal Systems Software Engineer,software_data,0,ashby,https://jobs.ashbyhq.com/Crusoe/a1ad6adb-6706-4490-9512-fd8fcb51dae9,bay_area,1,4,CA,west,CA,1,1,4,staff_principal,0,0,0.0,unspecified,0,2026-08-05T20:07:39.852+00:00,56,2026-09-27,2026-09-30,12,12+ year,1,260000.0,340000.0,300000.0,110.72,270953.76,80000.0,text,year,0,0,"$260,000 - $340,000",36e0e49eb53003c5,6460,1,1,1,0,0,0,0,1,1,0,0,1,0,1,1,0,0,0,0,0,1,1,0,1,1,1,0,1
072586093e9c6069,Crusoe,data_center,"Staff Software Engineer, Crusoe Container Registry",software_data,0,ashby,https://jobs.ashbyhq.com/Crusoe/661beff3-5ae4-465a-8c81-c87cdc6067e7,bay_area,1,4,CA,west,CA,1,1,4,staff_principal,0,0,0.0,unspecified,0,2026-08-14T18:50:43.888+00:00,47,2026-09-27,2026-09-30,8,8+ year,1,215000.0,260000.0,237500.0,110.72,214505.06,45000.0,text,year,0,0,"$215,000 -$260,000",f61ba31a6672da17,6404,0,0,0,0,0,0,0,1,1,0,0,0,0,0,1,1,0,0,0,0,1,1,0,1,1,1,0,1
8bc07d2c0ab3f698,Crusoe,data_center,"Senior Staff Software Engineer, SDN Architecture",software_data,0,ashby,https://jobs.ashbyhq.com/Crusoe/9a539958-c8c8-43d9-b075-dea8ebc9b799,bay_area,1,4,CA,west,CA,1,1,4,staff_principal,0,0,0.0,remote,1,2026-08-04T19:52:57.600+00:00,57,2026-09-27,2026-09-30,8,8+ year,1,250000.0,300000.0,275000.0,110.72,248374.28,50000.0,text,year,0,0,"$250,000 to $300,000",5c28845f6a8715c5,6999,1,1,0,0,0,0,0,0,1,0,0,1,0,1,1,1,0,0,0,0,1,1,0,1,1,1,0,1
49ba0d6ccfe68c89,Crusoe,data_center,"Senior Staff Software Engineer, DC Infrastructure",software_data,0,ashby,https://jobs.ashbyhq.com/Crusoe/d0e72f9f-37af-4391-98cd-4e187cd224ae,bay_area,1,4,CA,west,CA,1,1,4,staff_principal,0,0,0.0,unspecified,0,2026-08-12T22:51:19.788+00:00,49,2026-09-27,2026-09-30,,,1,250000.0,300000.0,275000.0,110.72,248374.28,50000.0,text,year,0,0,"$250,000 - $300,000",c16786cebff90d4c,5538,0,1,0,0,0,1,0,1,1,0,0,0,0,0,1,0,0,0,0,0,1,1,0,1,1,1,0,0
3f581544fabe59f6,Crusoe,data_center,"Senior Software Engineer, Network Tooling",software_data,0,ashby,https://jobs.ashbyhq.com/Crusoe/a6043dea-1b46-456c-8d2c-5b44e1660975,bay_area,1,4,CA,west,CA,1,1,3,senior,0,0,0.0,unspecified,0,2026-08-19T21:26:34.699+00:00,42,2026-09-27,2026-09-30,5,5+ year,1,170000.0,205000.0,187500.0,110.72,169346.1,35000.0,text,year,0,0,"$170,000 - $205,000",0cd81b1384f6e903,6304,0,1,0,0,0,1,0,1,1,0,0,1,1,1,1,1,0,0,0,0,1,1,0,1,1,1,0,1
e97d7d7ce83b1d0b,Crusoe,data_center,"Software Engineer I, Network",software_data,1,ashby,https://jobs.ashbyhq.com/Crusoe/9a5223c4-9eb7-4fdb-b97c-f43525df35ed,bay_area,1,4,CA,west,CA,1,1,1,entry,1,0,0.0,unspecified,0,2026-09-16T22:52:30.178+00:00,14,2026-09-27,2026-09-30,,,1,117000.0,138000.0,127500.0,110.72,115155.35,21000.0,text,year,0,0,"$117,000 - $138,000",98cb1368c3fb37b9,5771,1,1,0,1,0,0,0,0,1,0,0,1,1,0,1,1,0,0,0,0,1,1,0,1,1,1,0,1
555176c72a4ceb58,Crusoe,data_center,"Principal Product Manager, AI Infrastructure (Networking)",ai_ml,0,ashby,https://jobs.ashbyhq.com/Crusoe/9b5f4d44-a1da-4149-892c-0883de3bba54,bay_area,1,4,CA,west,CA,1,1,5,manager,0,0,35.04,unspecified,0,2026-08-27T22:37:15.955+00:00,34,2026-09-27,2026-09-30,2,2-4 year,1,285000.0,335000.0,310000.0,110.72,279985.55,50000.0,text,year,0,0,"$285,000 - $335,000",a7f3f19b25f2d70c,6411,1,1,0,0,0,0,0,0,1,0,0,0,1,1,1,1,0,0,0,0,1,1,0,1,1,1,0,1
112516e614e106b2,Crusoe,data_center,"Principal Product Manager, AI Infrastructure (Storage)",ai_ml,0,ashby,https://jobs.ashbyhq.com/Crusoe/9e94c3c9-9941-42a8-9638-bb862532ba7a,bay_area,1,4,CA,west,CA,1,1,5,manager,0,0,0.0,unspecified,0,2026-08-28T05:23:28.189+00:00,33,2026-09-27,2026-09-30,2,2-4 year,1,285000.0,335000.0,310000.0,110.72,279985.55,50000.0,text,year,0,0,"$285,000 - $335,000",e09148cf562b3af5,6502,1,1,0,0,0,0,0,1,1,0,0,0,1,1,1,1,0,0,0,0,1,1,0,1,1,1,0,1
22efee310030410e,Crusoe,data_center,"Staff Product Manager, AI Infrastructure (Storage)",ai_ml,0,ashby,https://jobs.ashbyhq.com/Crusoe/8fb0e3f5-3b65-4680-90a7-b5480b23eeeb,bay_area,1,4,CA,west,CA,1,1,5,manager,0,0,0.0,unspecified,0,2026-08-28T23:55:33.836+00:00,33,2026-09-27,2026-09-30,5,5+ year,1,200000.0,240000.0,220000.0,110.72,198699.42,40000.0,text,year,0,0,"$200,000 - $240,000",ce5f26ddf5abf99e,6256,1,1,0,0,0,0,0,0,1,0,0,1,0,1,1,1,0,0,0,0,1,1,0,1,1,1,0,1
09163632a83062cc,Crusoe,data_center,"Staff Software Engineer, Internal Tools & Automation",software_data,0,ashby,https://jobs.ashbyhq.com/Crusoe/f84de7ef-c151-4454-88e5-8afe40d0a300,bay_area,1,4,CA,west,CA,1,1,4,staff_principal,0,0,0.0,unspecified,0,2026-09-03T20:31:10.830+00:00,27,2026-09-27,2026-09-30,8,8+ year,1,215000.0,260000.0,237500.0,110.72,214505.06,45000.0,text,year,0,0,"$215,000 -$260,000",2919478dffb7e33f,6434,0,0,0,0,0,0,1,0,1,1,1,1,0,0,1,1,0,0,0,0,1,1,0,1,1,1,0,1
85bd76ef39a2feb9,Crusoe,data_center,"Senior Manager, Demand Planning and Market Economics",market_commercial,0,ashby,https://jobs.ashbyhq.com/Crusoe/e6889f50-a601-4a45-8df2-55814899289e,denver,1,3,CO,west,CO,1,1,5,manager,0,0,0.0,unspecified,0,2026-09-03T00:35:49.796+00:00,27,2026-09-27,2026-09-29,7,7+ year,1,195000.0,235000.0,215000.0,103.052,208632.54,40000.0,text,year,0,0,"$195,000-$235,000",cde2c369c905a441,5257,1,0,0,0,0,0,1,0,1,0,1,0,1,0,1,1,0,0,0,0,1,1,0,1,1,1,0,1
ed3d79ac0db9fa90,Crusoe,data_center,Staff Applied AI Inference Engineer,ai_ml,0,ashby,https://jobs.ashbyhq.com/Crusoe/0aae94c4-9fe6-4275-be3c-6c397345f7f4,bay_area,1,4,CA,west,CA,1,1,4,staff_principal,0,0,0.0,unspecified,0,2026-09-08T22:09:28.459+00:00,22,2026-09-27,2026-09-30,,,1,215000.0,260000.0,237500.0,110.72,214505.06,45000.0,text,year,0,0,"$215,000 - $260,000",7a22db53acca73c0,6819,0,1,1,0,0,1,0,1,1,0,0,0,1,0,1,1,0,0,0,0,1,1,0,1,1,1,0,1
15b155ff952fa51a,Crusoe,data_center,"Vice President, Product Management, Managed AI",ai_ml,0,ashby,https://jobs.ashbyhq.com/Crusoe/40d87d12-e3b2-4d42-ac31-3316798dbb32,bay_area,1,4,CA,west,CA,1,1,7,executive,0,0,0.0,unspecified,0,2026-09-10T16:08:32.074+00:00,20,2026-09-27,2026-09-30,,,1,345000.0,385000.0,365000.0,110.72,329660.4,40000.0,text,year,0,0,"$345,000 – $385,000",4c6a1ec74cbf5af3,6422,0,0,0,0,0,0,0,0,1,0,0,1,0,1,1,1,0,0,0,0,1,1,0,1,1,1,0,1
84dcb81b48c6e299,Crusoe,data_center,Senior Staff Applied AI Inference Engineer,ai_ml,0,ashby,https://jobs.ashbyhq.com/Crusoe/cdca4752-d6b5-4df4-b121-57826b41d4b5,bay_area,1,4,CA,west,CA,1,1,4,staff_principal,0,0,0.0,unspecified,0,2026-09-22T16:20:41.854+00:00,8,2026-09-27,2026-09-30,,,1,250000.0,300000.0,275000.0,110.72,248374.28,50000.0,text,year,0,0,"$250,000 - $300,000",4ac6a95bd7120ae7,6819,0,1,1,0,0,1,0,1,1,0,0,0,1,0,1,1,0,0,0,0,1,1,0,1,1,1,0,1
9a19f47b242b4909,Crusoe,data_center,"Senior Manager, Engineering - AI Inference",ai_ml,0,ashby,https://jobs.ashbyhq.com/Crusoe/15c35458-7da0-4d69-9269-344244093f89,bay_area,1,4,CA,west,CA,1,1,5,manager,0,0,0.0,unspecified,0,2026-09-23T17:36:20.944+00:00,7,2026-09-27,2026-09-30,2,2+ year,1,250000.0,300000.0,275000.0,110.72,248374.28,50000.0,text,year,0,0,"$250,000 - $300,000",1e20602a2bebe484,7202,0,1,1,0,0,1,0,1,1,0,0,0,1,0,1,1,0,0,0,0,1,1,0,1,1,1,0,1
8c1004b7b3384a57,Customized Energy Solutions,energy_analytics,"Senior Consultant, Market Intelligence - ERCOT",market_commercial,0,smartrecruiters,https://api.smartrecruiters.com/v1/companies/CustomizedEnergySolutions/postings/744000147497984,,0,,TX,south,TX,1,0,3,senior,0,0,,unspecified,0,2026-09-04T12:18:49.672Z,26,2026-09-27,2026-09-30,,,0,,,,97.057,,,,,0,0,,16434121bf6c5012,5526,1,0,1,0,0,0,0,0,0,0,0,1,1,0,1,1,0,0,0,0,1,0,0,0,1,0,0,1
5f430af1cfe3d552,Customized Energy Solutions,energy_analytics,"Analyst, Wholesale Energy Services - Midwest Region",other,2,smartrecruiters,https://api.smartrecruiters.com/v1/companies/CustomizedEnergySolutions/postings/744000147143129,,0,,PA,northeast,PA,1,0,2,mid,0,0,,unspecified,0,2026-09-03T02:56:33.861Z,27,2026-09-27,2026-09-30,,,0,,,,97.572,,,,,0,0,,db9f3fb7e454a82f,7005,1,1,1,0,0,0,1,0,0,0,0,1,1,1,1,0,0,0,0,0,1,1,1,0,0,1,0,0
faeae733faddb931,Customized Energy Solutions,energy_analytics,Renewable Compliance Analyst,regulatory,2,smartrecruiters,https://api.smartrecruiters.com/v1/companies/CustomizedEnergySolutions/postings/744000143488149,,0,,PA,northeast,PA,1,0,2,mid,1,0,,unspecified,0,2026-08-14T10:52:59.308Z,47,2026-09-27,2026-09-30,2,2+ year,1,60000.0,80000.0,70000.0,97.572,71741.89,20000.0,structured,year,0,0,,8a3eb0743b3d60d1,5381,1,0,0,0,0,0,0,0,0,0,0,1,1,1,1,0,0,0,0,0,1,1,1,0,0,1,0,0
f407610073b08db7,Customized Energy Solutions,energy_analytics,Senior Consultant - Market Intelligence (NYISO),market_commercial,0,smartrecruiters,https://api.smartrecruiters.com/v1/companies/CustomizedEnergySolutions/postings/744000138725960,new_york,1,4,NY,northeast,NY,1,1,3,senior,0,0,0.0,unspecified,0,2026-07-20T20:45:31.987Z,72,2026-09-27,2026-09-30,,,0,,,,107.921,,,,,0,0,,47bc5ae75a8b3047,5829,1,0,1,0,0,0,0,0,0,0,0,1,1,1,1,1,0,0,0,0,1,1,1,0,0,1,0,0
035b0fd1d959eaff,Daylight,energy_analytics,"Analyst, Energy Storage Optimization & Analytics",software_data,2,greenhouse,https://job-boards.greenhouse.io/daylight/jobs/4574423008,new_york,1,4,NY,northeast,NY,1,1,2,mid,1,0,0.0,remote,1,2025-03-12T12:44:45-04:00,567,2026-09-27,2026-09-30,2,2+ year,0,,,,107.921,,,,,0,0,,931956968db74b2f,4931,1,1,1,0,0,0,0,0,0,0,0,1,0,1,0,1,0,0,0,0,1,0,0,1,0,0,0,0
00df1e2580ded3d4,Deriva Energy,developer,Senior or Lead Compliance Analyst,regulatory,2,workday,https://derivaenergy.wd501.myworkdayjobs.com/Careers/job/Charlotte-NC/Senior-or-Lead-Compliance-Analyst_R-200555-1,,0,,NC,south,NC,1,0,3,senior,0,0,,unspecified,0,2026-09-24,6,2026-09-27,2026-09-30,,,0,,,,94.326,,,,,0,0,,3e19f24fa8c95ac4,5687,1,0,1,0,0,0,0,0,0,0,0,1,0,0,1,0,0,0,0,1,1,1,0,0,1,0,0,1
41049ae918d6dfcf,Deriva Energy,developer,"Director, Origination",siting_dev,0,workday,https://derivaenergy.wd501.myworkdayjobs.com/Careers/job/Charlotte-NC/Director--Origination_R-200558,,0,,NC,south,NC,1,0,6,director,0,0,,unspecified,0,2026-09-23,7,2026-09-27,2026-09-30,,,0,,,,94.326,,,,,0,0,,276925231dc097fd,5117,1,0,1,0,0,0,0,0,0,0,0,1,0,0,1,0,0,0,0,1,1,1,0,0,1,0,1,1
0aaf0eae6e922b85,Duke Energy Indiana,utility,Associate Geographic Information Systems Or Geographic Information Systems (GIS) Technologist,gis,1,workday,https://dukeenergy.wd1.myworkdayjobs.com/search/job/Raleigh-NC/Associate-GIS-Technologist-or-GIS-Technologist_R41687-1,,0,,NC,south,NC,1,0,1,entry,1,1,,unspecified,0,2026-09-24,6,2026-09-27,2026-09-30,0,explicit no-experience statement,0,,,,94.326,,,,,0,0,,f6c5c195f726c605,5122,1,1,0,0,0,0,0,0,0,0,0,0,1,0,0,1,0,0,1,0,0,0,0,0,0,0,1,0
8e610461bec833b5,Duke Energy Indiana,utility,Project Manager I or Project Manager II - Transmission,grid_power,2,workday,https://dukeenergy.wd1.myworkdayjobs.com/search/job/Greenville-SC/Project-Manager-I-or-Project-Manager-II---Transmission_R41702,,0,,SC,south,SC;NC,2,0,5,manager,0,0,,unspecified,0,2026-09-24,6,2026-09-27,2026-09-30,,,0,,,,93.749,,,,,0,0,,b0f1c93507c158d0,7178,1,0,0,0,1,0,0,0,0,0,0,1,0,1,1,1,0,0,1,0,0,0,0,0,0,0,1,0
265f7f2fd1beeb97,ERCOT,grid_operator,"Supervisor, Dynamic Studies – System Planning",other,0,workday,https://ercot.wd1.myworkdayjobs.com/ercot_careers/job/Taylor-TX/Supervisor--Dynamic-Studies---System-Planning_R2490-2,,0,,TX,south,TX,1,0,5,manager,0,0,,unspecified,0,2026-09-25,5,2026-09-27,2026-09-30,5,Minimum of 5 year,1,144000.0,198000.0,171000.0,97.057,176185.13,54000.0,text,year,0,0,"$144,000 - $198,000",b9634d7088de0c2a,5182,1,0,1,0,0,0,0,0,0,0,0,1,0,0,0,0,0,0,0,0,0,0,0,0,0,0,0,0
b3c888eea0fcbb39,ERCOT,grid_operator,Senior Business Operations Analyst,other,2,workday,https://ercot.wd1.myworkdayjobs.com/ercot_careers/job/Taylor-TX/Senior-Business-Operations-Analyst_R2391-1,,0,,TX,south,TX,1,0,3,senior,0,0,,unspecified,0,2026-09-24,6,2026-09-27,2026-09-30,2,minimum of 2 year,1,102000.0,140000.0,121000.0,97.057,124669.01,38000.0,text,year,0,0,"$102,000 - $140,000",13dcbb3984e6a9a4,4116,1,1,0,0,0,0,0,0,0,0,0,1,0,0,0,0,0,0,0,0,0,0,0,0,0,0,0,0
6101f4df3e7841c7,EnergyHub,energy_analytics,Energy Data Scientist,ai_ml,0,greenhouse,https://job-boards.greenhouse.io/energyhub/jobs/8747080002,remote_national,0,0,,,,0,0,2,mid,0,0,,remote,1,2026-08-31T13:59:29-04:00,30,2026-09-27,2026-09-30,,,1,100000.0,156750.0,128375.0,,,56750.0,text,year,0,0,"$100,000  -  $156,750",5d191923bb672eee,8238,0,1,0,0,0,1,1,1,1,1,1,1,0,0,0,0,0,0,0,0,0,1,0,0,1,1,0,0
e983cd8ce754a3ac,EnergyHub,energy_analytics,"Manager, Policy and Regulatory Affairs",regulatory,0,greenhouse,https://job-boards.greenhouse.io/energyhub/jobs/8715174002,remote_national,0,0,,,,0,0,5,manager,0,0,,remote,1,2026-09-19T09:09:19-04:00,11,2026-09-27,2026-09-30,2,2–3 year,1,115000.0,130000.0,122500.0,,,15000.0,text,year,0,0,"$115,000  -  $130,000",b04c31c5fa3d9e2f,11963,1,0,1,0,0,0,0,0,1,1,0,1,0,0,0,0,0,0,0,0,0,1,0,0,1,1,0,0
3b1c80b6716c637d,EnergyHub,energy_analytics,Principal Data Engineer,software_data,0,greenhouse,https://job-boards.greenhouse.io/energyhub/jobs/8685358002,remote_national,0,0,,,,0,0,4,staff_principal,0,0,,remote,1,2026-08-06T16:47:22-04:00,55,2026-09-27,2026-09-30,10,10+ year,1,180000.0,220000.0,200000.0,,,40000.0,text,year,0,0,"$180,000  -  $220,000",2943e7dd891396b1,7379,0,1,0,0,0,1,1,1,1,1,1,1,0,1,0,0,0,0,0,0,0,1,0,0,1,1,0,0
0c303972f70da141,EnergyHub,energy_analytics,Senior Software Engineer,software_data,0,greenhouse,https://job-boards.greenhouse.io/energyhub/jobs/8617107002,remote_national,0,0,,,,0,0,3,senior,0,0,,remote,1,2026-09-08T11:03:26-04:00,22,2026-09-27,2026-09-30,5,5+ year,1,130000.0,170000.0,150000.0,,,40000.0,text,year,0,0,"$130,000  -  $170,000",055d72c0046a8a41,7780,0,1,0,0,0,1,1,1,1,0,0,1,0,0,1,0,0,0,0,0,0,1,0,0,1,1,0,0
8466dd9a802ecea8,EnergyHub,energy_analytics,"Senior Software Engineer, Battery",software_data,0,greenhouse,https://job-boards.greenhouse.io/energyhub/jobs/8586008002,remote_national,0,0,,,,0,0,3,senior,0,0,,remote,1,2026-06-26T12:41:41-04:00,96,2026-09-27,2026-09-30,5,5+ year,1,130000.0,170000.0,150000.0,,,40000.0,text,year,0,0,"$130,000  -  $170,000",5f45a1956e637c84,7958,0,1,0,0,0,0,1,1,1,0,0,1,0,0,0,0,0,0,0,0,0,1,0,0,1,1,0,0
e22de776ca90e0d9,EnergyHub,energy_analytics,"Senior Software Engineer, Programs",software_data,0,greenhouse,https://job-boards.greenhouse.io/energyhub/jobs/8696115002,remote_national,0,0,,,,0,0,3,senior,0,0,,remote,1,2026-08-12T17:54:05-04:00,49,2026-09-27,2026-09-30,5,5+ year,1,130000.0,170000.0,150000.0,,,40000.0,text,year,0,0,"$130,000  -  $170,000",03741c473519c4b9,7779,0,1,0,0,0,0,1,0,1,0,0,1,1,1,0,0,0,0,0,0,0,1,0,0,1,1,0,0
ef0e81820b7219bb,EnergyHub,energy_analytics,"Staff Software Engineer, Data and Partner Platform",software_data,0,greenhouse,https://job-boards.greenhouse.io/energyhub/jobs/8659800002,remote_national,0,0,,,,0,0,4,staff_principal,0,0,,remote,1,2026-07-31T16:28:30-04:00,61,2026-09-27,2026-09-30,7,7+ year,1,160000.0,180000.0,170000.0,,,20000.0,text,year,0,0,"$160,000  -  $180,000",273051ffe4032c29,12051,0,1,0,0,0,1,1,1,1,0,1,1,1,1,0,0,1,0,0,0,0,1,0,0,1,1,0,0
c91b6b17962ab15b,Eversource Energy,utility,"Senior Program Manager, Transmission (hybrid schedule)",grid_power,0,workday,https://eversource.wd1.myworkdayjobs.com/ExternalSite/job/Westwood-MA/Senior-Program-Manager--Transmission--hybrid-schedule-_R-031987,,0,,MA,northeast,MA,1,1,5,manager,0,0,,unspecified,0,2026-09-25,5,2026-09-27,2026-09-30,,,1,115880.0,128750.0,122315.0,105.757,115656.65,12870.0,text,year,0,0,"$115,880.00-$128,750.00",97d4ae282936e273,5872,1,1,0,0,0,0,0,0,0,0,0,1,1,1,1,1,0,0,0,0,0,0,0,0,0,0,0,0
814876d255efff7a,Eversource Energy,utility,"Senior Engineer, ISO Policy and Economic Analysis, Transmission (hybrid schedule)",regulatory,0,workday,https://eversource.wd1.myworkdayjobs.com/ExternalSite/job/Hartford-CT/Senior-Engineer--ISO-Policy-and-Economic-Analysis--Transmission--hybrid-schedule-_R-032005,,0,,CT,northeast,CT;MA;NH,3,1,3,senior,0,0,,unspecified,0,2026-09-25,5,2026-09-27,2026-09-30,5,5 to 8 year,1,129450.0,143830.0,136640.0,103.61,131879.16,14380.0,text,year,0,0,"$129,450.00-$143,830.00",94f807ed4c24a375,6283,1,0,1,0,0,0,0,0,0,0,0,1,0,1,1,1,0,0,0,0,0,0,0,0,0,0,0,0
e3f9e04541b1f741,Eversource Energy,utility,"Manager, Economic Analysis and Transmission Strategy (hybrid schedule)",grid_power,0,workday,https://eversource.wd1.myworkdayjobs.com/ExternalSite/job/Hartford-CT/Manager--Economic-Analysis-and-Transmission-Strategy--hybrid-schedule-_R-032004,,0,,CT,northeast,CT;MA;NH,3,1,5,manager,0,0,,unspecified,0,2026-09-25,5,2026-09-27,2026-09-30,,,1,153720.0,170800.0,162260.0,103.61,156606.51,17080.0,text,year,0,0,"$153,720.00-$170,800.00",80dcbbabaefe4189,7728,1,0,0,0,0,0,0,0,0,0,0,1,1,1,1,1,0,0,0,0,0,0,0,0,0,0,0,0
2df8889a11a3c9fa,Eversource Energy,utility,Associate Engineer Grid Operations Technology (Hybrid),grid_power,1,workday,https://eversource.wd1.myworkdayjobs.com/ExternalSite/job/Windsor-CT/Associate-Engineer-Grid-Operations-Technology--Hybrid-_R-031666,,0,,CT,northeast,CT,1,0,1,entry,1,0,,unspecified,0,2026-09-23,7,2026-09-27,2026-09-30,,,1,82800.0,92000.0,87400.0,103.61,84354.79,9200.0,text,year,0,0,"$82,800.00-$92,000.00",93f17fee59826e4b,5441,0,0,0,0,0,0,0,0,0,0,0,1,0,1,1,1,0,0,0,0,0,0,0,0,0,0,0,0
eed0ddf79c4dd2a5,GE Vernova,grid_vendor,Services FP&A Process Transformation Leader,market_commercial,0,workday,https://gevernova.wd5.myworkdayjobs.com/Vernova_ExternalSite/job/Remote/Services-FP-A-Process-Transformation-Leader_R5053868-2,remote_national,0,0,,,,0,0,5,manager,0,0,,remote,1,2026-09-25,5,2026-09-27,2026-09-30,,,1,107600.0,179400.0,143500.0,,,71800.0,text,year,0,0,"between $107,600.00 and $179,400.00",b366281abf4e1d90,5140,1,0,0,0,0,0,0,0,0,0,0,0,0,0,1,0,0,0,0,0,1,1,1,0,1,1,1,1
4aaf7fbd3064ac41,GE Vernova,grid_vendor,Senior Software Engineer (Electricity Markets Required),market_commercial,0,workday,https://gevernova.wd5.myworkdayjobs.com/Vernova_ExternalSite/job/Bellevue/Senior-Software-Engineer---Electricity-Markets_R5051035-3,seattle,1,3,WA,west,,0,1,3,senior,0,0,6.09,unspecified,0,2026-09-25,5,2026-09-27,2026-09-30,2,2 years of experience,1,109480.0,164220.0,136850.0,107.013,127881.66,54740.0,text,year,0,0,"between $109,480.00 and $164,220.00",71d6d4330e64ccbe,5526,1,1,0,0,0,1,1,1,0,0,0,1,0,1,1,0,0,0,0,0,1,1,1,0,1,1,1,1
a76560e18d8996e4,GE Vernova,grid_vendor,"Lead Analyst, Regional Market Insights",market_commercial,2,workday,https://gevernova.wd5.myworkdayjobs.com/Vernova_ExternalSite/job/Cambridge/Lead-Analyst--Regional-Market-Insights_R5051482-2,boston,1,4,MA,northeast,,0,1,3,senior,0,0,2.76,remote,1,2026-09-25,5,2026-09-27,2026-09-30,3,Minimum of 3 year,1,111800.0,186300.0,149050.0,105.757,140936.3,74500.0,text,year,0,0,"between $111,800.00 and $186,300.00",f78015a07eb70cd4,17221,1,0,1,0,0,1,1,0,1,1,0,1,1,0,0,1,0,0,0,0,1,1,1,0,1,1,1,1
831fd206a1cb007a,GE Vernova,grid_vendor,"Lead Analyst, Energy Forecasting & Advanced Analytics",software_data,2,workday,https://gevernova.wd5.myworkdayjobs.com/Vernova_ExternalSite/job/Cambridge/Lead-Analyst--Energy-Forecasting---Advanced-Analytics_R5051473-2,boston,1,4,MA,northeast,,0,1,3,senior,0,0,2.76,remote,1,2026-09-25,5,2026-09-27,2026-09-30,3,3–5 year,1,111800.0,186300.0,149050.0,105.757,140936.3,74500.0,text,year,0,0,"between $111,800.00 and $186,300.00",58178b75a187adbd,16249,1,1,1,0,0,1,1,0,1,1,0,0,1,0,1,0,0,0,0,0,1,1,1,0,1,1,1,1
c2f9ba4714b073e7,GE Vernova,grid_vendor,"Manager, Energy Market Research & Power Economics",market_commercial,0,workday,https://gevernova.wd5.myworkdayjobs.com/Vernova_ExternalSite/job/Cambridge/Manager--Energy-Market-Research---Power-Economics_R5051419-3,boston,1,4,MA,northeast,,0,1,5,manager,0,0,2.76,remote,1,2026-09-23,7,2026-09-27,2026-09-30,8,Minimum of 8 year,1,147900.0,246300.0,197100.0,105.757,186370.64,98400.0,text,year,0,0,"between $147,900.00 and $246,300.00",059490864df07fa0,16343,1,0,1,0,0,1,0,0,1,1,0,0,0,0,0,1,0,0,0,0,1,1,1,0,1,1,1,1
845b7972e578b7ea,GE Vernova,grid_vendor,Principal AI Data Architect,ai_ml,0,workday,https://gevernova.wd5.myworkdayjobs.com/Vernova_ExternalSite/job/Niskayuna/Principal-AI-Data-Architect_R5053705-1,boston,1,4,MA,northeast,,0,1,4,staff_principal,0,0,2.76,unspecified,0,2026-09-22,8,2026-09-27,2026-09-30,,,1,137700.0,229600.0,183650.0,105.757,173652.81,91900.0,text,year,0,0,"between $137,700.00 and $229,600.00",fb30a71ee9a71151,6354,1,1,0,0,0,1,1,1,1,0,1,1,1,0,0,1,0,0,0,0,1,1,1,0,1,1,1,1
4ff5615391c5ff3d,GE Vernova,grid_vendor,Staff Software Engineer - Electricity Markets,market_commercial,0,workday,https://gevernova.wd5.myworkdayjobs.com/Vernova_ExternalSite/job/Remote/Staff-Software-Engineer---Electricity-Markets_R5044307-2,seattle,1,3,WA,west,,0,1,4,staff_principal,0,0,,remote,1,2026-09-22,8,2026-09-27,2026-09-29,6,6 years of experience,1,126418.0,189627.0,158022.5,107.013,147666.64,63209.0,text,year,0,0,"$126,418 - $189,627",990149068d157d69,7429,1,1,0,0,0,0,1,1,0,0,1,1,1,1,1,0,0,0,0,0,1,1,1,0,1,1,1,1
4070e6b2470d27ee,GE Vernova,grid_vendor,Sr. Electricity Market Optimization Software Engineer,market_commercial,0,workday,https://gevernova.wd5.myworkdayjobs.com/Vernova_ExternalSite/job/Bellevue/Sr-Electricity-Market-Optimization-Software-Engineer_R5041955-2,seattle,1,3,WA,west,,0,1,3,senior,0,0,6.09,unspecified,0,2026-09-08,22,2026-09-27,2026-09-30,,,1,127880.0,191820.0,159850.0,107.013,149374.38,63940.0,text,year,0,0,"between $127,880.00 and $191,820.00",9369496f7aed6a92,7819,0,0,1,0,0,0,0,0,0,0,0,1,0,1,1,1,0,1,0,0,1,1,1,0,1,1,1,1
05d11a8b13460f7e,GE Vernova,grid_vendor,Principal Engineer - AI Engineering,ai_ml,0,workday,https://gevernova.wd5.myworkdayjobs.com/Vernova_ExternalSite/job/Niskayuna/Principal-Engineer---AI-Engineering_R5048238-2,boston,1,4,MA,northeast,,0,1,4,staff_principal,0,0,2.76,remote,1,2026-09-01,29,2026-09-27,2026-09-30,,,1,131700.0,219300.0,175500.0,105.757,165946.46,87600.0,text,year,0,0,"between $131,700.00 and $219,300.00",ff584646499cb489,6783,1,1,1,1,0,1,0,0,1,0,0,1,1,0,1,1,0,0,0,0,1,1,1,0,1,1,1,1
51348fb00160964f,GE Vernova,grid_vendor,Senior Staff AI Engineer,ai_ml,0,workday,https://gevernova.wd5.myworkdayjobs.com/Vernova_ExternalSite/job/Cambridge/Sr-Staff-Software-Engineer---AI-Augmented-Full-Stack_R5026204-3,boston,1,4,MA,northeast,,0,1,4,staff_principal,0,0,2.76,unspecified,0,2026-09-01,29,2026-09-27,2026-09-30,,,1,127600.0,212600.0,170100.0,105.757,160840.42,85000.0,text,year,0,0,"between $127,600.00 and $212,600.00",103fd9eb9fcd915d,5456,1,1,0,0,0,1,0,1,1,0,0,1,0,1,0,1,0,0,0,0,1,1,1,0,1,1,1,1
1616a015dbd319a0,GE Vernova,grid_vendor,"Lead Power Systems Engineer - Grid Integration and Stability, Consulting Services",grid_power,0,workday,https://gevernova.wd5.myworkdayjobs.com/Vernova_ExternalSite/job/Remote/Lead-Power-Systems-Engineer---Grid-Integration-and-Stability--Consulting-Services_R5044306-2,remote_national,0,0,,,,0,0,3,senior,0,0,,remote,1,2026-09-01,29,2026-09-27,2026-09-29,,,1,89300.0,148700.0,119000.0,,,59400.0,text,year,0,0,"between $89,300.00 and $148,700.00",90378fbf823318c5,8126,0,1,1,0,0,1,0,0,0,0,0,1,1,0,0,1,0,0,0,0,1,1,1,0,1,1,1,1
005811422c3c4a5f,GE Vernova,grid_vendor,Senior Staff Engineer - AI Engineering,ai_ml,0,workday,https://gevernova.wd5.myworkdayjobs.com/Vernova_ExternalSite/job/Niskayuna/Senior-Staff-Engineer---AI-Engineering_R5048474-2,boston,1,4,MA,northeast,,0,1,4,staff_principal,0,0,2.76,remote,1,2026-08-31,30,2026-09-27,2026-09-30,,,1,113200.0,188800.0,151000.0,105.757,142780.15,75600.0,text,year,0,0,"between $113,200.00 and $188,800.00",baba967862f1179b,6714,1,1,1,1,0,1,0,0,1,0,0,1,1,0,1,1,0,0,0,0,1,1,1,0,1,1,1,1
ab62eb23537b0162,GE Vernova,grid_vendor,Senior Staff Engineer – AI Engineering,ai_ml,0,workday,https://gevernova.wd5.myworkdayjobs.com/Vernova_ExternalSite/job/Niskayuna/Senior-Staff-Engineer---AI-Engineering_R5050808,boston,1,4,MA,northeast,,0,1,4,staff_principal,0,0,2.76,remote,1,2026-08-31,30,2026-09-27,2026-09-30,,,1,113200.0,188800.0,151000.0,105.757,142780.15,75600.0,text,year,0,0,"between $113,200.00 and $188,800.00",87874c131186921b,6791,1,1,1,1,0,1,0,0,1,0,0,1,1,0,1,1,0,0,0,0,1,1,1,0,1,1,1,1
2266feff4d3aaaef,GE Vernova,grid_vendor,Principal AI Application Operations Engineer,ai_ml,0,workday,https://gevernova.wd5.myworkdayjobs.com/Vernova_ExternalSite/job/Niskayuna/Principal-AI-Application-Operations-Engineer_R5050853-2,boston,1,4,MA,northeast,,0,1,4,staff_principal,0,0,2.76,unspecified,0,2026-08-21,40,2026-09-27,2026-09-30,,,1,137700.0,229600.0,183650.0,105.757,173652.81,91900.0,text,year,0,0,"between $137,700.00 and $229,600.00",130495004cba5f27,6244,1,0,0,0,0,0,0,1,1,1,0,1,1,1,1,0,0,0,0,0,1,1,1,0,1,1,1,1
0677ceb21629256c,GE Vernova,grid_vendor,Principal AI Software Engineer,ai_ml,0,workday,https://gevernova.wd5.myworkdayjobs.com/Vernova_ExternalSite/job/Niskayuna/Principal-AI-Software-Engineer_R5050851-2,boston,1,4,MA,northeast,,0,1,4,staff_principal,0,0,2.76,unspecified,0,2026-08-21,40,2026-09-27,2026-09-30,,,1,145400.0,242500.0,193950.0,105.757,183392.12,97100.0,text,year,0,0,"between $145,400.00 and $242,500.00",f058522d262eec34,5605,1,1,0,0,0,1,0,1,1,0,0,1,0,1,0,1,0,0,0,0,1,1,1,0,1,1,1,1
9b1700f36fee0675,GE Vernova,grid_vendor,Senior Product Manager - AI,ai_ml,0,workday,https://gevernova.wd5.myworkdayjobs.com/Vernova_ExternalSite/job/Cambridge/Senior-Product-Manager---AI_R5035947-2,boston,1,4,MA,northeast,,0,1,5,manager,0,0,2.76,unspecified,0,2026-07-01,91,2026-09-27,2026-09-30,,,1,113200.0,188800.0,151000.0,105.757,142780.15,75600.0,text,year,0,0,"between $113,200.00 and $188,800.00",8557bf155928e8b6,5963,1,1,0,0,0,0,0,0,1,0,0,1,1,1,1,1,0,0,0,0,1,1,1,0,1,1,1,1
629f8a9230653b7d,Guidehouse,consulting,Energy Efficiency Consultant,sustainability,0,workday,https://guidehouse.wd1.myworkdayjobs.com/External/job/US---VA-Arlington/Energy-Efficiency-Consultant_44808,northern_virginia,1,3,VA,south,VA,1,1,2,mid,0,0,9.81,unspecified,0,2026-09-24,6,2026-09-27,2026-09-30,,,0,,,,101.104,,,,,0,0,,c3ad10ff27ee0c44,7290,1,0,0,1,0,0,0,0,0,0,0,0,1,1,1,1,0,0,0,0,1,1,0,0,1,1,0,0
8d39572dcb2a6100,Guidehouse,consulting,"Data Scientist, Senior Consultant (Utilities)",ai_ml,0,workday,https://guidehouse.wd1.myworkdayjobs.com/External/job/US---GA-Atlanta/Data-Scientist--Senior-Consultant--Utilities-_44869,,0,,GA,south,GA,1,0,3,senior,0,0,,unspecified,0,2026-09-24,6,2026-09-27,2026-09-30,,,0,,,,96.293,,,,,0,0,,a0f2d2c4d8c47a00,5577,1,1,1,0,0,1,1,0,1,1,1,0,0,0,0,1,0,0,0,0,1,1,0,0,1,1,0,0
20e80ddbc07895d4,Guidehouse,consulting,Associate Director-Energy Providers West Market,market_commercial,1,workday,https://guidehouse.wd1.myworkdayjobs.com/External/job/US---CO-Denver/Associate-Director-Energy-Providers-West-Market_43648-1,minneapolis,1,3,CO,west,CO;MN,2,1,6,director,0,0,0.0,unspecified,0,2026-09-22,8,2026-09-27,2026-09-30,,,1,135000.0,225000.0,180000.0,103.052,174669.1,90000.0,text,year,0,0,"$135,000.00-$225,000.00",eeb9871da41d30ee,7131,1,0,1,0,0,0,0,0,1,1,0,1,0,1,1,1,0,0,0,0,1,1,0,0,1,1,0,0
ad22aabe7104fd17,Guidehouse,consulting,Associate Director-Energy Providers South Market,market_commercial,1,workday,https://guidehouse.wd1.myworkdayjobs.com/External/job/US---GA-Atlanta/Associate-Director-Energy-Providers-South-Market_42396,northern_virginia,1,3,GA,south,GA;NC;FL;VA,4,1,6,director,0,0,15.26,unspecified,0,2026-09-22,8,2026-09-27,2026-09-30,,,0,,,,96.293,,,,,0,0,,bd93e6f1e8d2cf66,7776,1,0,1,0,0,0,0,0,1,1,0,1,0,1,1,1,0,1,0,0,1,1,0,0,1,1,0,0
31bd070d47b1cd34,Guidehouse,consulting,Managing Consultant-Energy Markets,market_commercial,0,workday,https://guidehouse.wd1.myworkdayjobs.com/External/job/US---MA-Boston/Managing-Consultant-Energy-Markets_41065,chicago,1,1,MA,northeast,MA;NY;VA;TX;IL;AZ;GA,7,1,2,mid,0,0,0.0,unspecified,0,2026-09-22,8,2026-09-27,2026-09-30,,,1,130000.0,216000.0,173000.0,105.757,163582.55,86000.0,text,year,0,0,"$130,000.00-$216,000.00",a651a9b3f37e86cd,7867,1,0,1,0,0,0,0,0,0,0,0,0,1,1,1,1,0,0,0,0,1,1,0,0,1,1,0,0
7dc5979d004c8370,Guidehouse,consulting,Consulting Analyst - Energy Providers - Campus 2027,other,2,workday,https://guidehouse.wd1.myworkdayjobs.com/External/job/US---GA-Atlanta/Consulting-Analyst---Energy-Providers---Campus-2027_43439,boston,1,4,GA,south,GA;NY;VA;TX;IL;CO;CA;MA,8,1,1,entry,1,0,0.0,unspecified,0,2026-09-11,19,2026-09-27,2026-09-30,,,1,51000.0,85000.0,68000.0,96.293,70617.8,34000.0,text,year,0,0,"$51,000.00-$85,000.00",909caf8c3cee0b01,7646,1,1,0,0,0,0,0,0,1,0,0,1,1,0,1,1,0,0,0,0,1,1,0,0,1,1,0,0
f6ab51947b080003,Hanwha Renewables,developer,"Associate Director, M&A and Strategic Development",siting_dev,1,greenhouse,https://job-boards.greenhouse.io/hanwharenewables/jobs/4375747009,remote_national,0,0,,,,0,0,6,director,0,0,,remote,1,2026-08-19T16:27:02-04:00,42,2026-09-27,2026-09-30,7,7–12+ year,1,175000.0,200000.0,187500.0,,,25000.0,text,year,0,0,"$175,000 - $200,000",eb29eff1746186c8,9841,1,0,1,0,0,0,0,0,0,0,0,1,1,1,0,1,0,0,0,0,0,0,0,1,0,0,0,0
aeaa0378fd72083e,Hanwha Renewables,developer,"Director, Project Development - East",siting_dev,0,greenhouse,https://job-boards.greenhouse.io/hanwharenewables/jobs/4375816009,remote_national,0,0,,,,0,0,6,director,0,0,,remote,1,2026-08-19T16:27:54-04:00,42,2026-09-27,2026-09-30,8,8+ year,1,220000.0,240000.0,230000.0,,,20000.0,text,year,0,0,"$220,000 - $240,000",56259d7aabf1c1e1,8196,1,0,0,0,0,0,0,0,0,0,0,0,1,0,0,1,0,0,0,0,0,0,0,1,0,0,0,0
2516b9ad8dd35015,Hanwha Renewables,developer,"Senior Manager, Project Development - East",siting_dev,0,greenhouse,https://job-boards.greenhouse.io/hanwharenewables/jobs/4366359009,remote_national,0,0,,,,0,0,5,manager,0,0,,remote,1,2026-08-12T14:29:03-04:00,49,2026-09-27,2026-09-30,5,Minimum of 5 year,1,165000.0,185000.0,175000.0,,,20000.0,text,year,0,0,"$165,000 - $185,000",2e78bce4240b1d5b,6006,1,1,0,0,0,0,0,0,0,0,0,1,1,0,0,1,0,0,0,0,0,0,0,0,0,0,0,0
68b010879ddbf2fc,ICF,consulting,Senior Transmission Planning Engineer - Remote,grid_power,0,workday,https://icf.wd5.myworkdayjobs.com/ICFEXTERNAL_CAREER_SITE/job/Dallas-TX/Senior-Transmission-Planning-Engineer_R2602098,minneapolis,1,3,TX,south,TX;MO;IL;MN,4,1,3,senior,0,0,0.0,unspecified,0,2026-09-17,13,2026-09-27,2026-09-30,,,1,98614.0,167644.0,133129.0,97.057,137165.79,69030.0,text,year,0,0,"$98,614.00 - $167,644.00",9b2aee703caa611b,8436,0,0,0,0,0,1,0,0,1,0,0,1,0,1,0,0,0,0,0,0,0,1,0,1,0,1,0,0
834b4e279584c8db,ICF,consulting,Principal Grid Analytics Engineer - Remote,grid_power,0,workday,https://icf.wd5.myworkdayjobs.com/ICFEXTERNAL_CAREER_SITE/job/Kansas-City-MO/Principal-Grid-Analytics-Engineer---Remote_R2602831,,0,,MO,midwest,MO;GA;TX;NC,4,0,4,staff_principal,0,0,,remote,0,2026-09-15,15,2026-09-27,2026-09-30,,,1,144381.0,245448.0,194914.5,90.817,214623.36,101067.0,text,year,0,0,"$144,381.00 - $245,448.00",7a16791095ec5a16,8242,1,0,1,0,0,1,1,0,1,0,0,1,0,1,0,0,0,0,0,0,0,1,0,1,0,1,0,0
d7717d147ae774aa,ICF,consulting,Senior Energy Transmission Regulatory Specialist,regulatory,0,workday,https://icf.wd5.myworkdayjobs.com/ICFEXTERNAL_CAREER_SITE/job/Sacramento-CA/Senior-Energy-Transmission-Regulatory-Specialist_R2603055,bay_area,1,4,CA,west,CA,1,1,3,senior,0,0,0.0,remote,1,2026-09-14,16,2026-09-27,2026-09-30,,,1,108006.0,183610.0,145808.0,110.72,131690.75,75604.0,text,year,0,0,"$108,006.00 - $183,610.00",5a73b1b4eecbcf9f,9428,1,0,0,0,0,0,0,0,1,0,0,1,1,1,1,0,0,0,0,0,0,0,0,0,0,0,0,0
39005812d0ff5f1e,ICF,consulting,Transmission Planning Engineer,grid_power,0,workday,https://icf.wd5.myworkdayjobs.com/ICFEXTERNAL_CAREER_SITE/job/Reston-VA/Transmission-Planning-Engineer_R2602262,northern_virginia,1,3,VA,south,VA,1,1,2,mid,0,0,0.0,unspecified,0,2026-09-03,27,2026-09-27,2026-09-30,,,1,81499.0,138549.0,110024.0,101.104,108822.6,57050.0,text,year,0,0,"$81,499.00 - $138,549.00",09226f6717c0ab00,8245,0,0,0,0,0,1,0,0,1,0,0,1,0,1,0,0,0,0,0,0,0,1,0,1,0,1,0,0
6fb44c1d5ad10909,ICF,consulting,Energy Markets & Utility Planning Manager- (Hybrid/Remote),market_commercial,0,workday,https://icf.wd5.myworkdayjobs.com/ICFEXTERNAL_CAREER_SITE/job/Reston-VA/Energy-Markets---Utility-Planning-Manager---Hybrid-Remote-_R2602475,northern_virginia,1,3,VA,south,VA,1,1,5,manager,0,0,0.0,hybrid,0,2026-08-13,48,2026-09-27,2026-09-30,,,1,108476.0,184409.0,146442.5,101.104,144843.43,75933.0,text,year,0,0,"$108,476.00 - $184,409.00",90f1e0242255dec0,7231,1,0,1,0,0,0,0,0,1,0,0,1,1,1,0,1,0,0,0,0,0,0,0,0,0,0,0,0
dbb908d186707132,ICF,consulting,Energy Markets Consultant/Senior Energy Markets Consultant,market_commercial,0,workday,https://icf.wd5.myworkdayjobs.com/ICFEXTERNAL_CAREER_SITE/job/Reston-VA/Energy-Markets-Consultant-Senior-Energy-Markets-Consultant_R2602637,boston,1,4,VA,south,VA;CO;TX;MA,4,1,3,senior,0,0,0.0,remote,1,2026-08-13,48,2026-09-27,2026-09-30,,,1,74090.0,125954.0,100022.0,101.104,98929.81,51864.0,text,year,0,0,"$74,090.00 - $125,954.00",f508a0e572e308e2,8964,1,1,1,0,0,1,1,0,1,1,0,1,1,0,1,0,0,0,0,0,0,0,0,1,0,0,0,0
60d9c3dc370c9b09,ICF,consulting,"Manager/Senior Manager, Energy Markets Consulting",market_commercial,0,workday,https://icf.wd5.myworkdayjobs.com/ICFEXTERNAL_CAREER_SITE/job/Reston-VA/Manager-Senior-Manager--Energy-Markets-Consulting_R2602605,boston,1,4,VA,south,VA;TX;IL;MA,4,1,5,manager,0,0,0.0,unspecified,0,2026-08-13,48,2026-09-27,2026-09-30,,,1,98614.0,202850.0,150732.0,101.104,149086.09,104236.0,text,year,0,0,"$98,614.00 - $202,850.00",b1d37024054ed375,8207,1,1,1,0,0,1,1,0,1,0,0,1,1,1,0,0,0,0,0,0,0,0,0,1,0,0,0,0
f1d05f241c4e07b7,Invenergy,utility,Senior Project Engineer - Grid Modelling and Compliance,regulatory,0,workday,https://invenergyllc.wd1.myworkdayjobs.com/invenergycareers/job/Chicago---OSW/Senior-Project-Engineer---Grid-Modelling-and-Compliance_R10885-1,denver,1,3,CO,west,CO,1,1,3,senior,0,0,0.0,hybrid,0,2026-09-26,4,2026-09-27,2026-09-30,,,1,140000.0,165000.0,152500.0,103.052,147983.54,25000.0,text,year,0,0,"$140,000.00 - $165,000.00",0049fb0504459f3a,5721,1,0,0,0,0,1,0,0,0,0,0,0,0,0,0,1,0,0,0,0,1,1,1,0,1,0,0,0
6132c834af5a3790,Invenergy,utility,"Analyst, Origination",siting_dev,2,workday,https://invenergyllc.wd1.myworkdayjobs.com/invenergycareers/job/Denver-CO/Analyst--Origination_R11426-1,denver,1,3,CO,west,CO,1,1,2,mid,0,0,0.0,hybrid,0,2026-09-25,5,2026-09-27,2026-09-30,,,1,60000.0,77000.0,68500.0,103.052,66471.3,17000.0,text,year,0,0,"$60,000.00 - $77,000.00",dbdf1616071c1198,4384,1,0,0,0,0,0,0,0,0,0,0,1,1,0,1,0,0,0,0,0,1,1,1,0,1,0,0,0
2768229143c0408f,Invenergy,utility,"Associate, Finance and Capital Markets",market_commercial,1,workday,https://invenergyllc.wd1.myworkdayjobs.com/invenergycareers/job/Chicago-IL/Associate--Finance-and-Capital-Markets_R10495-1,chicago,1,1,IL,midwest,IL,1,1,1,entry,1,0,0.0,hybrid,0,2026-09-24,6,2026-09-27,2026-09-30,3,3-5 year,1,115000.0,140000.0,127500.0,99.958,127553.57,25000.0,text,year,0,0,"$115,000.00 - 140,000.00",9f64683835a920e4,3735,1,0,0,0,0,0,0,0,0,0,0,1,1,0,1,0,0,0,0,0,1,1,1,1,1,0,0,0
c42de959392f5de8,Leeward Renewable Energy,developer,"Manager, Transmission Market Analytics",market_commercial,0,workday,https://leewardenergy.wd1.myworkdayjobs.com/LeewardCareers/job/Chicago-IL/Manager--Transmission-Market-Analytics_JR752,chicago,1,1,IL,midwest,IL;TX,2,1,5,manager,0,0,0.0,unspecified,0,2026-09-24,6,2026-09-27,2026-09-30,,,1,124000.0,172000.0,148000.0,99.958,148062.19,48000.0,text,year,0,0,"$124,000 to $172,000",2b3982f39b9f24db,7883,0,1,0,0,0,1,1,0,0,0,0,0,1,0,1,1,0,0,0,0,1,1,0,1,0,0,0,0
1b842563f128c98a,Leeward Renewable Energy,developer,Power Trading Analyst,other,2,workday,https://leewardenergy.wd1.myworkdayjobs.com/LeewardCareers/job/Dallas-TX/Power-Trading-Analyst_JR652,,0,,TX,south,TX,1,0,2,mid,1,0,,unspecified,0,2026-09-23,7,2026-09-27,2026-09-30,2,2-4 year,0,,,,97.057,,,,,0,0,,2470e30c9720cf67,5012,0,1,1,0,0,1,1,0,0,1,0,0,0,0,0,1,0,0,0,0,0,0,0,0,0,0,0,0
a8562d435f564a65,Leeward Renewable Energy,developer,Development Engineering Manager,siting_dev,0,workday,https://leewardenergy.wd1.myworkdayjobs.com/LeewardCareers/job/Phoenix-Office/Development-Engineering-Manager_JR556,,0,,TX,south,TX,1,0,5,manager,0,0,,unspecified,0,2026-03-26,188,2026-09-27,2026-09-30,,,0,,,,97.057,,,,,0,0,,d50c64cec4a1ed70,6619,0,0,0,0,0,0,0,0,0,0,0,1,1,0,0,1,0,0,0,0,0,0,0,0,0,0,0,0
0b0bd0ba2f8f4e12,Madison Energy Infrastructure,developer,Regional (East) Market Lead,market_commercial,0,greenhouse,https://job-boards.greenhouse.io/madisonenergyinfrastructure/jobs/4289453009,new_york,1,4,NY,northeast,NY,1,1,3,senior,0,0,0.0,onsite,0,2026-06-18T10:08:13-04:00,104,2026-09-27,2026-09-28,,,1,165000.0,190000.0,177500.0,107.921,164472.16,25000.0,text,year,0,0,"$165,000 - $190,000",47a38a9a5770bcbb,6912,1,1,0,0,0,0,0,0,0,0,0,1,0,0,1,0,0,0,0,0,1,1,0,0,1,0,0,0
13efad88b61536f6,NTT Global Data Centers,data_center,Senior Global FP&A Specialist - OPEX COS,market_commercial,0,workday,https://nttglobaldatacenters.wd501.myworkdayjobs.com/External/job/Remote-USA/Senior-Global-FP-A-Specialist---OPEX-COS_JR102051,remote_national,0,0,,,,0,0,3,senior,0,0,,remote,1,2026-09-26,4,2026-09-27,2026-09-30,6,6–10 year,1,138600.0,169500.0,154050.0,,,30900.0,text,year,0,0,"$138,600 - $169,500",e1f3fb8a1bda269f,7330,1,0,0,0,1,0,0,0,1,1,0,1,0,0,1,1,0,0,0,0,1,1,1,0,0,0,0,0
ca63eafe21853477,ON.energy,developer,AI Engineer,ai_ml,0,greenhouse,https://job-boards.greenhouse.io/onenergy/jobs/4384485009,remote_national,0,0,TX,south,TX,1,0,2,mid,0,0,,remote,1,2026-08-28T12:48:08-04:00,33,2026-09-27,2026-09-30,,,0,,,,97.057,,,,,0,0,,ac98eee3fa720d6d,8708,0,1,0,1,0,0,0,1,1,0,0,1,1,0,0,1,0,0,0,0,1,1,1,0,1,0,0,0
ca87579982dd3174,ON.energy,developer,Senior Electrical Engineer – MV AI UPS Data Centers & Storage,ai_ml,0,greenhouse,https://job-boards.greenhouse.io/onenergy/jobs/4370772009,northern_virginia,1,3,GA,south,GA;FL,2,0,3,senior,0,0,7.31,remote,1,2026-08-14T13:56:35-04:00,47,2026-09-27,2026-09-30,8,8+ year,0,,,,96.293,,,,,0,0,,890a457f88ce9282,4419,0,0,0,0,0,1,0,0,1,0,0,1,0,0,0,1,0,0,0,0,1,1,1,0,1,0,0,0
c3a1b19f0869535f,Oklo,developer,Director of Development Engineering ,siting_dev,0,greenhouse,https://job-boards.greenhouse.io/oklo/jobs/6176773004,bay_area,1,4,CA,west,CA,1,1,6,director,0,0,38.62,remote,1,2026-09-03T01:07:55-04:00,27,2026-09-27,2026-09-30,5,at least 5 year,1,200000.0,250000.0,225000.0,110.72,203215.32,50000.0,text,year,0,0,"$200,000-$250,000",0bad0ab787b11643,11004,0,0,0,0,1,0,0,0,0,0,0,1,0,0,0,1,0,0,0,0,1,1,0,1,0,0,0,0
348d562cc48ab248,Oklo,developer,Director of Market Analytics,market_commercial,0,greenhouse,https://job-boards.greenhouse.io/oklo/jobs/6175614004,bay_area,1,4,CA,west,CA,1,1,6,director,0,0,38.62,remote,1,2026-09-04T16:59:26-04:00,26,2026-09-27,2026-09-30,10,10+ year,1,180000.0,230000.0,205000.0,110.72,185151.73,50000.0,text,year,0,0,"$180,000-$230,000",c793a90dc2a1901f,11966,0,0,0,0,0,0,0,0,1,0,0,0,0,0,0,1,0,0,0,0,1,1,0,1,0,0,0,0
fa742bb77ee86c36,Oklo,developer,Director of Project Development ,siting_dev,0,greenhouse,https://job-boards.greenhouse.io/oklo/jobs/6176776004,bay_area,1,4,CA,west,CA,1,1,6,director,0,0,38.62,remote,1,2026-09-03T01:08:42-04:00,27,2026-09-27,2026-09-30,12,12+ year,1,190000.0,245000.0,217500.0,110.72,196441.47,55000.0,text,year,0,0,"$190,000-$245,000",39e99954c2ae34e0,9533,0,0,0,0,0,0,0,0,0,0,0,1,0,1,0,1,0,0,0,0,1,1,0,1,0,0,0,0
e51a1f3972d71050,Oklo,developer,Director of Transmission & Interconnection ,grid_power,0,greenhouse,https://job-boards.greenhouse.io/oklo/jobs/6176768004,bay_area,1,4,CA,west,CA,1,1,6,director,0,0,38.62,remote,1,2026-09-03T01:07:07-04:00,27,2026-09-27,2026-09-30,10,10+ year,1,200000.0,245000.0,222500.0,110.72,200957.37,45000.0,text,year,0,0,"$200,000-$245,000",664c9dbaa00f1090,9786,1,0,0,0,0,0,0,0,0,0,0,0,0,0,0,1,0,0,0,0,1,1,0,1,0,0,0,0
5b942cbc754fbb3a,Oklo,developer,Senior Director of Power Origination,siting_dev,0,greenhouse,https://job-boards.greenhouse.io/oklo/jobs/6175842004,bay_area,1,4,CA,west,CA,1,1,6,director,0,0,38.62,remote,1,2026-09-03T00:39:13-04:00,27,2026-09-27,2026-09-30,10,10+ year,1,225000.0,270000.0,247500.0,110.72,223536.85,45000.0,text,year,0,0,"$225,000-$270,000",1e000cf78207de36,11126,0,0,0,0,0,0,0,0,1,0,0,0,0,0,0,1,0,0,0,0,1,1,0,1,0,0,0,0
6d404258646fed2e,Oklo,developer,Senior Software Engineer,software_data,0,greenhouse,https://job-boards.greenhouse.io/oklo/jobs/5739483004,bay_area,1,4,CA,west,CA,1,1,3,senior,0,0,38.62,remote,1,2025-12-19T09:05:47-05:00,285,2026-09-27,2026-09-30,8,8+ year,1,200000.0,250000.0,225000.0,110.72,203215.32,50000.0,text,year,0,0,"$200,000-$250,000",6d0c09dea6375879,8705,0,1,0,0,0,1,0,0,0,0,0,1,1,1,0,1,0,0,0,0,1,1,0,1,0,0,0,0
01a050c942790544,Oklo,developer,Software Engineer,software_data,0,greenhouse,https://job-boards.greenhouse.io/oklo/jobs/4018702004,bay_area,1,4,CA,west,CA,1,1,2,mid,1,0,38.62,remote,1,2021-05-24T20:34:28-04:00,1955,2026-09-27,2026-09-30,3,3+ year,1,110000.0,200000.0,155000.0,110.72,139992.77,90000.0,text,year,0,0,"$110,000-$200,000",43857f1c35ad66b7,9981,0,1,0,0,0,1,0,0,0,0,0,0,0,0,0,1,0,0,0,0,1,1,0,1,0,0,0,0
a45588d949dc2f11,Oklo,developer,Software Engineer (Applied AI/ML),ai_ml,0,greenhouse,https://job-boards.greenhouse.io/oklo/jobs/6150355004,bay_area,1,4,CA,west,CA,1,1,2,mid,0,0,38.62,remote,1,2026-08-21T15:23:10-04:00,40,2026-09-27,2026-09-30,,,1,200000.0,250000.0,225000.0,110.72,203215.32,50000.0,text,year,0,0,"$200,000-$250,000",5162d4812934c30b,11544,1,1,0,0,0,1,0,0,1,0,0,0,0,0,0,1,0,0,0,0,1,1,0,1,0,0,0,0
a3220cbb59d5f5a6,Origis Energy,developer,FP&A Analyst,market_commercial,2,greenhouse,https://job-boards.greenhouse.io/origisenergy/jobs/4008302004,new_york,1,4,NY,northeast,NY,1,1,2,mid,1,0,25.57,unspecified,0,2021-03-26T20:43:47-04:00,2014,2026-09-27,2026-09-29,1,1-3 year,1,80000.0,100000.0,90000.0,107.921,83394.33,20000.0,text,year,0,0,"$80,000  -  $100,000",99c6fefd7fc1efb0,7739,1,0,0,0,0,0,0,0,0,1,0,1,1,1,1,1,0,0,0,0,0,1,1,1,0,0,0,0
de468b5afe168f57,Portland General Electric,utility,Transmission & Distribution Asset Manager,grid_power,0,workday,https://portlandgeneral.wd5.myworkdayjobs.com/pgn/job/Portland-Oregon/Transmission---Distribution-Asset-Manager_R8344-1,,0,,OR,west,OR,1,0,5,manager,0,0,,unspecified,0,2026-09-25,5,2026-09-27,2026-09-30,,,0,,,,103.361,,,,,0,0,,6124f994bbbf9258,14033,0,1,1,0,1,0,0,0,0,0,0,1,1,0,1,1,1,0,0,0,0,0,0,1,0,0,0,1
f5ea3a84d1cc26c5,Portland General Electric,utility,Transmission & Distribution Standards Engineer,grid_power,0,workday,https://portlandgeneral.wd5.myworkdayjobs.com/pgn/job/Portland-Oregon/Senior-Transmission---Distribution-Standards-Engineer-Transmission---Distribution-Standards-Engineer_R8342-1,,0,,OR,west,OR,1,0,2,mid,0,0,,unspecified,0,2026-09-23,7,2026-09-27,2026-09-30,,,0,,,,103.361,,,,,0,0,,1b5a142c3eb55b39,14135,1,0,0,0,1,0,0,0,0,0,0,1,1,1,0,1,1,0,0,0,0,0,0,1,0,0,0,1
a30147d808fad575,Reactivate,developer,Development Manager,siting_dev,0,greenhouse,https://job-boards.greenhouse.io/reactivate/jobs/4695664006,remote_national,0,0,,,,0,0,5,manager,0,0,,remote,1,2026-07-08T16:46:59-04:00,84,2026-09-27,2026-09-30,,,1,120000.0,135000.0,127500.0,,,15000.0,text,year,0,0,"$120,000 - $135,000",e88d54c3b924b17f,8407,1,0,0,1,0,0,0,0,0,0,0,0,0,0,0,0,0,0,0,0,1,1,0,0,1,0,0,0
19d680d8c3e60412,Rowan Digital Infrastructure,data_center,Senior Design Manager - Land Development,siting_dev,0,ashby,https://jobs.ashbyhq.com/rowan/ef64afd9-8e12-4ed9-a0df-6ac6004c9844,remote_national,0,0,,,,0,0,5,manager,0,0,,remote,1,2026-08-17T18:44:47.574+00:00,44,2026-09-27,2026-09-28,3,3-5+ year,1,150000.0,185000.0,167500.0,,,35000.0,structured,year,0,0,,929b1aa3c26debb1,7053,0,0,0,0,0,0,0,0,0,0,0,1,1,0,1,1,0,0,0,0,1,1,0,0,1,0,0,0
2c796c25c8fba8b1,Rowan Digital Infrastructure,data_center,"Land Use & Permitting, Senior Manager ",siting_dev,0,ashby,https://jobs.ashbyhq.com/rowan/448cf993-7b46-439d-90fa-f21da45d2420,denver,1,3,CO,west,,0,1,5,manager,0,0,0.0,unspecified,0,2026-08-03T17:16:15.759+00:00,58,2026-09-27,2026-09-30,7,at least 7 year,1,150000.0,185000.0,167500.0,103.052,162539.3,35000.0,structured,year,0,0,,c3ef991cc55b8b60,6508,0,0,1,0,1,0,0,0,0,0,0,1,1,0,1,1,0,0,0,0,1,1,0,0,1,0,0,0
ffd2de7ce2acadac,Rowan Digital Infrastructure,data_center,"Director, Financial Planning & Analysis",other,0,ashby,https://jobs.ashbyhq.com/rowan/cd2597fb-9f34-4b02-889d-f884b73b3c6a,denver,1,3,CO,west,,0,1,6,director,0,0,0.0,unspecified,0,2026-08-28T15:51:26.601+00:00,33,2026-09-27,2026-09-30,8,8-12+ year,1,175000.0,215000.0,195000.0,103.052,189224.86,40000.0,structured,year,0,0,,638a0c23e8600562,6945,1,0,0,0,0,0,0,0,0,0,0,1,1,1,0,1,0,0,0,0,1,1,0,0,1,0,0,0
e05fde7a56441782,Rowan Digital Infrastructure,data_center,"Regulatory Affairs and Public Policy, Senior Associate",regulatory,3,ashby,https://jobs.ashbyhq.com/rowan/3466e8c1-ac21-475d-9d02-28c23506a691,,0,,TX,south,TX,1,0,3,senior,0,0,,unspecified,0,2026-09-03T18:17:53.731+00:00,27,2026-09-27,2026-09-30,3,3-6 year,1,105000.0,125000.0,115000.0,97.057,118487.07,20000.0,structured,year,0,0,,5dff6ba20c937517,7222,1,0,0,0,0,0,0,0,0,0,0,1,1,0,0,1,0,0,0,0,1,1,0,0,1,0,0,0
0b66243cd124dc16,Solar Landscape,developer,Project Development Manager,siting_dev,0,lever,https://jobs.lever.co/solarlandscape/dc47a823-f5f2-43b5-9823-e2bdee31e27f,,0,,NJ,northeast,NJ,1,1,5,manager,0,0,,unspecified,0,2026-09-15T20:20:29.116000+00:00,15,2026-09-27,2026-09-30,,,1,90000.0,120000.0,105000.0,108.805,96502.92,30000.0,structured,year,0,0,,7930b456748d89fe,1541,0,0,0,0,0,0,0,0,0,0,0,1,0,0,0,0,0,0,0,0,0,0,0,0,0,0,0,0
193b98f2a10556fa,Solar Landscape,developer,Senior Software Engineer,software_data,0,lever,https://jobs.lever.co/solarlandscape/09ae0270-2c56-4d1b-a044-cdb1f32639c9,new_york,1,4,NY,northeast,NY,1,1,3,senior,0,0,0.0,unspecified,0,2026-06-18T20:14:30.312000+00:00,104,2026-09-27,2026-09-30,,,1,160000.0,180000.0,170000.0,107.921,157522.63,20000.0,structured,year,0,0,,660e575c8acd1b54,2762,0,0,0,0,0,0,0,0,1,0,0,1,0,0,0,0,0,0,0,0,0,0,0,0,0,0,0,0
63e3a628cb1eb030,TRIO,consulting,Energy Analyst,other,2,lever,https://jobs.lever.co/trio/21f7e6e8-1357-4c31-a04c-36f1e48853a8,,0,,OH,midwest,OH,1,0,2,mid,0,0,,unspecified,0,2026-06-10T18:02:39.692000+00:00,112,2026-09-27,2026-09-30,,,1,60000.0,70000.0,65000.0,92.774,70062.73,10000.0,structured,year,0,0,,ef230f7b9f2d3f72,792,0,0,0,0,0,0,0,0,0,0,0,0,0,0,0,0,0,0,0,0,0,0,0,0,0,0,0,0
792e13866885ec60,Talen Energy,developer,"Director, Development Permitting & Environmental",siting_dev,0,workday,https://talenenergy.wd1.myworkdayjobs.com/TalenCareers/job/Houston-TX/Director--Development-Permitting---Environmental_R0004252,,0,,TX,south,TX,1,0,6,director,0,0,,unspecified,0,2026-09-23,7,2026-09-27,2026-09-30,,,0,,,,97.057,,,,,0,0,,fa2b439b56125d48,13575,1,0,1,0,1,0,0,0,0,0,0,1,1,0,0,1,0,1,1,0,1,1,0,0,1,0,0,0
9969abb01a9b87de,Talen Energy,developer,"Director, Engineering and Interconnection",grid_power,0,workday,https://talenenergy.wd1.myworkdayjobs.com/TalenCareers/job/Houston-TX/Director--Engineering-and-Interconnection_R0004250,,0,,TX,south,TX,1,0,6,director,0,0,,unspecified,0,2026-09-22,8,2026-09-27,2026-09-30,,,0,,,,97.057,,,,,0,0,,03027cd869c56d53,9581,1,0,1,0,1,0,0,0,0,0,0,1,0,0,0,1,0,0,0,0,0,0,0,0,0,0,0,0
af78f8f84d40a1ee,Tucson Electric Power,utility,"Gas Trader I, II, III or  IV",other,3,workday,https://tep.wd1.myworkdayjobs.com/TEP/job/Tucson-AZ---Downtown/Gas-Trader-I--II--III-or--IV_JR375,,0,,AZ,west,AZ,1,0,1,entry,1,1,,unspecified,0,2026-09-16,14,2026-09-27,2026-09-29,2,2 – 3 year,0,,,,100.677,,,,,0,0,,694c531f74688663,9323,1,0,0,0,0,0,0,0,0,0,0,0,1,0,1,1,0,0,0,0,0,0,0,0,0,0,0,0
610bf3341753ff09,Tucson Electric Power,utility,"Supervisor, GIS Infrastructure IT Applications",gis,0,workday,https://tep.wd1.myworkdayjobs.com/TEP/job/Tucson-AZ---Irvington/Supervisor--GIS-Infrastructure-IT-Applications_JR27-1,,0,,AZ,west,AZ,1,0,5,manager,0,0,,unspecified,0,2026-04-29,154,2026-09-27,2026-09-30,5,Minimum 5 year,0,,,,100.677,,,,,0,0,,57184ba5f2a70eb1,6720,1,1,0,0,0,0,0,0,0,0,0,1,1,0,1,0,0,0,1,0,0,0,0,0,0,0,0,0
1933b06fff7f92f3,Vistra,utility,"BI, Analytics & AI Specialist",ai_ml,0,workday,https://vst.wd5.myworkdayjobs.com/vistra_careers/job/Irving-Texas/BI--Analytics---AI-Specialist_40016682-2,,0,,TX,south,TX,1,0,2,mid,0,0,,unspecified,0,2026-09-24,6,2026-09-27,2026-09-30,,,0,,,,97.057,,,,,0,0,,1944b80fa63e8e1e,7695,1,1,0,0,0,1,1,0,1,1,0,1,0,1,0,0,0,0,0,0,0,1,0,0,1,0,0,0
988b204e2260be0c,Vistra,utility,Air Permitting Senior Coordinator,siting_dev,0,workday,https://vst.wd5.myworkdayjobs.com/vistra_careers/job/Irving-Texas/Air-Permitting-Senior-Coordinator_40016681,,0,,TX,south,TX,1,0,3,senior,0,0,,unspecified,0,2026-09-24,6,2026-09-27,2026-09-30,7,Minimum of 7 year,0,,,,97.057,,,,,0,0,,e8bf2e52ad9fdc5e,6439,1,0,0,0,0,0,0,0,0,0,0,1,0,0,1,0,0,0,0,0,0,0,0,0,0,0,0,0
3415ebb705532901,Wunder Capital,developer,"Associate Director/Director, Project Development",siting_dev,1,greenhouse,https://job-boards.greenhouse.io/wundercapital/jobs/8045627002,denver,1,3,CO,west,CO,1,1,6,director,0,0,24.16,hybrid,0,2025-06-20T21:20:40-04:00,467,2026-09-27,2026-09-30,5,5–7+ year,1,110000.0,195000.0,152500.0,103.052,147983.54,85000.0,text,year,0,0,"$110,000 - $195,000",952ef643669fefcf,10603,0,0,0,0,0,0,0,0,0,0,0,1,0,0,1,0,0,0,0,0,1,1,0,1,1,0,0,1
b0c132a4d2651d01,Wunder Capital,developer,"Associate Project Manager, Project Development ",siting_dev,1,greenhouse,https://job-boards.greenhouse.io/wundercapital/jobs/7114708002,denver,1,3,CO,west,CO,1,1,5,manager,0,0,24.16,hybrid,0,2024-01-26T23:53:00-05:00,978,2026-09-27,2026-09-30,1,1–2+ year,1,58500.0,78000.0,68250.0,103.052,66228.7,19500.0,text,year,0,0,"$58,500 - $78,000",606f4bac9187a412,9261,0,0,0,1,0,0,0,0,0,0,0,0,0,0,1,0,0,0,0,0,1,1,0,1,1,0,0,1
5eb3a4647911839f,Xcel Energy,utility,Regulatory Policy Specialist,regulatory,0,workday,https://xcelenergy.wd1.myworkdayjobs.com/External/job/Denver-CO-80205/Regulatory-Policy-Specialist_JR116556-1,denver,1,3,CO,west,CO,1,1,2,mid,0,0,0.0,hybrid,0,2026-09-24,6,2026-09-27,2026-09-30,,,1,115000.0,159400.0,137200.0,103.052,133136.67,44400.0,text,year,0,0,"$115,000.00 to $159,400.00",8efe69d6bed9db58,7221,0,0,0,0,0,0,0,0,0,0,0,0,0,0,0,1,0,0,0,0,1,1,1,0,1,1,0,1
bba9492112cfb0fb,Xcel Energy,utility,"Transmission Planning Engineer, Senior or Principal",grid_power,0,workday,https://xcelenergy.wd1.myworkdayjobs.com/External/job/Denver-CO-80202/Transmission-Planning-Engineer--Senior_JR112762-1,minneapolis,1,3,CO,west,CO;MN;TX,3,1,3,senior,0,1,0.0,hybrid,0,2026-09-23,7,2026-09-27,2026-09-30,,,1,97000.0,145500.0,121250.0,103.052,117659.05,48500.0,text,year,0,0,"$97,000-$145,500",e6042d69d7ec5cf1,8186,1,1,1,0,1,1,0,0,0,0,0,0,1,0,0,0,0,0,0,0,1,1,1,0,1,1,0,1
93e14a66b11f515a,Xcel Energy,utility,Case Specialist II - NSPM Regulatory,regulatory,2,workday,https://xcelenergy.wd1.myworkdayjobs.com/External/job/Minneapolis-MN-55401/Case-Specialist-II---NSPM-Regulatory_JR116072-1,minneapolis,1,3,MN,midwest,MN,1,1,2,mid,0,0,0.0,hybrid,0,2026-09-23,7,2026-09-27,2026-09-30,8,8-10 year,1,95000.0,128000.0,111500.0,98.621,113059.08,33000.0,text,year,0,0,"$95,000.00 to $128,000.00",8da7b06d7ada00ef,7454,1,0,0,0,0,0,0,0,0,0,0,0,1,0,0,1,0,0,0,0,1,1,1,0,1,1,0,1
87fce5cfac91e0ad,kWantera,energy_analytics,Energy Data Analyst,software_data,2,smartrecruiters,https://api.smartrecruiters.com/v1/companies/kWantera/postings/111827346,,0,,PA,northeast,PA,1,0,2,mid,0,0,,unspecified,0,2017-03-28T17:10:21.000Z,3473,2026-09-27,2026-09-30,,,0,,,,97.572,,,,,0,0,,bff4f10dc3d43e9c,2933,0,1,0,0,0,1,0,0,1,0,0,1,1,1,0,0,0,0,0,0,1,1,0,1,1,0,0,0
e9e88f9f31f84dbd,1st Avenue Power,developer,Embedded Software Engineer,software_data,0,greenhouse,https://job-boards.greenhouse.io/1stavenuepower/jobs/5136464008,bay_area,1,4,CA,west,CA,1,1,2,mid,0,0,32.54,hybrid,0,2026-06-12T16:46:26-04:00,110,2026-09-28,2026-09-30,5,5+ year,1,120000.0,195000.0,157500.0,110.72,142250.72,75000.0,text,year,0,0,"$120,000  -  $195,000",556b1d5eb2c66f70,5220,0,1,0,0,0,0,0,0,0,0,0,0,0,1,0,0,0,0,0,0,0,0,0,0,0,0,0,0
258a832e28e2c481,1st Avenue Power,developer,Sr. Grid Integration Engineer ,grid_power,0,greenhouse,https://job-boards.greenhouse.io/1stavenuepower/jobs/5120630008,bay_area,1,4,CA,west,CA,1,1,3,senior,0,0,32.54,unspecified,0,2026-02-16T22:04:37-05:00,226,2026-09-28,2026-09-30,5,5+ year,1,120000.0,205000.0,162500.0,110.72,146766.62,85000.0,text,year,0,0,"$120,000  -  $205,000",d74a0368ae90e1a5,11905,0,0,0,0,0,1,0,1,1,0,0,0,1,0,0,0,0,1,0,0,1,1,0,1,0,0,0,0
807d7e0deec92a54,AES Indiana,utility,Senior Associate FP&A,market_commercial,3,workday,https://aes.wd1.myworkdayjobs.com/AES_US/job/US-Arlington-VA/Senior-Associate-FP-A_R1063837,northern_virginia,1,3,VA,south,VA,1,1,3,senior,0,0,15.26,unspecified,0,2026-09-23,7,2026-09-21,2026-09-30,,,1,105000.0,131325.0,118162.5,101.104,116872.23,26325.0,text,year,0,0,"between $105,000 and $131,325",45df446f91fc698b,6744,1,0,0,0,0,0,0,0,1,1,0,1,1,0,1,0,0,0,0,0,1,1,1,0,1,0,0,0
b866744ccc0158a2,Ameresco,developer,Site Origination Analyst - Solar and BESS,siting_dev,2,workday,https://ameresco.wd5.myworkdayjobs.com/Ameresco/job/United-States---Massachusetts---Boston/Site-Origination-Analyst---Solar-and-BESS_R4044,boston,1,4,MA,northeast,MA,1,1,2,mid,0,0,0.0,unspecified,0,2026-09-25,5,2026-09-28,2026-09-30,,,1,64000.0,92500.0,78250.0,105.757,73990.37,28500.0,text,year,0,0,"$64,000 - $92,500",da78d13454861bd9,5320,1,0,0,0,0,0,0,0,0,0,0,0,0,0,0,0,0,0,0,0,1,0,0,1,1,0,0,0
487d80d739dd8b03,American Transmission Co,utility,Sr. Data Engineer,software_data,0,workday,https://atcllc.wd5.myworkdayjobs.com/atcllc/job/Pewaukee-WI/Sr-Data-Engineer_R0003261-1,,0,,WI,midwest,WI;MI,2,0,3,senior,0,0,,remote,0,2026-09-16,14,2026-09-28,2026-09-30,,,1,128400.0,149800.0,139100.0,94.095,147829.32,21400.0,text,year,0,0,"$128,400 to $149,800",a9518156a2e1454b,6812,1,1,0,0,0,1,1,1,0,1,0,1,0,0,0,0,0,0,0,0,0,1,1,1,0,0,0,1
5b85f5c4e1377998,American Transmission Co,utility,Manager - System Planning,other,0,workday,https://atcllc.wd5.myworkdayjobs.com/atcllc/job/Pewaukee-WI/Manager---System-Planning_R0003283,,0,,WI,midwest,WI,1,0,5,manager,0,0,,unspecified,0,2026-09-04,26,2026-09-28,2026-09-30,,,1,171600.0,200200.0,185900.0,94.095,197566.29,28600.0,text,year,0,0,"$171,600 to $200,200",ed3f30524c9fa84c,7488,0,0,0,0,0,0,0,0,0,0,0,1,0,1,0,0,0,0,0,0,0,1,1,1,0,0,0,1
9c133f92634ef3e4,Associated Electric Cooperative,cooperative,Senior Resource Planner,grid_power,0,workday,https://aeci.wd1.myworkdayjobs.com/AECI/job/Springfield-Missouri/Resource-Planner_REQ-1792,,0,,MO,midwest,MO,1,0,3,senior,0,0,,unspecified,0,2026-09-14,16,2026-09-28,2026-09-30,,,0,,,,90.817,,,,,0,0,,358812fdb678dd44,5328,1,0,1,0,0,0,1,0,0,0,1,1,1,0,0,0,0,0,0,0,1,1,0,0,1,0,0,0
5109c326f4519fbe,Associated Electric Cooperative,cooperative,"Director, Load Integration",other,0,workday,https://aeci.wd1.myworkdayjobs.com/AECI/job/Springfield-Missouri/Director--Load-Integration_REQ-1786,,0,,MO,midwest,MO,1,0,6,director,0,0,,unspecified,0,2026-09-09,21,2026-09-28,2026-09-30,10,At least 10 year,0,,,,90.817,,,,,0,0,,b312189e77757172,4672,1,0,0,0,0,0,0,0,0,0,0,1,0,0,0,0,0,0,0,0,1,1,0,0,1,0,0,0
e4befdf1fc526d2c,Associated Electric Cooperative,cooperative,Transmission Planning Engineer,grid_power,0,workday,https://aeci.wd1.myworkdayjobs.com/AECI/job/Springfield-Missouri/Transmission-Planning-Engineer_REQ-1777,,0,,MO,midwest,MO,1,0,2,mid,1,0,,unspecified,0,2026-08-25,36,2026-09-28,2026-09-30,0,explicit no-experience statement,0,,,,90.817,,,,,0,0,,ad224e74e55d9bcb,4263,0,1,0,0,0,1,0,0,1,0,0,1,1,0,1,1,0,0,0,0,1,1,0,0,1,0,0,0
eceef03323e0ff14,Associated Electric Cooperative,cooperative,Reliability Compliance Specialist,regulatory,0,workday,https://aeci.wd1.myworkdayjobs.com/AECI/job/Springfield-Missouri/Senior-Reliability-Compliance-Specialist_REQ-1743,,0,,MO,midwest,MO,1,0,2,mid,0,0,,unspecified,0,2026-07-13,79,2026-09-28,2026-09-30,,,0,,,,90.817,,,,,0,0,,96a02b5cad357831,6329,1,1,0,0,0,0,0,0,0,0,0,1,1,1,1,1,0,0,0,0,1,1,0,0,1,0,0,0
198b16a12116f052,Avantus,developer,"Director or Sr. Director, Origination",siting_dev,0,greenhouse,https://avantus.com/careers?gh_jid=8737850002,,0,,CA,west,CA,1,1,6,director,0,0,,hybrid,0,2026-08-31T13:32:09-04:00,30,2026-09-28,2026-09-30,5,5-10 year,1,163942.0,206892.0,185417.0,110.72,167464.78,42950.0,text,year,0,0,"$163,942  -  $206,892",a548e57381b11d50,4633,0,0,1,0,0,0,0,0,0,0,0,0,1,0,0,1,0,0,0,0,0,1,0,0,1,0,0,0
240a8791bd675168,Avantus,developer,Utility-Scale Renewable Development Opportunistic,siting_dev,0,greenhouse,https://avantus.com/careers?gh_jid=8216212002,,0,,CA,west,CA,1,1,2,mid,0,0,,hybrid,0,2025-12-03T14:11:33-05:00,301,2026-09-28,2026-09-30,7,7-12 year,0,,,,110.72,,,,,0,0,,1b275fc6c01200ea,13962,0,0,0,0,0,0,0,0,0,0,0,0,1,0,0,0,0,0,0,0,0,1,0,0,1,0,0,0
bcf33948567168ec,Blue Energy,developer,Director of Project Development,siting_dev,0,ashby,https://jobs.ashbyhq.com/blue-energy/dae6d820-52da-45ad-aeb3-dce258e2937f,,0,,MD,south,MD,1,1,6,director,0,0,,onsite,0,2025-11-20T01:28:26.216+00:00,314,2026-09-28,2026-09-29,10,10-15 year,0,,,,104.959,,,,,0,0,,054a226e48088f30,5575,0,0,0,0,0,0,0,0,0,0,0,1,1,1,0,0,0,0,0,0,0,0,0,0,0,0,0,0
83bcfd07e20181af,Blue Energy,developer,Head of Capital Markets & Investor Relations,market_commercial,0,ashby,https://jobs.ashbyhq.com/blue-energy/868c8bd0-7583-4088-ab8d-1271d8af9a31,,0,,MD,south,MD,1,1,7,executive,0,0,,onsite,0,2026-06-10T08:10:35.999+00:00,112,2026-09-28,2026-09-30,10,10-15 year,0,,,,104.959,,,,,0,0,,8293b3751765debc,6604,1,0,0,0,0,0,0,0,0,0,0,0,0,0,0,0,0,0,0,0,0,1,0,1,0,0,0,0
cf3657800d822405,Blue Energy,developer,Director of Origination,siting_dev,0,ashby,https://jobs.ashbyhq.com/blue-energy/de468e06-c695-4b77-800d-20c89935fb56,,0,,MD,south,MD,1,1,6,director,0,0,,onsite,0,2026-06-18T18:09:37.742+00:00,104,2026-09-28,2026-09-30,10,10-15 year,0,,,,104.959,,,,,0,0,,55a803c396fece14,4524,0,0,0,0,0,0,0,0,0,0,0,1,0,1,0,0,0,0,0,0,0,0,0,1,0,0,0,0
7dd539f7a73eb69e,Blue Energy,developer,Project Development Manager,siting_dev,0,ashby,https://jobs.ashbyhq.com/blue-energy/c6718c02-8c1f-493c-81ff-bc494d5d6942,,0,,MD,south,MD,1,1,5,manager,0,0,,onsite,0,2026-07-23T15:51:27.218+00:00,69,2026-09-28,2026-09-30,4,4-6+ year,0,,,,104.959,,,,,0,0,,b8f30e3416aa448f,5115,0,0,0,0,0,0,0,0,0,0,0,1,1,1,0,1,0,0,0,0,0,0,0,0,0,0,0,0
e6175e494ecc1cc7,Brightcore Energy,developer,Sr. Embedded Software Engineer,software_data,0,greenhouse,https://job-boards.greenhouse.io/brightcoreenergy/jobs/5187484007,new_york,1,4,NY,northeast,NY,1,1,3,senior,0,0,4.02,remote,1,2026-07-15T09:55:40-04:00,77,2026-09-28,2026-09-30,5,Minimum of 5 year,1,140000.0,170000.0,155000.0,107.921,143623.58,30000.0,text,year,0,0,"$140,000-$170,000",4da69f6e17ffcf53,11007,0,1,0,0,0,1,0,1,1,0,0,1,0,1,0,1,0,0,0,0,1,1,0,1,1,0,0,1
f814f79e46a710a1,Buzz Solutions,energy_analytics,Computer Vision & Machine Learning Engineer,ai_ml,0,greenhouse,https://job-boards.greenhouse.io/buzzsolutions/jobs/5409977008,remote_national,0,0,,,,0,0,2,mid,1,0,,remote,1,2026-08-28T19:24:27-04:00,33,2026-09-28,2026-09-30,2,2-5 year,0,,,,,,,,,0,0,,3a1faf23fb06fc42,28725,0,1,0,0,0,1,0,1,1,0,0,0,0,0,0,0,0,0,0,0,0,0,0,0,0,0,0,0
36742a355df0fd25,Buzz Solutions,energy_analytics,Senior Computer Vision & Machine Learning Engineer,ai_ml,0,greenhouse,https://job-boards.greenhouse.io/buzzsolutions/jobs/5409974008,remote_national,0,0,,,,0,0,3,senior,0,0,,remote,1,2026-08-28T19:17:37-04:00,33,2026-09-28,2026-09-30,5,5–10 year,0,,,,,,,,,0,0,,1a81442a76f2ce9a,26214,0,1,0,0,0,1,0,1,1,0,0,0,0,0,0,0,0,0,0,0,0,0,0,0,0,0,0,0
7cf95cf8477db5fd,CARIAN,consulting,Utility Transmission Project Manager,grid_power,0,ashby,https://jobs.ashbyhq.com/CARIAN/4aea878d-6bf8-4d34-b93a-7010fa1056ba,,0,,PA,northeast,PA,1,0,5,manager,0,0,,remote,0,2026-06-09T17:18:44.347+00:00,113,2026-09-28,2026-09-30,,,0,,,,97.572,,,,,0,0,,5ac203d8ebe36c65,4785,1,0,0,0,1,0,0,0,0,1,0,1,1,0,1,1,0,0,0,0,1,1,0,0,0,0,0,0
f8d2dfdfd12265b2,CARIAN,consulting,Assistant Project Manager – Transmission & Distribution Program Support,grid_power,0,ashby,https://jobs.ashbyhq.com/CARIAN/07c7e4ba-30b4-4987-a513-ee3781e43414,new_york,1,4,NJ,northeast,NJ,1,1,5,manager,0,0,25.56,unspecified,0,2026-05-13T13:26:30.520+00:00,140,2026-09-28,2026-09-30,2,2–5 year,1,85000.0,125000.0,105000.0,108.805,96502.92,40000.0,text,year,0,0,"$85,000 – $125,000",8eff318ed8450ab6,7844,0,0,0,0,1,0,0,0,0,1,0,1,1,0,1,1,0,0,0,0,1,1,0,0,1,0,0,0
14a1c7332abe2279,CARIAN,consulting,Assistant Project Manager – Transmission & Distribution Program Support,grid_power,0,ashby,https://jobs.ashbyhq.com/CARIAN/0f702b55-c1b3-4126-96d8-209c9985c189,,0,,OH,midwest,OH,1,0,5,manager,0,0,,unspecified,0,2026-05-13T13:27:46.664+00:00,140,2026-09-28,2026-09-30,2,2–5 year,0,,,,92.774,,,,,0,0,,33a3efe8990e401a,7373,0,0,0,0,1,0,0,0,0,1,0,1,1,0,1,1,0,0,0,0,0,1,0,0,0,0,0,0
6fc9fba119619a44,CARIAN,consulting,Assistant Project Manager – Transmission & Distribution Program Support,grid_power,0,ashby,https://jobs.ashbyhq.com/CARIAN/56e26e37-71e5-49c0-b011-0afc0e45dae0,,0,,PA,northeast,PA,1,0,5,manager,0,0,,unspecified,0,2026-05-13T13:32:35.103+00:00,140,2026-09-28,2026-09-30,2,2–5 year,0,,,,97.572,,,,,0,0,,33a3efe8990e401a,7373,0,0,0,0,1,0,0,0,0,1,0,1,1,0,1,1,0,0,0,0,0,1,0,0,0,0,0,0
67e0990c754a24b2,CARIAN,consulting,Utility Transmission Project Manager,grid_power,0,ashby,https://jobs.ashbyhq.com/CARIAN/486d929f-8dba-4737-b218-66dc774ec041,,0,,OH,midwest,OH,1,0,5,manager,0,0,,remote,0,2026-09-24T12:16:05.517+00:00,6,2026-09-28,2026-09-30,,,0,,,,92.774,,,,,0,0,,623df31e6758a794,4783,1,0,0,0,1,0,0,0,0,1,0,1,1,0,1,1,0,0,0,0,1,1,0,0,0,0,0,0
3c6d2f828e676e5f,CARIAN,consulting,Transmission Portfolio Engineer ,grid_power,0,ashby,https://jobs.ashbyhq.com/CARIAN/f271dad5-8aa2-49d9-bb4a-9387b3a92955,,0,,OH,midwest,OH,1,0,2,mid,1,0,,onsite,0,2026-09-24T12:20:05.411+00:00,6,2026-09-28,2026-09-30,3,3+ year,0,,,,92.774,,,,,0,0,,a147158009d33d4d,8060,0,0,0,0,1,0,0,0,0,1,0,1,1,1,1,1,0,0,0,0,0,1,0,0,0,0,0,0
8cdab7cdcfbd38ec,CARIAN,consulting,Copy of Transmission Portfolio Engineer ,grid_power,0,ashby,https://jobs.ashbyhq.com/CARIAN/e0f52bba-583c-47b2-9ef5-d41d5d2f64ad,,0,,MO,midwest,MO,1,0,2,mid,1,0,,onsite,0,2026-09-24T12:22:17.815+00:00,6,2026-09-28,2026-09-30,3,3+ year,0,,,,90.817,,,,,0,0,,0bc7153a28918f14,8064,0,0,0,0,1,0,0,0,0,1,0,1,1,1,1,1,0,0,0,0,0,1,0,0,0,0,0,0
4a243128e73db8e1,Canadian Solar,grid_vendor,Sr. Corporate FP&A Manager,market_commercial,0,workday,https://canadiansolar.wd5.myworkdayjobs.com/CanadianSolar/job/Walnut-Creek-CA/Sr-FP-A-Manager_10001273,bay_area,1,4,CA,west,CA,1,1,5,manager,0,0,21.47,unspecified,0,2026-07-13,79,2026-09-28,2026-09-30,,,1,150000.0,180000.0,165000.0,110.72,149024.57,30000.0,text,year,0,0,"$150,000 - $180,000",4d3d47fb0cf7affc,7979,1,0,0,0,0,0,1,0,0,1,0,1,0,1,0,1,0,0,0,0,0,1,1,0,1,0,0,0
14eb5a566e668b32,Canadian Solar,grid_vendor,Procurement Data Analyst,market_commercial,2,workday,https://canadiansolar.wd5.myworkdayjobs.com/CanadianSolar/job/Mesquite-TX/Procurement-Data-Analyst_10001246,,0,,TX,south,TX,1,0,2,mid,1,0,,unspecified,0,2026-07-10,82,2026-09-28,2026-09-30,1,1 - 3 year,0,,,,97.057,,,,,0,0,,fe7686a5a1649345,4625,1,0,0,0,0,0,0,0,0,0,0,1,1,0,1,0,0,0,0,0,1,0,0,0,1,0,0,0
d60ac56252b98108,Canadian Solar,grid_vendor,"Sr. Manager, Technical Architect – Enterprise AI Solutions",ai_ml,0,workday,https://canadiansolar.wd5.myworkdayjobs.com/CanadianSolar/job/Kitchener-ON/Sr-Manager--Technical-Architect---Enterprise-AI-Solutions_10001178-1,bay_area,1,4,IN,midwest,IN;CA;KY,3,1,5,manager,0,0,21.47,unspecified,0,2026-06-01,121,2026-09-28,2026-09-30,,,0,,,,93.329,,,,,0,0,,ec4fefeceddc1be1,6348,1,1,1,0,0,1,1,1,1,0,1,1,0,1,0,0,0,0,0,0,0,1,1,0,1,0,0,1
d8267bb2dc7bafc5,ECL,data_center,Staff Software Engineer- Individual contributor,software_data,0,lever,https://jobs.lever.co/ecldc/75a21650-d848-4625-8668-fef182115153,,0,,CA,west,CA,1,1,4,staff_principal,0,0,,unspecified,0,2025-01-09T18:05:17.642000+00:00,629,2026-09-28,2026-09-30,10,10-20 year,0,,,,110.72,,,,,0,0,,b1fe5d07beb44875,986,0,0,0,0,0,0,0,0,1,0,0,0,0,0,0,0,0,0,0,0,0,0,0,0,0,0,0,0
0403b91c1e43dd08,E Source,energy_analytics,AI / ML Engineer,ai_ml,0,ashby,https://jobs.ashbyhq.com/e-source/f6b04d1a-937a-4cbf-be74-c821b15ec771,remote_national,0,0,,,,0,0,2,mid,0,0,,remote,1,2026-06-08T22:48:39.831+00:00,114,2026-09-28,2026-09-30,7,Minimum of 7 year,1,115000.0,145000.0,130000.0,,,30000.0,text,year,0,0,"$115,000–$145,000",6e08b4eb72c0e4d1,6877,1,1,1,0,0,1,0,1,1,0,1,1,0,0,1,1,0,0,0,1,1,1,1,0,1,0,0,0
d07cd4a3348e853f,E Source,energy_analytics,Databricks Data Engineer ,software_data,0,ashby,https://jobs.ashbyhq.com/e-source/c51ce732-744f-418e-9ba9-f553b6256090,remote_national,0,0,,,,0,0,2,mid,0,0,,remote,1,2026-04-27T13:33:59.428+00:00,156,2026-09-28,2026-09-30,,,1,115000.0,145000.0,130000.0,,,30000.0,text,year,0,0,"$115,000-$145,000",458ccc8d85d5f705,4821,1,1,1,0,0,1,1,1,1,1,1,1,0,0,1,1,0,0,0,1,1,1,1,0,1,0,0,0
e23c995b3f47c357,E Source,energy_analytics,"Director, Grid Reliability & Modernization",grid_power,0,ashby,https://jobs.ashbyhq.com/e-source/f099d3cc-61be-4fca-8c3b-3c9c95737d69,remote_national,0,0,,,,0,0,6,director,0,0,,remote,1,2026-07-27T21:47:21.985+00:00,65,2026-09-28,2026-09-30,,,1,135000.0,160000.0,147500.0,,,25000.0,structured,year,0,0,,60dc923f1b05cc5c,4385,1,1,0,0,0,0,0,0,0,0,0,1,0,0,1,1,0,0,0,1,1,1,0,0,1,0,0,0
a8696d5d61a750a9,E Source,energy_analytics,"Forward Deployed Data Engineer IV, Databricks",software_data,0,ashby,https://jobs.ashbyhq.com/e-source/d2971000-56c3-4f11-af28-9997bfe06fb1,remote_national,0,0,,,,0,0,3,senior,0,0,,remote,1,2026-09-16T14:51:50.718+00:00,14,2026-09-28,2026-09-30,,,1,175000.0,200000.0,187500.0,,,25000.0,text,year,0,0,"$175,000 – $200,000",d701f07e3b6390df,9440,1,1,1,0,0,1,1,1,1,1,1,0,0,0,0,1,0,0,0,1,1,1,1,0,1,0,0,0
084385862c3203a6,Energy Exemplar,energy_analytics,Senior Energy Market Analyst,market_commercial,2,greenhouse,https://job-boards.greenhouse.io/energyexemplarllc/jobs/5414630008,remote_national,0,0,,,,0,0,3,senior,0,0,,remote,1,2026-09-02T17:49:56-04:00,28,2026-09-28,2026-09-30,7,7+ year,0,,,,,,,,,0,0,,c1e4bd27fa66868d,21304,0,1,1,0,0,1,0,0,0,1,0,1,1,0,1,0,0,0,0,0,0,0,0,0,0,0,0,0
f44385b948d7b967,Energy Exemplar,energy_analytics,"Senior Energy Market Analyst, PJM",market_commercial,2,greenhouse,https://job-boards.greenhouse.io/energyexemplarllc/jobs/4524497008,remote_national,0,0,,,,0,0,3,senior,0,0,,remote,1,2026-09-16T13:49:03-04:00,14,2026-09-28,2026-09-30,3,3 - 4 year,0,,,,,,,,,0,0,,c7debdc7847c7118,24366,0,0,0,0,0,0,0,0,0,0,0,1,1,0,1,0,0,0,0,0,0,0,0,0,0,0,0,0
318d701d598c2833,Energy Solutions,consulting,"Director, Energy Efficiency - Midwest",sustainability,0,greenhouse,https://job-boards.greenhouse.io/energysolutions/jobs/5201966007,remote_national,0,0,,,,0,0,6,director,0,0,,remote,1,2026-08-24T16:02:01-04:00,37,2026-09-28,2026-09-30,,,1,145000.0,180000.0,162500.0,,,35000.0,text,year,0,0,"$145,000 to $180,000",6e2cd8600f650098,21283,1,1,0,0,0,0,0,0,1,0,0,1,1,1,1,0,0,0,0,0,1,0,0,0,0,0,0,0
bc8177a46e0c561e,Energy Solutions,consulting,"Director of Solar Outreach and Market Strategy  (Remote -Illinois, US)",market_commercial,0,greenhouse,https://job-boards.greenhouse.io/energysolutions/jobs/5218445007,chicago,1,1,IL,midwest,IL,1,1,6,director,0,0,0.0,unspecified,0,2026-08-21T09:55:02-04:00,40,2026-09-28,2026-09-29,5,Minimum of 5 year,1,145000.0,180000.0,162500.0,99.958,162568.28,35000.0,text,year,0,0,"$145,000 - $180,000",8322b8e0ca469b48,28190,1,1,0,0,0,0,0,0,1,0,0,1,1,1,1,1,0,0,0,0,1,0,0,0,0,0,0,0
db0be3a58e8df0ae,Energy Solutions,consulting,"Director of Solar Outreach and Market Strategy  (Remote - Indiana, US)",market_commercial,0,greenhouse,https://job-boards.greenhouse.io/energysolutions/jobs/5197209007,remote_national,0,0,,,,0,0,6,director,0,0,,remote,1,2026-07-28T10:41:13-04:00,64,2026-09-28,2026-09-29,5,Minimum of 5 year,1,145000.0,180000.0,162500.0,,,35000.0,text,year,0,0,"$145,000 - $180,000",8322b8e0ca469b48,28190,1,1,0,0,0,0,0,0,1,0,0,1,1,1,1,1,0,0,0,0,1,0,0,0,0,0,0,0
687865064044b9f9,Energy Solutions,consulting,"Director of Solar Outreach and Market Strategy  (Remote - Wisconsin, US)",market_commercial,0,greenhouse,https://job-boards.greenhouse.io/energysolutions/jobs/5197216007,remote_national,0,0,,,,0,0,6,director,0,0,,remote,1,2026-07-28T10:41:19-04:00,64,2026-09-28,2026-09-29,5,Minimum of 5 year,1,145000.0,180000.0,162500.0,,,35000.0,text,year,0,0,"$145,000 - $180,000",8322b8e0ca469b48,28190,1,1,0,0,0,0,0,0,1,0,0,1,1,1,1,1,0,0,0,0,1,0,0,0,0,0,0,0
30e1d123c236a4b3,Energy Solutions,consulting,Energy Efficiency Project Manager I (Remote - US),sustainability,1,greenhouse,https://job-boards.greenhouse.io/energysolutions/jobs/5187614007,remote_national,0,0,,,,0,0,5,manager,0,0,,remote,1,2026-08-24T14:25:57-04:00,37,2026-09-28,2026-09-30,,,1,69000.0,79000.0,74000.0,,,10000.0,text,year,0,0,"$69,000 to $79,000",5a9ce4673bb3ff48,14060,1,0,0,0,0,0,0,0,1,0,0,1,1,0,1,0,0,0,0,0,1,0,0,0,0,0,0,0
960bf2426140241d,Energy Solutions,consulting,Energy Efficiency Project Manager I (Remote - US),sustainability,1,greenhouse,https://job-boards.greenhouse.io/energysolutions/jobs/5187621007,remote_national,0,0,,,,0,0,5,manager,0,0,,remote,1,2026-08-17T15:09:29-04:00,44,2026-09-28,2026-09-30,2,A minimum of 2 year,1,69000.0,79000.0,74000.0,,,10000.0,text,year,0,0,"$69,000 – $79,000",4c35a2c12c4a8b2c,13987,1,0,0,0,0,0,0,0,1,0,0,1,1,0,1,0,0,0,0,0,1,0,0,0,0,0,0,0
3c58c8d5286f403e,Energy Solutions,consulting,Senior Compliance Specialist,regulatory,0,greenhouse,https://job-boards.greenhouse.io/energysolutions/jobs/5221649007,remote_national,0,0,,,,0,0,3,senior,0,0,,remote,1,2026-09-10T17:08:26-04:00,20,2026-09-28,2026-09-28,8,8 years of experience,1,87100.0,120488.0,103794.0,,,33388.0,text,year,0,0,"$87,100 - $120,488",f918bfaefcc32050,14226,1,1,1,0,1,0,0,0,1,1,0,1,0,0,1,1,0,0,0,0,1,0,0,0,0,0,0,0
9a712ab702db139b,Energy Solutions,consulting,Senior Software Engineer (Hybrid - US),software_data,0,greenhouse,https://job-boards.greenhouse.io/energysolutions/jobs/5211639007,bay_area,1,4,MA,northeast,MA;IL;NY;CA;OR,5,1,3,senior,0,0,8.34,hybrid,0,2026-09-11T16:30:33-04:00,19,2026-09-28,2026-09-30,10,10 years of experience,1,140000.0,175000.0,157500.0,105.757,148926.31,35000.0,text,year,0,0,"$140,000 - $175,000",dcce549d010dc35d,15300,1,1,0,0,0,1,1,0,1,0,0,1,1,1,0,0,0,0,0,0,1,0,0,0,0,0,0,0
2da662ceb660660f,Energy Vault,grid_vendor,Project Development Director,siting_dev,0,lever,https://jobs.lever.co/EnergyVault/fd763cc5-87f0-4c62-9441-a1c41ff6dd53,,0,,CA,west,CA,1,1,6,director,0,0,,unspecified,0,2026-05-27T01:14:52.726000+00:00,126,2026-09-28,2026-09-30,,,1,154000.0,246000.0,200000.0,110.72,180635.84,92000.0,structured,year,0,0,,e7497a0cd863fb55,3742,0,0,0,0,0,0,0,0,0,0,0,0,0,0,0,0,0,0,0,0,0,0,0,0,0,0,0,0
296f9c1c430b2822,Euclid Power,energy_analytics,"Project Manager, Tax Credit Compliance",regulatory,0,ashby,https://jobs.ashbyhq.com/euclid-power/c1c9d4cf-b47d-41dd-9a02-f6fe670188be,remote_national,0,0,,,,0,0,5,manager,0,0,,remote,1,2026-08-10T09:02:56.331+00:00,51,2026-09-28,2026-09-30,3,3-6 year,1,130000.0,150000.0,140000.0,,,20000.0,structured,year,0,0,,6690ce5df309858e,5131,0,0,0,0,0,0,0,0,1,0,0,1,0,0,1,0,0,0,0,0,0,0,0,0,0,0,0,0
d488bb15899428b8,Form Energy,grid_vendor,"Senior Software Engineer, Factory Software",software_data,0,ashby,https://jobs.ashbyhq.com/formenergy/b2cb0bf8-acce-4a0c-a523-cc0a02765f66,,0,,WV,south,WV,1,0,3,senior,0,0,,unspecified,0,2026-02-04T22:07:27.783+00:00,238,2026-09-28,2026-09-30,5,5+ year,0,,,,89.497,,,,,0,0,,e3f724914e9d65b9,6498,1,1,0,0,0,0,0,1,0,0,0,1,1,1,1,0,1,0,0,0,1,0,0,1,1,0,1,0
743b97ba7d0febc0,Form Energy,grid_vendor,"Senior Software Engineer, Power Plant Software",software_data,0,ashby,https://jobs.ashbyhq.com/formenergy/51e4abde-0020-44ad-8b9d-6760bcaa004c,,0,,WV,south,WV,1,0,3,senior,0,0,,unspecified,0,2026-07-28T21:44:20.481+00:00,64,2026-09-28,2026-09-30,5,5+ year,0,,,,89.497,,,,,0,0,,f302e5f301595820,5689,0,1,0,0,0,0,0,0,0,0,0,1,0,0,1,0,1,0,0,0,1,0,0,1,1,0,1,0
006c9ed5af5b9255,Form Energy,grid_vendor,Staff Data Engineer,software_data,0,ashby,https://jobs.ashbyhq.com/formenergy/65f6cfeb-5f94-4f9a-bcb2-ab27357e3f88,bay_area,1,4,CA,west,CA,1,1,4,staff_principal,0,0,10.41,unspecified,0,2026-08-29T02:47:41.148+00:00,32,2026-09-28,2026-09-30,7,7+ year,1,147959.0,203470.0,175714.5,110.72,158701.68,55511.0,structured,year,0,0,,5c03fc019ece7aa1,6640,1,1,0,0,0,1,1,1,0,0,1,0,0,0,0,0,1,0,0,0,1,0,0,1,1,0,1,0
84735c64dc63f602,GridCARE,energy_analytics,"Optimization Engineer, Grid Systems",grid_power,0,ashby,https://jobs.ashbyhq.com/gridcare/ed076579-3cdf-445e-a70c-fb9470adfbfd,bay_area,1,4,CA,west,,0,1,2,mid,1,0,22.38,unspecified,0,2026-06-10T00:14:40.321+00:00,112,2026-09-28,2026-09-30,1,1–5 year,1,140000.0,220000.0,180000.0,110.72,162572.25,80000.0,text,year,0,0,"$140,000–$220,000",5880a01153ff8984,4444,0,1,1,0,0,1,0,0,1,0,0,1,0,1,0,0,0,0,0,0,1,0,1,1,0,0,0,0
cd01bc2369225d5f,GridCARE,energy_analytics,Senior/Staff Backend Software Engineer,software_data,0,ashby,https://jobs.ashbyhq.com/gridcare/ceab4465-52b3-4a63-b5fd-cb84dfab6e85,bay_area,1,4,CA,west,,0,1,3,senior,0,1,22.38,unspecified,0,2026-08-17T21:58:52.887+00:00,44,2026-09-28,2026-09-30,7,7+ year,1,184000.0,284000.0,234000.0,110.72,211343.93,100000.0,text,year,0,0,"$184,000 - $284,000",cd12eb30370c1d81,5553,0,0,0,0,0,1,0,1,1,0,1,1,1,0,0,0,0,0,0,0,1,0,1,1,0,0,0,0
d2728f20bce4db29,Gridware,energy_analytics,Data Engineer,software_data,0,lever,https://jobs.lever.co/gridware/ffe216c9-1fb4-4e35-87a6-af89ab08c28c,bay_area,1,4,CA,west,CA,1,1,2,mid,0,0,0.0,unspecified,0,2025-12-02T01:21:27.062000+00:00,302,2026-09-28,2026-09-30,,,1,160000.0,175000.0,167500.0,110.72,151282.51,15000.0,structured,year,0,0,,4c10867f473b03b9,1198,0,0,0,0,0,0,0,0,0,0,0,1,0,0,0,0,0,0,0,0,0,0,0,0,0,0,0,0
b011ab73f055cc58,Gridware,energy_analytics,"Design Researcher, Geospatial & Utility Operations",gis,0,lever,https://jobs.lever.co/gridware/ee15f45c-fd09-471f-a526-9b553efbbc6e,bay_area,1,4,CA,west,CA,1,1,2,mid,0,0,0.0,unspecified,0,2026-06-17T17:09:59.318000+00:00,105,2026-09-28,2026-09-30,,,1,155000.0,165000.0,160000.0,110.72,144508.67,10000.0,structured,year,0,0,,ac685cabcbcc11db,2396,0,0,0,0,0,0,0,0,0,0,0,1,0,0,0,0,0,0,0,0,0,0,0,0,0,0,0,0
cd05a1e3fd0ab033,Gridware,energy_analytics,"Senior Data Scientist, Fleet Health",ai_ml,0,lever,https://jobs.lever.co/gridware/5dbd6f4e-26f1-4cae-833a-32f1c6d70e7b,bay_area,1,4,CA,west,CA,1,1,3,senior,0,0,0.0,unspecified,0,2025-09-25T20:41:59.611000+00:00,370,2026-09-28,2026-09-30,,,1,175000.0,205000.0,190000.0,110.72,171604.05,30000.0,structured,year,0,0,,a02fb250d3be0ec3,1656,0,0,0,0,0,0,0,0,1,0,0,0,0,0,0,0,0,0,0,0,0,0,0,0,0,0,0,0
222e22e9cfbca8fc,Gridware,energy_analytics,"Senior Director, Full Stack Product",other,0,lever,https://jobs.lever.co/gridware/2e8e63d4-bf3d-44a1-b4cc-a50c65459409,bay_area,1,4,CA,west,CA,1,1,6,director,0,0,0.0,unspecified,0,2026-08-12T22:11:00.100000+00:00,49,2026-09-28,2026-09-30,,,1,260000.0,290000.0,275000.0,110.72,248374.28,30000.0,structured,year,0,0,,4dc4b56868da2c22,2318,0,0,0,0,0,0,0,0,1,0,0,1,0,0,0,0,0,0,0,0,0,0,0,0,0,0,0,0
419bfb78f6f368f8,Gridware,energy_analytics,"Senior Manager, Machine Learning",ai_ml,0,lever,https://jobs.lever.co/gridware/8f75aa55-a048-4539-ab36-4e0f24260110,bay_area,1,4,CA,west,CA,1,1,5,manager,0,0,0.0,unspecified,0,2026-07-09T17:18:58.794000+00:00,83,2026-09-28,2026-09-30,,,1,245000.0,295000.0,270000.0,110.72,243858.38,50000.0,structured,year,0,0,,3a04ae0c8aff215b,1087,0,0,0,0,0,0,0,0,1,0,0,0,0,0,0,0,0,0,0,0,0,0,0,0,0,0,0,0
58afd77c7fb2f394,Gridware,energy_analytics,"Senior Software Engineer, Grid Communications",grid_power,0,lever,https://jobs.lever.co/gridware/dd25acdc-a24b-45a1-b3b4-e98b22105b13,bay_area,1,4,CA,west,CA,1,1,3,senior,0,0,0.0,unspecified,0,2026-08-06T19:45:01.460000+00:00,55,2026-09-28,2026-09-30,,,1,190000.0,215000.0,202500.0,110.72,182893.79,25000.0,structured,year,0,0,,57de39f1a5ee71a8,1558,0,1,0,0,0,0,0,0,0,0,0,1,0,0,0,0,0,0,0,0,0,0,0,0,0,0,0,0
6a3a6937bd1ec956,Heron Power,grid_vendor,Staff/Senior Staff Software Engineer,software_data,0,ashby,https://jobs.ashbyhq.com/heron-power/a2d349cf-57e7-4d64-a3ac-745c12663430,,0,,CA,west,CA,1,1,4,staff_principal,0,0,,unspecified,0,2026-07-13T17:43:24.320+00:00,79,2026-09-28,2026-09-30,10,10+ year,1,180000.0,240000.0,210000.0,110.72,189667.63,60000.0,text,year,0,0,"$180,000 to $240,000",4c04e0f36c61c0ba,6209,1,1,1,0,0,1,1,1,0,0,0,1,1,1,0,0,0,0,0,0,0,0,0,1,0,0,0,0
27e29ac680838b5c,Heron Power,grid_vendor,Software Engineer / Senior Software Engineer ,software_data,0,ashby,https://jobs.ashbyhq.com/heron-power/a898379d-aaeb-488a-81ea-58eb3d0ad9ab,,0,,CA,west,CA,1,1,3,senior,0,0,,unspecified,0,2026-08-13T17:59:07.390+00:00,48,2026-09-28,2026-09-30,2,2+ year,1,130000.0,150000.0,140000.0,110.72,126445.09,20000.0,text,year,0,0,"$130,000 to $150,000",f0c9b3a4b5d9e9ee,4481,1,1,0,0,0,1,1,1,0,0,0,1,1,1,0,0,0,0,0,0,0,0,0,1,0,0,0,0
3fc245d0d03aaee3,Industrial Electric Manufacturing,grid_vendor,AI Operations Analyst,ai_ml,2,greenhouse,https://job-boards.greenhouse.io/industrialelectricmanufacturing/jobs/4327741009,,0,,TX,south,TX,1,0,2,mid,0,0,,unspecified,0,2026-07-21T19:24:56-04:00,71,2026-09-28,2026-09-30,,,1,106000.0,132000.0,119000.0,97.057,122608.36,26000.0,text,year,0,0,"$106,000 - 132,000",e452050bccea6039,10884,0,0,0,0,0,1,1,0,1,0,0,1,0,0,1,1,0,0,0,0,0,0,0,0,0,0,0,1
2bd6a5c70b93cb00,Industrial Electric Manufacturing,grid_vendor,Senior Business Analyst,software_data,2,greenhouse,https://job-boards.greenhouse.io/industrialelectricmanufacturing/jobs/4377645009,,0,,TX,south,TX,1,0,3,senior,0,0,,hybrid,0,2026-08-20T16:28:22-04:00,41,2026-09-28,2026-09-30,5,5+ year,0,,,,97.057,,,,,0,0,,7a71dda66084dd9f,12393,0,0,0,0,0,0,1,0,1,0,0,1,1,0,1,1,0,0,0,1,0,0,0,0,0,0,0,1
498c3ab26904d885,Kairos Power,developer,"Senior Manager, Commercial Development",siting_dev,0,greenhouse,https://job-boards.greenhouse.io/kairospower/jobs/6100734004,,0,,CA,west,CA,1,1,5,manager,0,0,,unspecified,0,2026-09-10T13:01:44-04:00,20,2026-09-28,2026-09-30,5,5+ year,1,201272.0,251590.0,226431.0,110.72,204507.77,50318.0,text,year,0,0,"$201,272 to $251,590",c8500ee19c260bd5,10063,1,0,1,0,0,0,0,0,0,0,0,1,1,1,0,1,0,0,0,0,1,1,0,0,1,0,0,0
96fad9293e5c6c7a,Kairos Power,developer,"Software Engineer, Cyber Physical Systems",software_data,0,greenhouse,https://job-boards.greenhouse.io/kairospower/jobs/6093018004,,0,,CA,west,CA;NM,2,1,2,mid,0,0,,unspecified,0,2026-08-18T18:50:14-04:00,43,2026-09-28,2026-09-30,,,1,92454.0,108769.0,100611.5,110.72,90870.21,16315.0,text,year,0,0,"$92,454 to $108,769",907d190486559fd1,20564,0,1,0,0,0,1,1,1,1,0,0,1,0,0,0,1,0,0,0,0,1,1,0,0,1,0,0,0
89c02bbdcd409345,Keel Infrastructure,data_center,GIS Coordinator,gis,0,greenhouse,https://job-boards.greenhouse.io/keelinfrastructure/jobs/5387549008,,0,,PA,northeast,PA,1,0,2,mid,1,0,,unspecified,0,2026-08-12T12:38:05-04:00,49,2026-09-28,2026-09-30,0,explicit no-experience statement,0,,,,97.572,,,,,0,0,,01e81034ac92ce7d,6625,0,0,0,0,0,0,0,0,1,0,0,0,1,0,0,1,0,0,0,0,0,0,0,1,0,0,0,0
e6f56ccd1050c608,Keel Infrastructure,data_center,Government and Regulatory Affairs Analyst,regulatory,2,greenhouse,https://job-boards.greenhouse.io/keelinfrastructure/jobs/5389640008,,0,,PA,northeast,PA,1,0,2,mid,1,0,,unspecified,0,2026-08-13T16:22:55-04:00,48,2026-09-28,2026-09-30,3,3–5 year,0,,,,97.572,,,,,0,0,,90e7ccf81cda33be,5538,1,0,0,0,0,0,0,0,1,1,0,1,1,0,0,1,0,0,0,0,0,0,0,1,0,0,0,0
0399ae90c784b298,Last Energy,developer,Development Associate,siting_dev,1,lever,https://jobs.lever.co/last-energy/d096b285-1b48-46d2-bd4b-65cba0e1aae2,,0,,TX,south,TX,1,0,1,entry,1,0,,unspecified,0,2026-05-13T17:24:42.337000+00:00,140,2026-09-28,2026-09-30,,,0,,,,97.057,,,,,0,0,,be6c672a7c301aed,793,0,0,0,0,0,0,0,0,0,0,0,0,0,0,0,0,0,0,0,0,0,0,0,0,0,0,0,0
a489d5089281b58a,Last Energy,developer,Project Development Manager,siting_dev,0,lever,https://jobs.lever.co/last-energy/09f46d53-6466-4ece-b4ab-ac0f4b4d2632,,0,,TX,south,TX,1,0,5,manager,0,0,,unspecified,0,2022-04-05T21:29:40.564000+00:00,1639,2026-09-28,2026-09-30,,,0,,,,97.057,,,,,0,0,,fd391a554c33b42a,556,0,0,0,0,0,0,0,0,0,0,0,1,0,0,0,0,0,0,0,0,0,0,0,0,0,0,0,0
84711fddf0c06bd8,LevelTen Energy,energy_analytics,Senior AI Enablement Specialist,ai_ml,0,greenhouse,https://job-boards.greenhouse.io/leveltenenergy/jobs/6113143004,seattle,1,3,WA,west,WA,1,1,3,senior,0,0,0.0,unspecified,0,2026-07-10T19:07:14-04:00,82,2026-09-28,2026-09-30,2,at least 2 year,1,140000.0,180000.0,160000.0,107.013,149514.54,40000.0,text,year,0,0,"$140,000-180,000",c4ec7c62f29be8f5,9202,0,0,0,0,0,0,0,0,1,0,0,1,0,0,1,0,0,0,0,0,0,1,1,1,1,0,0,0
687262cefb089d0c,NREL,energy_analytics,Senior Geospatial Researcher III/IV,gis,3,workday,https://nrel.wd5.myworkdayjobs.com/NLR/job/Golden-CO/Senior-Geospatial-Researcher-III-IV_R14482,denver,1,3,CO,west,CO,1,1,3,senior,0,0,,remote,1,2026-08-31,30,2026-09-28,2026-09-30,,,1,100400.0,180700.0,140550.0,103.052,136387.45,80300.0,text,year,0,0,"$100,400 - $180,700",b28853c207ffcfea,12392,1,1,1,0,0,1,0,0,0,0,0,1,1,1,0,1,0,1,0,0,1,1,0,0,1,1,0,1
2c04b56acb7c8166,NREL,energy_analytics,Integrated Grid Planning and Dynamics - Modeler/Analyst,grid_power,2,workday,https://nrel.wd5.myworkdayjobs.com/NLR/job/Golden-CO/Integrated-Grid-Planning-and-Dynamics--Modeler-Analyst_R14343,,0,,CO,west,CO,1,1,2,mid,0,0,,unspecified,0,2026-06-16,106,2026-09-28,2026-09-30,18,at least 18 year,1,100400.0,180700.0,140550.0,103.052,136387.45,80300.0,text,year,0,0,"$100,400 - $180,700",c8b013009fc6ce43,12056,1,0,1,0,0,1,0,0,0,0,0,1,1,1,1,1,0,1,0,0,1,1,0,0,1,1,0,1
6febee24a9de4c6f,New Leaf Energy,developer,Interconnection Project Manager (DG) - Internal NLE candidates only,grid_power,0,greenhouse,https://job-boards.greenhouse.io/newleafenergy/jobs/5226254007,boston,1,4,MA,northeast,MA,1,1,5,manager,0,0,22.99,hybrid,0,2026-09-03T15:04:41-04:00,27,2026-09-28,2026-09-30,4,4+ year,1,113620.0,132040.0,122830.0,105.757,116143.61,18420.0,text,year,0,0,"$113,620 - $132,040",b164163ebf26b241,8567,1,0,0,0,0,0,0,0,0,0,0,1,0,0,1,0,0,0,0,0,1,1,0,1,1,1,0,0
595d36698d31185c,New Leaf Energy,developer,Interconnection Project Manager (DG) - Internal NLE candidates only,grid_power,0,greenhouse,https://job-boards.greenhouse.io/newleafenergy/jobs/5226258007,,0,,NY,northeast,NY,1,1,5,manager,0,0,,hybrid,0,2026-09-03T15:04:55-04:00,27,2026-09-28,2026-09-30,4,4+ year,1,105180.0,122240.0,113710.0,107.921,105364.11,17060.0,text,year,0,0,"$105,180 - $122,240",aa99151d3e3fc608,8586,1,0,0,0,0,0,0,0,0,0,0,1,0,0,1,0,0,0,0,0,1,1,0,1,1,1,0,0
31e518c529c3b2f6,New Leaf Energy,developer,Interconnection Project Manager (DG) - Internal NLE candidates only,grid_power,0,greenhouse,https://job-boards.greenhouse.io/newleafenergy/jobs/5226257007,chicago,1,1,IL,midwest,IL,1,1,5,manager,0,0,0.0,hybrid,0,2026-09-03T15:04:51-04:00,27,2026-09-28,2026-09-30,4,4+ year,1,112970.0,131290.0,122130.0,99.958,122181.32,18320.0,text,year,0,0,"$112,970-$131,290",131355751c850682,8589,1,0,0,0,0,0,0,0,0,0,0,1,0,0,1,0,0,0,0,0,1,1,0,1,1,1,0,0
df7d9b951e9016bb,New Leaf Energy,developer,Interconnection Project Manager (DG) - Internal NLE candidates only,grid_power,0,greenhouse,https://job-boards.greenhouse.io/newleafenergy/jobs/5226256007,boston,1,4,MA,northeast,MA,1,1,5,manager,0,0,0.0,hybrid,0,2026-09-03T15:04:46-04:00,27,2026-09-28,2026-09-30,4,4+ year,1,113620.0,132040.0,122830.0,105.757,116143.61,18420.0,text,year,0,0,"$113,620-$132,040",000abcdf244a62a5,8588,1,0,0,0,0,0,0,0,0,0,0,1,0,0,1,0,0,0,0,0,1,1,0,1,1,1,0,0
5442d40673412277,Orenda,energy_analytics,Senior Energy Market Research Analyst,market_commercial,2,greenhouse,https://job-boards.greenhouse.io/orenda/jobs/7728937003,new_york,1,4,NY,northeast,NY,1,1,3,senior,0,0,0.0,unspecified,0,2026-05-08T18:07:00-04:00,145,2026-09-28,2026-09-30,3,3+ year,1,120000.0,180000.0,150000.0,107.921,138990.56,60000.0,text,year,0,0,"$120,000-180,000",ee4815aae88847cd,8083,1,1,1,0,0,1,0,0,0,0,0,0,0,0,0,1,0,0,0,0,1,1,0,0,1,0,0,0
a8f21c85941a6a7b,Palmetto Clean Technology,developer,"Capital Markets Associate, Structured Finance",market_commercial,1,greenhouse,https://job-boards.greenhouse.io/palmettocleantech/jobs/5378132008,new_york,1,4,NY,northeast,NY,1,1,1,entry,1,0,0.0,unspecified,0,2026-08-03T14:01:24-04:00,58,2026-09-28,2026-09-30,3,3-5+ year,0,,,,107.921,,,,,0,0,,29f45ca8e239d522,5590,1,0,0,0,0,0,0,0,1,0,0,0,1,0,1,0,0,0,0,0,1,0,0,1,1,0,0,0
af384e365a397070,Palmetto Clean Technology,developer,Senior Capital Markets Analyst,market_commercial,2,greenhouse,https://job-boards.greenhouse.io/palmettocleantech/jobs/5378135008,new_york,1,4,NY,northeast,NY,1,1,3,senior,0,0,0.0,unspecified,0,2026-08-03T14:01:23-04:00,58,2026-09-28,2026-09-30,1,1–3+ year,0,,,,107.921,,,,,0,0,,9abde2f4b9d4465a,5429,1,0,0,0,0,0,0,0,1,0,0,1,1,0,0,0,0,0,0,0,1,0,0,1,1,0,0,0
f3587db512ead77b,RMI,consulting,"Senior Associate, Energy Efficiency, Electrification, and Demand Management - Buildings Program (California or Northeastern U.S.)",sustainability,3,workday,https://rockymountain.wd1.myworkdayjobs.com/RMI/job/Remote---US/Senior-Associate--Energy-Efficiency--Electrification--and-Demand-Management---Buildings-Program--California-or-Northeastern-US-_R-101615,remote_national,0,0,,,,0,0,3,senior,0,0,,remote,1,2026-09-16,14,2026-09-28,2026-09-30,,,1,84000.0,103000.0,93500.0,,,19000.0,text,year,0,0,"$84,000-$103,000",097ef13fb0a544d9,9900,0,0,0,0,0,1,0,0,0,0,0,0,1,0,1,1,0,0,0,0,1,0,1,1,1,0,0,1
4a308b687b3fa42e,SEL Schweitzer Engineering Laboratories,grid_vendor,Research & Development Project Manager III,siting_dev,3,workday,https://selinc.wd1.myworkdayjobs.com/SEL/job/Washington---Pullman/Project-Manager_2026-23030-1,,0,,WA,west,WA,1,1,5,manager,0,0,,unspecified,0,2026-09-21,9,2026-09-28,2026-09-30,,,1,86700.0,128100.0,107400.0,107.013,100361.64,41400.0,text,year,0,0,"$86,700 - $128,100",4280a1d045a3ea1a,4514,0,0,0,0,0,0,0,0,0,0,0,1,1,1,0,0,0,0,0,0,1,1,0,0,1,1,0,0
85c637f26aef2c57,SEL Schweitzer Engineering Laboratories,grid_vendor,Lead Software Engineer — R&D Productivity Tools,software_data,0,workday,https://selinc.wd1.myworkdayjobs.com/SEL/job/Washington---Pullman/Lead-Software-Engineer---Productivity-Tools_2026-21355,,0,,WA,west,WA,1,1,3,senior,0,0,,unspecified,0,2026-09-17,13,2026-09-28,2026-09-30,,,1,107600.0,161500.0,134550.0,107.013,125732.39,53900.0,text,year,0,0,"$107,600 - $161,500",d99dacd5e5c6f2c3,4015,0,1,0,0,0,1,0,0,1,0,0,0,0,1,0,0,0,0,0,0,1,1,0,0,1,1,0,0
e7a9d085ae70608a,SEL Schweitzer Engineering Laboratories,grid_vendor,Lead Software Engineer - Full Stack + Kubernetes,software_data,0,workday,https://selinc.wd1.myworkdayjobs.com/SEL/job/Washington---Pullman/Lead-Software-Engineer---Full-Stack---Kubernetes_2026-21170,,0,,WA,west,WA,1,1,3,senior,0,0,,remote,0,2026-09-17,13,2026-09-28,2026-09-30,,,1,107600.0,161500.0,134550.0,107.013,125732.39,53900.0,text,year,0,0,"$107,600 - $161,500",524fe1b8f1447a3f,3909,0,0,0,0,0,0,0,1,0,0,0,1,0,1,0,0,0,0,0,0,1,1,0,0,1,1,0,0
2bc4a4bc074ed72e,SEL Schweitzer Engineering Laboratories,grid_vendor,Firmware/Embedded Software Engineer,software_data,0,workday,https://selinc.wd1.myworkdayjobs.com/SEL/job/North-Carolina---Charlotte/Firmware-Embedded-Software-Engineer_2026-21146-1,,0,,NC,south,NC,1,0,2,mid,0,0,,unspecified,0,2026-09-17,13,2026-09-28,2026-09-30,,,1,89400.0,134100.0,111750.0,94.326,118472.11,44700.0,text,year,0,0,"$89,400 - $134,100",fe0d5ecda6d61908,2714,0,1,0,0,0,1,0,0,0,0,0,1,0,1,0,0,0,0,0,0,1,1,0,0,1,1,0,0
0db2ca3665e1878f,SEL Schweitzer Engineering Laboratories,grid_vendor,Software Engineer - Full Stack TypeScript/React/C#,software_data,0,workday,https://selinc.wd1.myworkdayjobs.com/SEL/job/Idaho---Boise/Software-Engineer---Full-Stack-TypeScript-React-C-_2026-23008,,0,,ID,west,ID,1,0,2,mid,0,0,,unspecified,0,2026-09-09,21,2026-09-28,2026-09-30,,,1,84200.0,112300.0,98250.0,95.494,102886.05,28100.0,text,year,0,0,"$84,200 - $112,300",a6bfc2b75a569a34,3344,0,1,0,0,0,1,0,0,0,0,0,1,0,1,0,0,0,0,0,0,1,1,0,0,1,1,0,0
fddf98f03d8645b3,SEL Schweitzer Engineering Laboratories,grid_vendor,Software Engineer (AI/ML Tools focus),ai_ml,0,workday,https://selinc.wd1.myworkdayjobs.com/SEL/job/Washington---Pullman/Software-Engineer--AI-ML-Tools-focus-_2026-21798,,0,,WA,west,WA,1,1,2,mid,0,0,,unspecified,0,2026-06-25,97,2026-09-28,2026-09-30,,,1,97700.0,144400.0,121050.0,107.013,113117.1,46700.0,text,year,0,0,"$ 97,700.00 - $144,400.00",e7c39c1f65864aff,6445,0,0,0,0,0,1,0,1,1,0,0,0,0,0,1,0,0,0,0,0,1,1,0,0,1,1,0,0
a1e4816a25f02eee,SEL Schweitzer Engineering Laboratories,grid_vendor,Data Engineer,software_data,0,workday,https://selinc.wd1.myworkdayjobs.com/SEL/job/Washington---Pullman/Data-Engineer_2026-20940-1,,0,,WA,west,WA,1,1,2,mid,0,0,,unspecified,0,2026-05-14,139,2026-09-28,2026-09-30,,,1,97740.0,144460.0,121100.0,107.013,113163.82,46720.0,text,year,0,0,"$97,740 – $144,460",a076bfed873e26b2,3350,0,0,0,0,0,0,1,1,0,0,0,1,0,0,0,0,0,0,0,0,1,1,0,0,1,1,0,0
6ed4f5e84348398b,SOLV Energy,developer,Regional Permitting Manager (East Region),siting_dev,0,workday,https://solvenergy.wd1.myworkdayjobs.com/SOLV_External_Career/job/Edison-NJ/Regional-Permitting-Manager--East-Region-_J13738,new_york,1,4,NJ,northeast,NJ,1,1,5,manager,0,0,25.17,unspecified,0,2026-08-14,47,2026-09-28,2026-09-30,,,1,114173.0,139862.0,127017.5,108.805,116738.66,25689.0,text,year,0,0,"$114,173 - $139,862",8df8cc4b8450967b,7498,1,0,0,0,0,0,0,0,0,0,0,1,1,0,0,1,0,0,0,0,1,1,0,0,1,0,0,0
a4e50f96ea2dfbe5,SOLV Energy,developer,Regional Permitting Manager (Central Region),siting_dev,0,workday,https://solvenergy.wd1.myworkdayjobs.com/SOLV_External_Career/job/San-Diego-CA-Renewable-Group/Regional-Permitting-Manager--Central-Region-_J13737,denver,1,3,TX,south,TX;CO,2,1,5,manager,0,0,0.0,remote,1,2026-08-14,47,2026-09-28,2026-09-30,,,1,114173.0,139862.0,127017.5,97.057,130868.97,25689.0,text,year,0,0,"$114,173 - $139,862",529b977f240d2840,7555,1,0,0,0,0,0,0,0,0,0,0,1,1,0,0,1,0,0,0,0,1,1,0,0,1,0,0,0
21825f3d5b5b292e,SOLV Energy,developer,"Director of Project Development and Strategy, High Voltage",siting_dev,0,workday,https://solvenergy.wd1.myworkdayjobs.com/SOLV_External_Career/job/San-Diego-CA-Renewable-Group/Director-of-Project-Development-and-Strategy--High-Voltage_J13633,denver,1,3,TX,south,TX;CO,2,1,6,director,0,0,0.0,unspecified,0,2026-07-17,75,2026-09-28,2026-09-30,,,1,164122.0,205153.0,184637.5,97.057,190236.15,41031.0,text,year,0,0,"$164,122 - $205,153",d2456289e95b7ba3,8154,1,0,0,0,1,0,0,0,0,0,0,0,1,1,0,0,0,0,0,0,1,1,0,0,1,0,0,0
1b0c52d3d2ec5c70,Scale Microgrids,developer,"Director, Capital Markets",market_commercial,0,lever,https://jobs.lever.co/ScaleMicrogridSolutions/604483fe-bab4-48a2-819e-4970ec2b2085,new_york,1,4,NY,northeast,NY,1,1,6,director,0,0,0.0,unspecified,0,2026-09-08T15:41:17.659000+00:00,22,2026-09-28,2026-09-30,3,3+ year,0,,,,107.921,,,,,0,0,,ad6d340047cf7588,2989,1,1,0,0,0,0,0,0,0,0,0,1,0,0,1,0,0,0,1,0,1,1,0,1,1,0,0,0
6e1e5bf1ee717030,Scale Microgrids,developer,Project Development Manager,siting_dev,0,lever,https://jobs.lever.co/ScaleMicrogridSolutions/748c79f3-8892-4bac-a23b-a4f9e53a9b76,,0,,NJ,northeast,NJ,1,1,5,manager,0,0,,hybrid,0,2026-05-04T14:57:26.232000+00:00,149,2026-09-28,2026-09-29,,,0,,,,108.805,,,,,0,0,,1d836d0f6285f9cd,829,0,0,0,0,0,0,0,0,0,0,0,0,0,0,0,0,0,0,0,0,0,0,0,0,0,0,0,0
fdc31a4a8d181b08,Scale Microgrids,developer,Sr Software Engineer,software_data,0,lever,https://jobs.lever.co/ScaleMicrogridSolutions/68b3a663-c80e-4cc8-b4a6-e0cde42ba48d,new_york,1,4,NY,northeast,NY,1,1,3,senior,0,0,0.0,unspecified,0,2026-05-14T17:54:33.762000+00:00,139,2026-09-28,2026-09-30,,,0,,,,107.921,,,,,0,0,,a5f5ef2cad98fad1,376,0,1,0,0,0,0,0,0,0,0,0,0,0,0,0,0,0,0,1,0,0,0,0,0,0,0,0,0
6fd2ecf018eabe4b,South Jersey Industries,utility,Market & Credit Risk Analyst Lead,market_commercial,2,workday,https://sjindustries.wd1.myworkdayjobs.com/SJI/job/Remote---NY/Market---Credit-Risk-Analyst-Lead_R4286,new_york,1,4,NY,northeast,,0,1,3,senior,0,0,,remote,1,2026-09-09,21,2026-09-28,2026-09-30,6,6 years of relevant experience,1,97875.0,156600.0,127237.5,107.921,117898.74,58725.0,text,year,0,0,"$97,875 - 156,600",7da069c933c2dcb0,5670,1,0,1,0,1,0,0,0,0,0,0,1,0,1,0,1,0,0,0,0,1,1,0,0,1,0,0,0
880144be359dc219,Sunrun,developer,"Senior Associate, Strategic Pricing",market_commercial,3,workday,https://sunrun.wd5.myworkdayjobs.com/Sunrun_Careers/job/NY-New-York/Associate--Strategic-Pricing_R73012,new_york,1,4,NY,northeast,NY,1,1,3,senior,0,0,0.0,unspecified,0,2026-09-25,5,2026-09-28,2026-09-30,,,1,118496.28,157995.04,138245.66,107.921,128098.94,39498.76000000001,text,year,0,0,"$118,496.28 to $157,995.04",3ab5997e911a923e,8070,1,1,0,0,0,0,0,0,0,0,0,1,0,0,1,0,0,0,0,0,0,0,0,0,0,0,0,1
c19e7f969cbeddac,Sunrun,developer,Sr. Program Manager - Grid Services,grid_power,0,workday,https://sunrun.wd5.myworkdayjobs.com/Sunrun_Careers/job/REMOTE/Sr-Program-Manager---Grid-Services_R73829,remote_national,0,0,,,,0,0,5,manager,0,0,,remote,1,2026-09-09,21,2026-09-28,2026-09-30,,,1,88185.97,117581.29,102883.63,,,29395.319999999992,text,year,0,0,"$88,185.97 to $117,581.29",2e66c7e4b6d653ab,6876,1,1,0,0,0,0,1,0,0,0,0,1,1,0,0,0,0,0,0,0,0,0,0,0,0,0,0,1
69110fccf80e5ce0,TAR,developer,"Software Engineer, Robotics",software_data,0,ashby,https://jobs.ashbyhq.com/tar/7245c22c-b463-4ea9-91a0-a80617709f5d,bay_area,1,4,CA,west,CA,1,1,2,mid,1,0,0.0,onsite,0,2026-09-15T22:39:13.027+00:00,15,2026-09-28,2026-09-30,2,2+ year,0,,,,110.72,,,,,0,0,,8ac3e295bc575a02,3868,0,0,0,0,0,0,0,0,1,0,0,0,0,0,0,1,0,0,0,0,1,0,0,0,1,0,0,0
c5ccabed8118a51b,TAR,developer,Software Engineer,software_data,0,ashby,https://jobs.ashbyhq.com/tar/5850f401-339c-47ff-84dd-593344ebcae8,bay_area,1,4,CA,west,CA,1,1,2,mid,0,0,0.0,onsite,0,2026-08-26T05:51:47.054+00:00,35,2026-09-28,2026-09-30,,,0,,,,110.72,,,,,0,0,,a03f41de0d23e68c,5565,0,1,0,0,0,1,0,0,1,0,0,0,0,0,0,0,0,0,0,0,1,0,0,0,1,0,0,0
d69f64b06b3d0f31,TAR,developer,Lead Software Engineer ,software_data,0,ashby,https://jobs.ashbyhq.com/tar/eb913fdf-9018-4772-883c-34644808e1e2,bay_area,1,4,CA,west,CA,1,1,3,senior,0,0,0.0,onsite,0,2026-09-18T23:16:29.161+00:00,12,2026-09-28,2026-09-30,5,5-7 year,0,,,,110.72,,,,,0,0,,291bb1c773d588f2,4402,0,1,0,0,0,1,0,0,1,0,0,1,0,1,0,0,0,0,0,0,1,0,0,0,1,0,0,0
03ea911621df6139,Tapestry,energy_analytics,"Backend Software Engineer, Developer Productivity Engineering",software_data,0,greenhouse,https://job-boards.greenhouse.io/tapestryenergy/jobs/8533640002,bay_area,1,4,CA,west,,0,1,2,mid,1,0,32.54,unspecified,0,2026-05-01T17:31:45-04:00,152,2026-09-28,2026-09-30,2,2+ year,1,161000.0,194000.0,177500.0,110.72,160314.31,33000.0,text,year,0,0,"$161,000 - $194,000",4ce8d126689bbb55,6543,0,1,0,0,0,1,0,1,1,1,0,1,0,0,0,0,0,0,0,0,1,1,0,1,1,0,0,0
d5b808f7faa0ef5f,Tapestry,energy_analytics,"Engineering Manager,  Grid Model Management",grid_power,0,greenhouse,https://job-boards.greenhouse.io/tapestryenergy/jobs/8831821002,bay_area,1,4,CA,west,,0,1,5,manager,0,0,32.54,unspecified,0,2026-09-22T18:32:57-04:00,8,2026-09-28,2026-09-30,3,3+ year,1,207000.0,304000.0,255500.0,110.72,230762.28,97000.0,text,year,0,0,"$207,000 - $304,000",26ea46ad5e57c61a,6536,1,1,0,0,0,0,0,0,1,0,0,1,0,1,0,0,0,0,0,0,1,1,0,1,1,0,0,0
52f4f9edae1d9e54,Tapestry,energy_analytics,Machine Learning Engineer,ai_ml,0,greenhouse,https://job-boards.greenhouse.io/tapestryenergy/jobs/8633983002,bay_area,1,4,CA,west,,0,1,2,mid,1,0,32.54,unspecified,0,2026-07-14T22:15:49-04:00,78,2026-09-28,2026-09-30,3,3+ year,1,166000.0,244000.0,205000.0,110.72,185151.73,78000.0,text,year,0,0,"$166,000 - $244,000",e05c7c889ff9a72b,5132,1,1,1,0,0,1,0,1,1,0,0,1,0,0,0,0,0,0,0,0,1,1,0,1,1,0,0,0
12932ac0851bd03c,Tapestry,energy_analytics,Senior Backend Software Engineer,software_data,0,greenhouse,https://job-boards.greenhouse.io/tapestryenergy/jobs/8737711002,bay_area,1,4,CA,west,,0,1,3,senior,0,0,32.54,unspecified,0,2026-08-21T12:59:47-04:00,40,2026-09-28,2026-09-30,3,3-5 year,1,174000.0,255000.0,214500.0,110.72,193731.94,81000.0,text,year,0,0,"$174,000 - $255,000",3fbbbdc114a6308a,5395,1,1,0,0,0,0,1,1,1,0,0,1,0,0,1,0,0,0,0,0,1,1,0,1,1,0,0,0
10b560dff8f3ad40,Tapestry,energy_analytics,"Senior Engineering Manager, Grid Applications",grid_power,0,greenhouse,https://job-boards.greenhouse.io/tapestryenergy/jobs/8746418002,bay_area,1,4,CA,west,,0,1,5,manager,0,0,32.54,unspecified,0,2026-08-25T12:51:58-04:00,36,2026-09-28,2026-09-30,10,at least 10 year,1,262000.0,369000.0,315500.0,110.72,284953.03,107000.0,text,year,0,0,"$262,000 - $369,000",111e7179c80702f1,5908,0,1,1,0,0,0,0,0,1,0,0,1,0,1,0,0,0,0,0,0,1,1,0,1,1,0,0,0
e4ebd8e45ca5808b,Tapestry,energy_analytics,"Senior Software Engineering, Machine Learning  Operations",ai_ml,0,greenhouse,https://job-boards.greenhouse.io/tapestryenergy/jobs/8709950002,bay_area,1,4,CA,west,CA,1,1,3,senior,0,0,32.54,unspecified,0,2026-08-17T11:27:13-04:00,44,2026-09-28,2026-09-30,1,1-2 year,1,166000.0,244000.0,205000.0,110.72,185151.73,78000.0,text,year,0,0,"$166,000 - $244,000",071627afb69c5164,5634,1,1,1,0,0,1,1,1,1,0,0,1,0,0,0,0,0,0,0,0,1,1,0,1,1,0,0,0
4caf77d192466274,Tapestry,energy_analytics,Staff Backend Software Engineer,software_data,0,greenhouse,https://job-boards.greenhouse.io/tapestryenergy/jobs/8373587002,bay_area,1,4,CA,west,CA,1,1,4,staff_principal,0,0,32.54,unspecified,0,2026-01-13T20:42:21-05:00,260,2026-09-28,2026-09-30,10,10+ year,1,207000.0,300000.0,253500.0,110.72,228955.92,93000.0,text,year,0,0,"$207,000 - $300,000",5f58e8123294d264,5901,1,1,0,0,0,0,1,1,1,0,0,1,0,1,1,0,0,0,0,0,1,1,0,1,1,0,0,0
b994ebfbe71d7ca0,Tapestry,energy_analytics,"Staff Backend Software Engineer, Developer Productivity Engineering",software_data,0,greenhouse,https://job-boards.greenhouse.io/tapestryenergy/jobs/8807321002,bay_area,1,4,CA,west,,0,1,4,staff_principal,0,0,32.54,unspecified,0,2026-09-16T15:52:38-04:00,14,2026-09-28,2026-09-30,2,2+ year,1,207000.0,290000.0,248500.0,110.72,224440.03,83000.0,text,year,0,0,"$207,000 - $290,000",3319b83aa6a126fa,8332,0,0,0,0,0,0,1,1,1,0,1,1,0,1,0,0,0,0,0,0,1,1,0,1,1,0,0,0
bf2bf4036c7fd47e,Tapestry,energy_analytics,Staff Full Stack Software Engineer,software_data,0,greenhouse,https://job-boards.greenhouse.io/tapestryenergy/jobs/8824164002,bay_area,1,4,CA,west,CA,1,1,4,staff_principal,0,0,32.54,unspecified,0,2026-09-18T22:58:55-04:00,12,2026-09-28,2026-09-30,10,10+ year,1,207000.0,300000.0,253500.0,110.72,228955.92,93000.0,text,year,0,0,"$207,000 - $300,000",844aeddb57fc6599,6158,0,1,0,0,0,1,0,0,1,1,0,1,0,0,0,0,0,0,0,0,1,1,0,1,1,0,0,0
e427e7a363a74ec8,TerraPower,developer,Data Architect,other,0,greenhouse,https://job-boards.greenhouse.io/terrapowerllc/jobs/4216136009,seattle,1,3,WA,west,WA,1,1,4,staff_principal,0,0,6.09,hybrid,0,2026-04-13T15:04:05-04:00,170,2026-09-28,2026-09-30,9,9+ year,1,168316.0,252475.0,210395.5,107.013,196607.42,84159.0,text,year,0,0,"$168,316 - $252,475",d8d967be5a631f30,13786,0,0,0,0,0,0,1,1,1,0,1,1,1,1,0,1,0,0,0,0,1,1,1,1,1,0,1,1
a22bfb251bdde963,TerraPower,developer,Director of Industrial Sector Market Development,siting_dev,0,greenhouse,https://job-boards.greenhouse.io/terrapowerllc/jobs/4310230009,seattle,1,3,WA,west,WA,1,1,6,director,0,0,6.09,hybrid,0,2026-07-08T20:17:39-04:00,84,2026-09-28,2026-09-30,15,15+ year,1,195825.66,261100.88,228463.27000000002,107.013,213491.14,65275.22,text,year,0,0,"$195,825.66 - $261,100.88",ee46e6f64f5a8674,12189,0,1,0,0,0,0,0,0,0,0,0,1,0,1,0,1,0,0,0,0,1,1,1,1,1,0,1,1
2f3bb4eb5ec1c3bc,TerraPower,developer,"IT Manager, Application Development",siting_dev,0,greenhouse,https://job-boards.greenhouse.io/terrapowerllc/jobs/4413460009,seattle,1,3,WA,west,WA,1,1,5,manager,0,0,6.09,hybrid,0,2026-09-21T15:29:39-04:00,9,2026-09-28,2026-09-30,3,3–8 year,1,153861.0,205149.0,179505.0,107.013,167741.3,51288.0,text,year,0,0,"$153,861-$205,149",cf2f70a588a72b89,13684,1,1,0,0,0,1,1,1,1,0,0,0,1,1,0,1,1,0,0,0,1,1,1,0,1,0,1,1
6f1c4cdb12e39a52,TerraPower,developer,Nuclear Siting Project Manager – Natrium Technology,siting_dev,0,greenhouse,https://job-boards.greenhouse.io/terrapowerllc/jobs/4170403009,seattle,1,3,WA,west,WA,1,1,5,manager,0,0,6.09,hybrid,0,2026-03-27T15:10:12-04:00,187,2026-09-28,2026-09-30,8,Minimum 8+ year,1,140021.02,181845.47,160933.245,107.013,150386.63,41824.45000000001,text,year,0,0,"$140,021.02 - $181,845.47",d2328c8939e8fb21,10726,1,0,1,0,1,0,0,0,0,0,0,1,0,0,0,1,0,0,0,0,1,1,1,1,1,0,1,1
65da604568d05743,TerraPower,developer,"Senior Manager, FP&A",market_commercial,0,greenhouse,https://job-boards.greenhouse.io/terrapowerllc/jobs/4180934009,seattle,1,3,WA,west,WA,1,1,5,manager,0,0,6.09,hybrid,0,2026-03-27T15:10:52-04:00,187,2026-09-28,2026-09-30,12,Minimum 12 year,1,138685.0,208072.0,173378.5,107.013,162016.3,69387.0,text,year,0,0,"$138,685 - $208,072",855b5f1a0ba650a3,12538,1,0,0,0,0,0,0,0,0,0,0,1,0,0,0,1,0,0,0,0,1,1,1,1,1,0,1,1
82672d4f2c9de237,The Nuclear Company,developer,"AI Engineer 1 - Compliance, Quality & Testing ",ai_ml,0,greenhouse,https://job-boards.greenhouse.io/thenuclearcompany/jobs/5286179008,,0,,DC,south,DC,1,1,2,mid,1,0,,unspecified,0,2026-06-29T15:57:20-04:00,93,2026-09-28,2026-09-30,0,explicit no-experience statement,1,80000.0,150000.0,115000.0,109.901,104639.63,70000.0,text,year,0,0,"$80,000 - $150,000",c838f84c4b47ef19,15701,0,1,0,1,0,1,0,0,1,0,0,1,1,0,0,0,0,0,0,0,1,1,0,0,1,0,0,0
edd08f72daa2b175,The Nuclear Company,developer,Interconnection Specialist,grid_power,0,greenhouse,https://job-boards.greenhouse.io/thenuclearcompany/jobs/5421799008,,0,,SC,south,SC;DC,2,1,2,mid,0,0,,unspecified,0,2026-09-11T10:26:26-04:00,19,2026-09-28,2026-09-30,5,5+ year,1,98000.0,118000.0,108000.0,93.749,115201.23,20000.0,text,year,0,0,"$98,000 - $118,000",5f832be6bfca0cc5,8214,0,0,1,0,0,0,0,0,1,0,0,1,1,0,1,0,0,0,0,0,1,1,0,0,1,0,0,0
db05e562d224e61e,The Nuclear Company,developer,"Manager, Development Finance",siting_dev,0,greenhouse,https://job-boards.greenhouse.io/thenuclearcompany/jobs/5309714008,,0,,DC,south,DC,1,1,5,manager,0,0,,unspecified,0,2026-07-09T10:23:44-04:00,83,2026-09-28,2026-09-30,3,3-5 year,1,118000.0,140000.0,129000.0,109.901,117378.37,22000.0,text,year,0,0,"$118,000 - $140,000",dba87918e09228c7,7521,1,0,0,0,0,0,0,0,1,1,0,1,0,0,0,0,0,0,0,0,1,1,0,0,1,0,0,0
0791de5fe80917ad,The Nuclear Company,developer,Permitting Specialist,siting_dev,0,greenhouse,https://job-boards.greenhouse.io/thenuclearcompany/jobs/5421792008,,0,,SC,south,SC;DC,2,1,2,mid,1,0,,unspecified,0,2026-09-11T10:26:46-04:00,19,2026-09-28,2026-09-30,3,3+ year,1,88000.0,109000.0,98500.0,93.749,105067.79,21000.0,text,year,0,0,"$88,000 - $109,000",08a6a0881e05ac3b,11814,1,0,0,0,0,0,0,0,1,0,0,1,1,0,1,1,0,0,0,0,1,1,0,0,1,0,0,0
c8abddb727bf6134,The Nuclear Company,developer,Senior Software Engineer,software_data,0,greenhouse,https://job-boards.greenhouse.io/thenuclearcompany/jobs/5426921008,,0,,DC,south,DC,1,1,3,senior,0,0,,unspecified,0,2026-09-18T11:43:18-04:00,12,2026-09-28,2026-09-30,4,4+ year,1,121000.0,143000.0,132000.0,109.901,120108.1,22000.0,text,year,0,0,"$121,000 - $143,000",cd52887a75e29dce,20157,1,1,0,0,0,1,0,0,1,0,0,1,1,1,1,0,0,0,0,0,1,1,0,0,1,0,0,0
3079d5892fd3bdb9,The Nuclear Company,developer,Staff Software Engineer,software_data,0,greenhouse,https://job-boards.greenhouse.io/thenuclearcompany/jobs/5270631008,,0,,DC,south,DC,1,1,4,staff_principal,0,0,,unspecified,0,2026-06-22T12:57:31-04:00,100,2026-09-28,2026-09-30,7,7+ year,1,150000.0,203000.0,176500.0,109.901,160599.08,53000.0,text,year,0,0,"$150,000 - $203,000",5528b9e296e9c8b7,20014,1,1,0,0,0,1,0,0,1,0,0,1,1,1,1,0,0,0,0,0,1,1,0,0,1,0,0,0
969b7d7bcee65c5e,The Nuclear Company,developer,"Vice President, Corporate FP&A",market_commercial,0,greenhouse,https://job-boards.greenhouse.io/thenuclearcompany/jobs/5400115008,,0,,SC,south,SC;DC,2,1,7,executive,0,0,,unspecified,0,2026-08-25T10:53:46-04:00,36,2026-09-28,2026-09-30,12,12+ year,1,242000.0,274000.0,258000.0,93.749,275202.94,32000.0,text,year,0,0,"$242,000 - $274,000",0fb6f66839407391,9487,0,0,0,0,0,0,0,0,1,1,0,1,0,0,0,0,0,0,0,0,1,1,0,1,1,0,0,0
6b64bbc56d980c54,VELCO,utility,Transmission Planning Engineer,grid_power,0,workday,https://velco.wd12.myworkdayjobs.com/VELCO/job/Hybrid---Rutland-Vermont/Transmission-Planning-Engineer_JR26-64,,0,,VT,northeast,VT,1,1,2,mid,1,0,,hybrid,0,2026-09-21,9,2026-09-28,2026-09-30,2,2 to 7 year,1,90916.8,109100.16,100008.48000000001,97.958,102093.22,18183.36,text,year,0,0,"$90,916.80 - $109,100.16",92dd2ea8f781af11,6877,0,0,1,0,0,1,0,0,0,0,0,1,1,0,1,1,0,0,0,1,0,0,1,0,1,0,1,0
030ce7fab4288ef6,Verse,energy_analytics,Senior Business Operations Analyst,other,2,greenhouse,https://job-boards.greenhouse.io/verse/jobs/5409747008,bay_area,1,4,CA,west,CA,1,1,3,senior,0,0,0.0,hybrid,0,2026-08-28T15:48:40-04:00,33,2026-09-28,2026-09-30,3,3+ year,1,110000.0,150000.0,130000.0,110.72,117413.29,40000.0,text,year,0,0,"$110,000 - $150,000",fc74f35e58cfe8b0,8331,0,1,0,0,0,0,0,0,1,0,0,1,1,0,1,0,0,0,0,0,1,1,0,1,1,0,0,0
f049ecca79682a6c,Verse,energy_analytics,"Senior Software Engineer, Fleet Telemetry & Control (Rust)",software_data,0,greenhouse,https://job-boards.greenhouse.io/verse/jobs/5383226008,bay_area,1,4,CA,west,CA,1,1,3,senior,0,0,0.0,hybrid,0,2026-08-09T15:40:26-04:00,52,2026-09-28,2026-09-30,5,At least 5+ year,1,150000.0,240000.0,195000.0,110.72,176119.94,90000.0,text,year,0,0,"$150,000 - $240,000",2de8c25a22ef3330,7795,1,1,0,0,0,1,0,0,1,0,0,1,0,1,0,0,0,0,0,0,1,1,0,1,1,0,0,0
c02a16ce29813cdf,Verse,energy_analytics,"Software Engineer, Data Engineering ",software_data,0,greenhouse,https://job-boards.greenhouse.io/verse/jobs/5196721008,remote_national,0,0,,,,0,0,2,mid,0,0,,remote,1,2026-04-22T12:09:42-04:00,161,2026-09-28,2026-09-30,,,1,180000.0,250000.0,215000.0,,,70000.0,text,year,0,0,"$180,000 - $250,000",6207945ef8af4173,6582,1,1,1,0,0,1,1,1,1,1,1,0,0,0,0,0,0,0,0,0,1,1,0,1,1,0,0,0
225407e2ee9ecb7b,Verse,energy_analytics,"Software Engineer, Distributed Systems",software_data,0,greenhouse,https://job-boards.greenhouse.io/verse/jobs/5383955008,bay_area,1,4,CA,west,CA,1,1,2,mid,0,0,0.0,hybrid,0,2026-08-09T16:24:28-04:00,52,2026-09-28,2026-09-30,,,1,150000.0,240000.0,195000.0,110.72,176119.94,90000.0,text,year,0,0,"$150,000 - $240,000",6406eb51f729da56,6397,1,1,0,0,0,1,0,1,1,0,0,1,0,0,1,0,0,0,0,0,1,1,0,1,1,0,0,0
47df51be4eeafe43,Verse,energy_analytics,"Software Engineer, Product Experience (Energy Storage)",software_data,0,greenhouse,https://job-boards.greenhouse.io/verse/jobs/5383957008,bay_area,1,4,CA,west,CA,1,1,2,mid,0,0,0.0,hybrid,0,2026-08-09T16:35:37-04:00,52,2026-09-28,2026-09-30,,,1,150000.0,240000.0,195000.0,110.72,176119.94,90000.0,text,year,0,0,"$150,000 - $240,000",8c7eae7be9e62830,7890,1,1,0,0,0,1,1,1,1,1,0,1,0,0,0,0,0,0,0,0,1,1,0,1,1,0,0,0
728dd54d13402062,WeaveGrid,energy_analytics,Software Engineer Backend,software_data,0,ashby,https://jobs.ashbyhq.com/weave-grid/e2d8390e-58e9-43e1-aed5-05ae7015e834,bay_area,1,4,CA,west,,0,1,2,mid,1,0,0.0,remote,1,2026-07-31T19:11:49.072+00:00,61,2026-09-28,2026-09-30,3,3+ year,1,116000.0,165000.0,140500.0,110.72,126896.68,49000.0,structured,year,0,0,,a194e3f7c7838b77,5308,1,1,0,0,0,1,0,1,1,0,0,1,0,0,0,0,1,0,0,0,0,0,0,1,0,0,0,0
bb01dc01e8c02cc6,WeaveGrid,energy_analytics,"Manager, Policy and Regulatory Affairs",regulatory,0,ashby,https://jobs.ashbyhq.com/weave-grid/427e4583-531b-493b-a987-95339eb12d81,bay_area,1,4,CA,west,,0,1,5,manager,0,0,0.0,remote,1,2026-09-22T17:14:55.649+00:00,8,2026-09-28,2026-09-30,2,2-3 year,1,110000.0,156000.0,133000.0,110.72,120122.83,46000.0,structured,year,0,0,,d490eef2a298636e,5748,0,0,0,0,0,0,0,0,0,0,0,1,1,0,1,1,0,0,0,0,0,0,0,1,0,0,0,0
dfdb4c5cc47ffe23,Western Area Power Administration,utility,Public Utilities Specialist (Contracts and Energy Services),market_commercial,0,usajobs,https://www.usajobs.gov:443/job/886305200,denver,1,3,AZ,west,AZ;CA;CO;MT;UT,5,1,2,mid,0,0,5.4,remote,1,2026-09-25T08:30:57.4770,5,2026-09-28,2026-09-30,,,1,61722.0,129742.0,95732.0,100.677,95088.25,68020.0,structured,year,0,0,,5bd41b9a547cc836,7207,0,0,1,0,0,0,0,0,0,0,0,0,0,0,0,0,0,1,0,0,0,0,0,0,0,0,0,0
57dd0aaa83912369,X-energy,developer,Nuclear Security (Physical)/Safeguards Compliance Analyst V,regulatory,2,workday,https://xenergy.wd5.myworkdayjobs.com/X-energyUS/job/Rockville-MD/Plant-Security--Physical--Compliance-Analyst-VI_R101060,,0,,MD,south,MD,1,1,3,senior,0,0,,unspecified,0,2026-09-16,14,2026-09-28,2026-09-30,,,1,162500.0,185000.0,173750.0,104.959,165540.83,22500.0,text,year,0,0,"$162,500- $185,000",7b2e283c660de96b,6536,1,0,0,0,0,0,0,0,0,0,0,1,0,1,0,1,0,0,0,0,1,1,0,1,1,1,0,0
307e88b6e566bf41,X-energy,developer,"Engineer IV, AI & Digital Engineering",ai_ml,0,workday,https://xenergy.wd5.myworkdayjobs.com/X-energyUS/job/Rockville-MD/Engineer-IV--AI---Digital-Engineering_R101221,,0,,MD,south,MD,1,1,3,senior,0,0,,unspecified,0,2026-08-20,41,2026-09-28,2026-09-30,,,1,180000.0,205000.0,192500.0,104.959,183404.95,25000.0,text,year,0,0,"$180,000- $205,000",5f20284b7aa6c25c,17853,1,1,0,0,0,1,0,1,1,1,0,1,1,0,1,1,1,0,0,0,1,1,0,1,1,1,0,0
e2b3101bf043a5b9,X-energy,developer,"Software Engineer V, AI Digital & Engineering Software",ai_ml,0,workday,https://xenergy.wd5.myworkdayjobs.com/X-energyUS/job/Rockville-MD/Software-Engineer-V--AI-Digital---Engineering-Software_R101225,,0,,MD,south,MD,1,1,3,senior,0,0,,unspecified,0,2026-08-18,43,2026-09-28,2026-09-30,,,1,220000.0,245000.0,232500.0,104.959,221515.07,25000.0,text,year,0,0,"$220,000- $245,000",df45a2b244a6daf0,17039,1,1,0,0,0,1,1,1,1,1,1,1,1,0,1,1,1,0,0,0,1,1,0,1,1,1,0,0
321d82ea471bf449,X-energy,developer,"Software Engineer III, AI Digital & Engineering Software",ai_ml,3,workday,https://xenergy.wd5.myworkdayjobs.com/X-energyUS/job/Rockville-MD/Software-Engineer-III--AI-Digital---Engineering-Software_R101224,,0,,MD,south,MD,1,1,3,senior,0,0,,unspecified,0,2026-08-18,43,2026-09-28,2026-09-30,,,1,150000.0,180000.0,165000.0,104.959,157204.24,30000.0,text,year,0,0,"$150,000- $180,000",ee673530454c4d3b,17763,1,1,0,0,0,1,0,1,1,1,0,1,1,0,1,1,1,0,0,0,1,1,0,1,1,1,0,0
aa33072fe11f37a1,X-energy,developer,AI Platform Engineer,ai_ml,0,workday,https://xenergy.wd5.myworkdayjobs.com/X-energyUS/job/Rockville-MD/AI-Platform-Engineer_R101075,,0,,MD,south,MD,1,1,2,mid,0,0,,unspecified,0,2026-08-13,48,2026-09-28,2026-09-30,,,1,184000.0,215000.0,199500.0,104.959,190074.22,31000.0,text,year,0,0,"$184,000- $215,000",cdd05dfbab851d97,6544,1,1,0,0,0,0,0,1,1,1,0,1,0,0,1,1,1,0,0,0,1,1,0,1,1,1,0,0
a96da8ae4387ec45,X-energy,developer,"Software Engineer IV, Artificial Intelligence",ai_ml,0,workday,https://xenergy.wd5.myworkdayjobs.com/X-energyUS/job/Rockville-MD/Software-Engineer-IV--Artificial-Intelligence_R101033,,0,,MD,south,MD,1,1,3,senior,0,0,,unspecified,0,2026-08-13,48,2026-09-28,2026-09-30,,,1,144000.0,192000.0,168000.0,104.959,160062.5,48000.0,text,year,0,0,"$144,000- $192,000",cb103467db3b22cc,11070,1,1,0,0,0,0,0,1,1,1,0,1,1,0,0,1,0,0,0,0,1,1,0,1,1,1,0,0
34d5312756504a48,AEP Energy,retailer,Real Time Transmission and Telecom GIS Manager,gis,0,workday,https://aep.wd1.myworkdayjobs.com/AEPCareerSite/job/Tulsa-OK/Real-Time-Transmission-and-Telecom-GIS-Manager_R19488,,0,,OK,south,OK;TX,2,0,5,manager,0,0,,unspecified,0,2026-09-28,2,2026-09-29,2026-09-30,2,2 years of experience,1,136539.0,177503.0,157021.0,87.843,178751.86,40964.0,text,year,0,0,"$136,539.00 - $177,503.00",8d9532f7e1cc079c,6625,1,0,0,0,0,0,0,0,0,0,0,0,0,0,0,1,0,0,0,0,0,0,0,0,0,0,0,1
5f6e7943e40764c0,AEP Energy,retailer,Resource Planning Analyst Principal | INTEGRATED RESOURCE PLANNING (IRP),grid_power,2,workday,https://aep.wd1.myworkdayjobs.com/AEPCareerSite/job/Columbus-OH/Resource-Planning-Analyst-Principal---INTEGRATED-RESOURCE-PLANNING--IRP-_R19453,,0,,OH,midwest,OH,1,0,4,staff_principal,0,0,,unspecified,0,2026-09-28,2,2026-09-29,2026-09-30,,,1,99000.0,128000.0,113500.0,92.774,122340.31,29000.0,text,year,0,0,$99K - $128K,634365b69b2b978d,8655,1,1,1,0,0,1,1,0,0,1,0,1,0,0,0,1,0,0,0,0,1,1,0,0,1,0,0,0
5fab8844bc424b1a,Adapture Renewables,developer,Sr. Transmission Manager,grid_power,0,greenhouse,https://job-boards.greenhouse.io/adapturerenewables/jobs/4106305008,bay_area,1,4,CA,west,CA,1,1,5,manager,0,0,8.34,remote,1,2025-01-31T20:31:33-05:00,607,2026-09-29,2026-09-30,3,3+ year,1,180000.0,210000.0,195000.0,110.72,176119.94,30000.0,text,year,0,0,"$180,000 - 210,000",c3b880251dc957f8,4622,0,0,1,0,0,0,0,0,0,0,0,0,0,0,0,1,0,0,0,0,0,1,0,0,0,0,0,0
3b0193bbf80299ee,Ameren Illinois,utility,Associate Software Engineer,software_data,1,workday,https://ameren.wd1.myworkdayjobs.com/External/job/St-Louis-MO/Associate-Software-Engineer_034259,,0,,MO,midwest,MO,1,0,1,entry,1,0,,unspecified,0,2026-09-29,1,2026-09-29,2026-09-29,,,1,72000.0,108000.0,90000.0,90.817,99100.39,36000.0,text,year,0,0,"$72,000.00 - $108,000.00",d6916b1a0c228270,5047,1,1,0,0,0,0,0,0,0,1,0,0,0,0,0,0,0,0,0,0,0,1,1,1,1,0,0,0
801f3e1131f0b24d,Antares,developer,"Senior Software Engineer, Multiphysics Simulation",software_data,0,ashby,https://jobs.ashbyhq.com/Antares/f9c1158a-55db-4a6c-91a0-36a6f7f57869,los_angeles,1,4,CA,west,,0,1,3,senior,0,0,0.0,unspecified,0,2026-06-12T23:18:38.365+00:00,110,2026-09-29,2026-09-30,3,3+ year,1,112000.0,200000.0,156000.0,110.72,140895.95,88000.0,structured,year,0,0,,6b52f3f117bd9d2f,5522,0,1,0,0,0,1,0,1,0,0,0,1,0,0,1,0,0,0,0,0,0,0,0,0,0,0,0,0
1fd787c8fdfa89b2,Antares,developer,Senior-Staff Embedded Software Engineer,software_data,0,ashby,https://jobs.ashbyhq.com/Antares/8a61bc50-ab97-4410-84f5-4cca20e6feed,los_angeles,1,4,CA,west,,0,1,4,staff_principal,0,0,0.0,unspecified,0,2026-09-03T15:44:47.805+00:00,27,2026-09-29,2026-09-30,,,1,150000.0,220000.0,185000.0,110.72,167088.15,70000.0,structured,year,0,0,,24e93e5cc7edaa5f,8422,1,1,0,0,0,0,0,0,0,0,0,1,1,1,0,0,0,0,0,0,0,0,0,0,0,0,0,0
98b8584700e95b0e,Antares,developer,Enterprise Software Engineer,software_data,0,ashby,https://jobs.ashbyhq.com/Antares/f4d323da-c799-40d6-85b7-92e0802e74e6,los_angeles,1,4,CA,west,,0,1,2,mid,1,0,0.0,unspecified,0,2026-09-09T16:14:45.269+00:00,21,2026-09-29,2026-09-30,3,3+ year,1,135000.0,160000.0,147500.0,110.72,133218.93,25000.0,structured,year,0,0,,4ce98fe388e1b96d,10221,1,1,0,0,0,1,1,0,1,0,0,0,0,0,0,1,0,0,0,0,0,0,0,0,0,0,0,0
d683a10878eaef78,Argonne National Laboratory,energy_analytics,Energy Storage Program Lead: AI and Data Centers,ai_ml,0,workday,https://argonne.wd1.myworkdayjobs.com/Argonne_Careers/job/Lemont-IL-USA/Energy-Storage-Program-Lead--AI-and-Data-Centers_422869,chicago,1,1,IL,midwest,IL,1,1,3,senior,0,0,23.81,unspecified,0,2026-06-05,117,2026-09-29,2026-09-30,2,2–3 year,1,138000.0,215280.0,176640.0,99.958,176714.22,77280.0,text,year,0,0,"$138,000.00 - $215,280.00",31834a1712810711,5408,0,0,1,0,0,0,0,0,1,0,0,1,1,0,0,0,0,0,0,0,0,0,0,1,0,0,0,0
5813c7ab5f1c5851,Avantus,developer,"Sr. Director, Project Valuation & Analytics",market_commercial,0,greenhouse,https://avantus.com/careers?gh_jid=8846316002,,0,,CA,west,CA,1,1,6,director,0,0,,hybrid,0,2026-09-28T10:39:06-04:00,2,2026-09-29,2026-09-30,8,8-10+ year,1,230000.0,275000.0,252500.0,110.72,228052.75,45000.0,text,year,0,0,"$230,000  -  $275,000",2391c0274e5af327,6722,1,0,1,0,0,0,0,0,0,0,0,0,0,1,0,0,0,0,0,0,0,1,0,1,1,0,0,0
bc200cdf94f76fe9,Bonneville Power Administration,utility,Public Utilities Specialist (Rates),other,0,usajobs,https://www.usajobs.gov:443/job/886430800,,0,,OR,west,OR,1,0,2,mid,0,0,,unspecified,0,2026-09-28T00:00:00.0000,2,2026-09-29,2026-09-30,,,1,114684.0,149091.0,131887.5,103.361,127598.9,34407.0,structured,year,0,0,,2c5d04a18e4aef2d,6501,0,0,0,0,0,0,0,0,0,0,0,1,0,0,0,0,0,0,0,0,0,0,0,0,0,0,0,0
db080fccbdb1f9f0,Bonneville Power Administration,utility,Supervisory Public Utilities Specialist,other,0,usajobs,https://www.usajobs.gov:443/job/886637200,,0,,WA,west,WA,1,1,2,mid,0,0,,unspecified,0,2026-09-29T00:00:00.0000,1,2026-09-29,2026-09-30,,,1,135522.0,176183.0,155852.5,107.013,145638.85,40661.0,structured,year,0,0,,3c410c009f66b297,4604,0,0,0,0,0,0,0,0,0,0,0,0,0,0,0,0,0,1,0,0,0,0,0,0,0,0,0,0
23d63f75cf6c99f5,Canadian Solar,grid_vendor,Capital Markets Manager,market_commercial,0,workday,https://canadiansolar.wd5.myworkdayjobs.com/CanadianSolar/job/Kitchener-ON/Capital-Markets-Manager_10001485,new_york,1,4,NY,northeast,NY,1,1,5,manager,0,0,0.0,unspecified,0,2026-09-28,2,2026-09-29,2026-09-30,,,0,,,,107.921,,,,,0,0,,ef406a2023e4a7b4,5269,1,0,0,0,0,0,0,0,0,0,0,0,0,0,1,0,0,0,0,0,0,0,0,1,0,0,0,1
eca495390263b0fa,Cipher Digital,data_center,"Asset Management Analyst, Origination",siting_dev,2,greenhouse,https://job-boards.greenhouse.io/cipherminingtechnologiesinc/jobs/4343501009,new_york,1,4,NY,northeast,NY,1,1,2,mid,1,0,0.0,unspecified,0,2026-08-05T11:49:05-04:00,56,2026-09-29,2026-09-30,2,2–4 year,0,,,,107.921,,,,,0,0,,635ed76b2f91fb92,3592,0,0,0,0,0,0,0,0,1,0,0,0,0,0,0,0,0,0,0,0,1,1,0,0,0,0,0,0
b0a9b859ed8f4eaf,City Utilities of Springfield,utility,Manager or Supervisor – Electric Reliability Compliance,regulatory,0,workday,https://cityutilities.wd5.myworkdayjobs.com/Careers/job/Springfield-MO/Manager-or-Supervisor---Electric-Reliability-Compliance_R26_406,,0,,MO,midwest,MO,1,0,5,manager,0,0,,unspecified,0,2026-09-15,15,2026-09-29,2026-09-30,,,0,,,,90.817,,,,,0,0,,9214e9a5acd17e18,9283,1,0,0,0,0,0,0,0,1,1,0,1,1,0,1,1,0,0,0,0,0,0,0,0,0,0,0,0
f33617a39bcc5ac6,Clean Power Alliance,utility,"Project Manager, Load Flexibility",other,0,workable,https://apply.workable.com/j/3FA9F5F67E,los_angeles,1,4,CA,west,CA,1,1,5,manager,0,0,0.0,unspecified,0,2026-08-19,42,2026-09-29,2026-09-30,3,a minimum of 3 year,1,104355.24,156532.35,130443.79500000001,110.72,117814.12,52177.11,text,year,0,0,"$104,355.24-$156,532.35",5e8c3fb95d09cb07,8718,1,0,0,0,0,0,0,0,0,1,0,1,1,0,1,0,0,0,0,0,0,1,0,0,1,0,0,0
416b09bdbf6aa763,Clearway Energy,developer,"Analyst, Market Optimization & Trading",market_commercial,2,greenhouse,https://job-boards.greenhouse.io/clearwayjobs/jobs/5242740007,remote_national,0,0,CA,west,CA,1,1,2,mid,1,0,,remote,1,2026-09-28T11:54:09-04:00,2,2026-09-29,2026-09-30,0,explicit no-experience statement,1,85000.0,95000.0,90000.0,110.72,81286.13,10000.0,text,year,0,0,"$85,000  -  $95,000",0d85dc6a3f7d3cc4,10920,1,1,0,0,0,1,1,0,0,0,0,1,0,0,1,1,0,0,0,0,1,1,0,1,1,1,0,0
04a0d11124fe4724,Cleco,utility,Transmission Asset Engineer,grid_power,0,workday,https://cleco.wd5.myworkdayjobs.com/ClecoJobs/job/Pineville-LA/Asset-Manager_13283-1,,0,,LA,south,LA,1,0,2,mid,0,0,,unspecified,0,2026-09-29,1,2026-09-29,2026-09-30,15,at least 15 year,0,,,,88.207,,,,,0,0,,8116a06440e39257,7297,0,0,1,0,1,0,0,0,0,1,0,1,1,1,1,0,0,0,0,0,0,0,0,0,0,0,0,0
98dd8a5db327e1f5,Commonwealth Fusion Systems,developer,Control Software Engineer,software_data,0,lever,https://jobs.lever.co/cfsenergy/ca1ae177-9781-4ea1-8fd3-f22c43e9e094,,0,,MA,northeast,MA,1,1,2,mid,0,0,,unspecified,0,2026-08-05T14:07:27.539000+00:00,56,2026-09-29,2026-09-30,,,1,110000.0,160000.0,135000.0,105.757,127651.12,50000.0,structured,year,0,0,,669b15426e4fb69e,1565,0,1,0,0,0,0,0,0,0,0,0,0,0,0,0,0,0,0,0,0,0,0,0,0,0,0,0,0
8b08b3dfd5ef0d72,Commonwealth Fusion Systems,developer,"Director, Corporate FP&A",market_commercial,0,lever,https://jobs.lever.co/cfsenergy/609c2630-8887-430d-8dc1-26b3f54bf038,,0,,MA,northeast,MA,1,1,6,director,0,0,,unspecified,0,2026-09-11T19:26:41.407000+00:00,19,2026-09-29,2026-09-30,,,1,170000.0,250000.0,210000.0,105.757,198568.42,80000.0,structured,year,0,0,,110c1da34a487511,1769,0,0,0,0,0,0,0,0,0,0,0,0,0,0,0,0,0,0,0,0,0,0,0,0,0,0,0,0
d87e3da54b04f664,Commonwealth Fusion Systems,developer,Senior Algorithms and Simulation Software Engineer,software_data,0,lever,https://jobs.lever.co/cfsenergy/8686a0a7-7cef-437e-ae03-8f26952a8d9f,,0,,MA,northeast,MA,1,1,3,senior,0,0,,unspecified,0,2026-08-20T19:53:22.979000+00:00,41,2026-09-29,2026-09-30,,,1,140000.0,200000.0,170000.0,105.757,160745.86,60000.0,structured,year,0,0,,426ee895bd33c28e,1729,0,1,0,0,0,0,0,0,0,0,0,0,0,0,0,0,0,0,0,0,0,0,0,0,0,0,0,0
6f43b25cb13ac4f2,Commonwealth Fusion Systems,developer,Senior Control Software Engineer,software_data,0,lever,https://jobs.lever.co/cfsenergy/ca49109b-6cff-4d2a-b64c-8d782f652244,,0,,MA,northeast,MA,1,1,3,senior,0,0,,unspecified,0,2026-06-23T19:19:00.857000+00:00,99,2026-09-29,2026-09-30,,,1,140000.0,200000.0,170000.0,105.757,160745.86,60000.0,structured,year,0,0,,a7762982943f6f6c,1572,0,1,0,0,0,0,0,0,0,0,0,0,0,0,0,0,0,0,0,0,0,0,0,0,0,0,0,0
3e0e96b22c9162e5,Commonwealth Fusion Systems,developer,Senior Data and Operations Software Engineer,software_data,0,lever,https://jobs.lever.co/cfsenergy/a472607e-b8f7-4983-b997-f32fef23436e,,0,,MA,northeast,MA,1,1,3,senior,0,0,,unspecified,0,2026-08-20T20:53:07.466000+00:00,41,2026-09-29,2026-09-30,,,1,140000.0,200000.0,170000.0,105.757,160745.86,60000.0,structured,year,0,0,,a2bd73341110bfa2,1457,0,1,0,0,0,0,0,0,0,0,0,0,0,0,0,0,0,0,0,0,0,0,0,0,0,0,0,0
f663d0667d866baa,Commonwealth Fusion Systems,developer,Senior Embedded Software Engineer,software_data,0,lever,https://jobs.lever.co/cfsenergy/b7c5bd9d-bc19-457a-8c69-e7d7bfd62fc3,,0,,MA,northeast,MA,1,1,3,senior,0,0,,unspecified,0,2026-08-21T15:57:40.520000+00:00,40,2026-09-29,2026-09-30,,,1,140000.0,200000.0,170000.0,105.757,160745.86,60000.0,structured,year,0,0,,9459a816f0c76eb9,1592,0,1,0,0,0,0,0,0,0,0,0,0,0,0,0,0,0,0,0,0,0,0,0,0,0,0,0,0
09a7e1c426cabb2a,Commonwealth Fusion Systems,developer,"Vice President, Capital Markets & Investor Relations",market_commercial,0,lever,https://jobs.lever.co/cfsenergy/d9f77057-885c-49e3-a227-8bd731c06988,,0,,MA,northeast,MA,1,1,7,executive,0,0,,unspecified,0,2026-08-25T19:31:32.985000+00:00,36,2026-09-29,2026-09-30,,,1,250000.0,350000.0,300000.0,105.757,283669.17,100000.0,structured,year,0,0,,16a2acb1dee925c3,1687,0,0,0,0,0,0,0,0,0,0,0,0,0,0,0,0,0,0,0,0,0,0,0,0,0,0,0,0
f16e7bc49c58426d,Deriva Energy,developer,"Senior Manager, Compliance",regulatory,0,workday,https://derivaenergy.wd501.myworkdayjobs.com/Careers/job/Charlotte-NC/Senior-Manager--Compliance_R-200564,,0,,NC,south,NC,1,0,5,manager,0,0,,unspecified,0,2026-09-28,2,2026-09-29,2026-09-30,,,0,,,,94.326,,,,,0,0,,39f5f2103b03b925,7766,1,0,1,0,0,0,0,0,0,0,0,1,0,1,1,1,0,0,0,1,1,1,1,0,1,0,1,1
0112e2155ac2adfa,Duke Energy Indiana,utility,Engineer III or Senior Engineer – PGO Grid Automation,grid_power,3,workday,https://dukeenergy.wd1.myworkdayjobs.com/search/job/Charlotte-NC/Engineer-III-or-Senior-Engineer---PGO-Grid-Automation_R41261,,0,,NC,south,NC,1,0,3,senior,0,0,,unspecified,0,2026-09-28,2,2026-09-29,2026-09-30,4,Minimum of 4 year,0,,,,94.326,,,,,0,0,,1eabd39173ef01dc,6951,0,1,1,0,1,0,0,0,0,0,0,0,0,0,0,1,0,0,1,0,0,0,0,0,0,0,1,0
43f98b5e9a563702,ERCOT,grid_operator,Generation Interconnection Engineer,grid_power,0,workday,https://ercot.wd1.myworkdayjobs.com/ercot_careers/job/Taylor-TX/Generation-Interconnection-Engineer_R2491-1,,0,,TX,south,TX,1,0,2,mid,0,0,,unspecified,0,2026-09-28,2,2026-09-29,2026-09-30,,,1,87000.0,120000.0,103500.0,97.057,106638.37,33000.0,text,year,0,0,"$87,000 - $120,000",414b93893b83897e,7636,1,0,0,0,0,0,0,0,0,0,0,1,0,0,0,0,0,0,0,0,0,0,0,0,0,0,0,0
5248b9f4bc9684b3,ERCOT,grid_operator,Applied AI Engineer,ai_ml,0,workday,https://ercot.wd1.myworkdayjobs.com/ercot_careers/job/Taylor-TX/Applied-AI-Engineer_R2497-1,,0,,TX,south,TX,1,0,2,mid,0,0,,hybrid,0,2026-09-28,2,2026-09-29,2026-09-30,5,minimum 5 year,1,145000.0,200000.0,172500.0,97.057,177730.61,55000.0,text,year,0,0,"$145,000 - $200,000",200ea9083d161dec,5961,1,1,0,0,0,1,1,1,1,1,1,1,0,0,0,0,0,0,0,0,0,0,0,0,0,0,0,0
45e5aecfb314d139,E Source,energy_analytics,Transmission System Planning Consultant,grid_power,0,ashby,https://jobs.ashbyhq.com/e-source/231ee605-b1af-4aee-a50e-2dd2af763520,remote_national,0,0,,,,0,0,2,mid,1,0,,remote,1,2026-09-28T23:43:03.550+00:00,2,2026-09-29,2026-09-30,3,Minimum of 3 year,1,140000.0,180000.0,160000.0,,,40000.0,structured,year,0,0,,c2b4c99ddec4ec7b,7436,0,0,1,0,0,0,0,0,0,0,0,0,0,1,1,1,0,0,0,1,1,1,1,0,1,0,0,0
2fc628a6b9ca60f4,E Source,energy_analytics,Junior System Planning Consultant,other,1,ashby,https://jobs.ashbyhq.com/e-source/a1a0dc70-f801-4a62-ad45-e4056fb528d9,remote_national,0,0,,,,0,0,1,entry,0,0,,remote,1,2026-09-28T23:43:51.266+00:00,2,2026-09-29,2026-09-30,5,5–20 year,1,120000.0,150000.0,135000.0,,,30000.0,structured,year,0,0,,aacdb91661353b37,6918,1,0,1,0,1,1,0,0,0,0,0,0,0,0,0,0,0,0,0,1,1,1,1,0,1,0,0,0
6efb43eda1e93789,E Source,energy_analytics,Senior Transmission Planning Consultant,grid_power,0,ashby,https://jobs.ashbyhq.com/e-source/41ff3f15-d0bd-4215-bc92-bab82a9506bf,remote_national,0,0,,,,0,0,3,senior,0,0,,remote,1,2026-09-28T23:41:43.938+00:00,2,2026-09-29,2026-09-30,8,8+ year,1,160000.0,220000.0,190000.0,,,60000.0,structured,year,0,0,,8d5737ed2b15f28d,5976,0,0,1,0,0,0,0,0,0,0,0,1,0,1,1,1,0,0,0,1,1,1,1,0,1,0,0,0
2c32341602b38b68,Emerald AI,energy_analytics,Policy & Regulatory Affairs Manager,regulatory,0,ashby,https://jobs.ashbyhq.com/emerald-ai/71963ac3-2687-4040-9f46-f6c9cbbd421e,,0,,DC,south,DC,1,1,5,manager,0,0,,unspecified,0,2026-04-14T15:54:39.900+00:00,169,2026-09-29,2026-09-30,5,5+ year,0,,,,109.901,,,,,0,0,,7746cde4a17aa84d,5193,0,0,0,0,0,0,0,0,1,0,0,1,1,0,0,0,0,0,0,0,1,1,0,1,0,0,0,0
8e75320aca1aeb51,Emerald AI,energy_analytics,"Senior Product Manager, AI Cloud Services",ai_ml,0,ashby,https://jobs.ashbyhq.com/emerald-ai/820e623e-5313-43dc-8d82-24f2377a186d,bay_area,1,4,CA,west,CA,1,1,5,manager,0,0,0.0,remote,1,2026-07-27T21:18:58.980+00:00,65,2026-09-29,2026-09-30,5,5+ year,0,,,,110.72,,,,,0,0,,caa731f922d701b6,5096,0,0,0,0,0,0,0,1,1,0,0,1,1,0,0,0,0,0,0,0,1,1,0,1,0,0,0,0
35dc308b6435a512,Emerald AI,energy_analytics,Member of Technical Staff - AI Cloud Infrastructure,ai_ml,0,ashby,https://jobs.ashbyhq.com/emerald-ai/85bf88c8-e91c-4463-b5ad-e885b8dfaf11,bay_area,1,4,CA,west,CA,1,1,4,staff_principal,0,0,0.0,unspecified,0,2026-08-05T23:57:34.522+00:00,56,2026-09-29,2026-09-30,7,At least 7+ year,0,,,,110.72,,,,,0,0,,b684c133d3284d01,6431,0,0,0,0,0,1,0,1,1,0,0,1,0,0,0,0,0,0,0,0,1,1,0,1,0,0,0,0
6805b1857eaa37d2,Emporia Energy,grid_vendor,Hardware Product Lead - AI Builder - Home Energy Products,ai_ml,0,greenhouse,https://job-boards.greenhouse.io/emporiarevolutionizinghomeenergy/jobs/5433390008,denver,1,3,CO,west,CO,1,1,3,senior,0,0,8.81,remote,1,2026-09-23T15:05:02-04:00,7,2026-09-29,2026-09-30,5,5+ year,1,130000.0,170000.0,150000.0,103.052,145557.58,40000.0,text,year,0,0,"$130,000 - $170,000",2dc7247f11fb1f08,15365,0,0,0,0,0,0,0,0,1,0,0,1,0,0,0,0,0,0,0,0,1,1,0,1,1,0,0,0
b04204b87104d190,Energy Solutions,consulting,Director of Solar Outreach and Market Strategy ,market_commercial,0,greenhouse,https://job-boards.greenhouse.io/energysolutions/jobs/5251852007,chicago,1,1,IL,midwest,IL,1,1,6,director,0,0,0.0,unspecified,0,2026-09-29T10:49:52-04:00,1,2026-09-29,2026-09-30,5,Minimum of 5 year,1,145000.0,180000.0,162500.0,99.958,162568.28,35000.0,text,year,0,0,"$145,000 - $180,000",8322b8e0ca469b48,28190,1,1,0,0,0,0,0,0,1,0,0,1,1,1,1,1,0,0,0,0,1,0,0,0,0,0,0,0
2f0f89629e914bbf,Eversource Energy,utility,"Analyst, Gas Quality Control",other,2,workday,https://eversource.wd1.myworkdayjobs.com/ExternalSite/job/Southborough-MA/Analyst--Gas-Quality-Control_R-031920,,0,,MA,northeast,MA,1,1,2,mid,0,0,,unspecified,0,2026-09-29,1,2026-09-29,2026-09-30,,,1,95600.0,106220.0,100910.0,105.757,95416.85,10620.0,text,year,0,0,"$95,600.00-$106,220.00",bcbe975de2a99bb4,6060,0,0,0,0,0,0,0,0,0,0,0,1,1,1,0,1,0,0,0,0,0,0,0,0,0,0,0,0
8ab41a4ed8b405d5,Eversource Energy,utility,"Project Manager II, Transmission (Hybrid Schedule)",grid_power,2,workday,https://eversource.wd1.myworkdayjobs.com/ExternalSite/job/Hartford-CT/Project-Manager-II--Transmission--Hybrid-Schedule-_R-031466,,0,,CT,northeast,CT,1,0,5,manager,0,0,,hybrid,0,2026-09-29,1,2026-09-29,2026-09-30,,,1,122700.0,136330.0,129515.0,103.61,125002.41,13630.0,text,year,0,0,"$122,700.00-$136,330.00",07c65e7c976b8292,6941,0,0,1,0,0,0,0,0,0,0,0,1,1,1,1,1,0,0,0,0,0,0,0,0,0,0,0,0
ddeb11a12fdcb4db,Eversource Energy,utility,"Analyst,  Gas Quality Control",other,2,workday,https://eversource.wd1.myworkdayjobs.com/ExternalSite/job/MA-New-Bedford-50-Duchaine-Blvd/Analyst---Gas-Quality-Control_R-031927,boston,1,4,MA,northeast,MA,1,1,2,mid,0,0,2.81,unspecified,0,2026-09-28,2,2026-09-29,2026-09-30,,,1,95600.0,106220.0,100910.0,105.757,95416.85,10620.0,text,year,0,0,"$95,600.00-$106,220.00",bb740fac8624dc99,6058,0,0,0,0,0,0,0,0,0,0,0,1,1,1,0,1,0,0,0,0,0,0,0,0,0,0,0,0
b05e4095ff7dcff7,Eversource Energy,utility,IT Associate Software Engineer (Hybrid),software_data,1,workday,https://eversource.wd1.myworkdayjobs.com/ExternalSite/job/Berlin-CT/IT-Associate-Software-Engineer--Hybrid-_R-031045,,0,,CT,northeast,CT;MA;NH,3,1,1,entry,1,0,,hybrid,0,2026-09-28,2,2026-09-29,2026-09-29,0,0 to 3 year,1,82300.0,91440.0,86870.0,103.61,83843.26,9140.0,text,year,0,0,"$82,300.00-$91,440.00",265f2fb0f1cf65ac,5483,0,1,0,0,0,1,0,0,0,0,0,1,0,1,0,1,0,0,0,0,0,0,0,0,0,0,0,0
16ae788df2c50d99,GE Vernova,grid_vendor,Data Architect and Integration Specialist,other,0,workday,https://gevernova.wd5.myworkdayjobs.com/Vernova_ExternalSite/job/Bellevue/Data-Architect-and-Integration-Specialist_R5054133-2,seattle,1,3,WA,west,,0,1,4,staff_principal,0,0,6.09,remote,1,2026-09-28,2,2026-09-29,2026-09-30,,,1,119600.0,179400.0,149500.0,107.013,139702.65,59800.0,text,year,0,0,"between $119,600.00 and $179,400.00",22c62fb0bc093427,5592,1,1,0,0,0,1,1,1,0,1,0,0,0,0,0,0,0,0,0,0,1,1,1,0,1,1,1,1
e1404366dedf5bf7,GridUnity,energy_analytics,Senior Full Stack Engineer (remote),other,0,ashby,https://jobs.ashbyhq.com/gridunity/cad49ae0-bb57-45af-8be1-6420775553cc,remote_national,0,0,,,,0,0,3,senior,0,0,,remote,1,2026-08-04T23:22:03.778+00:00,57,2026-09-29,2026-09-30,3,3+ year,1,178000.0,195000.0,186500.0,,,17000.0,structured,year,0,0,,b85048c6707c56e1,6034,0,0,0,0,0,1,1,1,1,0,0,1,1,1,0,0,0,0,0,0,1,1,0,0,1,0,0,0
7a7737cda48102b4,GridUnity,energy_analytics,"Senior Manager, Market Intelligence & Partnerships",market_commercial,0,ashby,https://jobs.ashbyhq.com/gridunity/2b9f33ce-7e9b-404d-b88f-09f05bf355b0,remote_national,0,0,,,,0,0,5,manager,0,0,,remote,1,2026-06-26T15:55:21.573+00:00,96,2026-09-29,2026-09-30,,,1,156334.0,185000.0,170667.0,,,28666.0,structured,year,0,0,,5ca5e5ecd302f245,10572,1,0,1,0,0,0,0,0,0,0,0,1,1,0,0,0,0,0,0,0,1,1,0,0,1,0,0,0
b7e794225a8fb22a,GridUnity,energy_analytics,"Staff Software Engineer, Quality Engineering",software_data,0,ashby,https://jobs.ashbyhq.com/gridunity/a2ab9766-b4d9-4003-a5c8-c0e59d67dd77,remote_national,0,0,,,,0,0,4,staff_principal,0,0,,remote,1,2026-08-13T17:55:10.530+00:00,48,2026-09-29,2026-09-30,10,10+ year,1,165000.0,185500.0,175250.0,,,20500.0,structured,year,0,0,,e5f30f2806871637,12163,0,1,0,0,0,0,0,1,1,0,0,0,0,1,0,0,0,0,0,0,1,1,0,0,1,0,0,0
67513058cfe3bdf1,Habitat Energy,energy_analytics,"Director, Asset-Backed Trading",other,0,workable,https://apply.workable.com/j/344EA9E841,,0,,TX,south,TX,1,0,6,director,0,0,,unspecified,0,2026-07-29,63,2026-09-29,2026-09-30,,,0,,,,97.057,,,,,0,0,,23fb836b32534edd,6045,0,1,0,0,0,1,1,0,0,0,0,1,0,0,0,0,0,0,0,0,0,0,0,0,0,0,0,0
557979b6d25cce35,Habitat Energy,energy_analytics,Origination Manager,siting_dev,0,workable,https://apply.workable.com/j/5CE3B9779C,,0,,TX,south,TX,1,0,5,manager,0,0,,unspecified,0,2026-08-21,40,2026-09-29,2026-09-30,5,5+ year,0,,,,97.057,,,,,0,0,,6a57ad906f1d83ba,5684,0,1,1,0,0,0,0,0,0,0,0,1,1,0,1,0,0,0,0,0,0,0,0,1,0,0,0,0
08519fbf1d399446,Hut 8,data_center,"Business Development, Colocation Capacity - Highrise.ai",ai_ml,0,greenhouse,https://job-boards.greenhouse.io/hut8/jobs/5215743008,,0,,FL,south,FL,1,0,2,mid,0,0,,unspecified,0,2026-05-11T09:52:43-04:00,142,2026-09-29,2026-09-30,,,0,,,,103.414,,,,,0,0,,2a60eeec30657a3a,2730,0,0,0,0,0,0,0,0,1,0,0,0,0,0,0,0,0,0,0,0,0,0,0,0,0,0,0,0
a3e89aca9cadcf2e,Hut 8,data_center,"Data Scientist, Principal",ai_ml,0,greenhouse,https://job-boards.greenhouse.io/hut8/jobs/5405055008,,0,,FL,south,FL,1,0,4,staff_principal,0,0,,unspecified,0,2026-08-27T17:03:23-04:00,34,2026-09-29,2026-09-30,6,6+ year,0,,,,103.414,,,,,0,0,,c6368405beff7d28,5717,0,1,1,0,0,1,1,0,1,1,1,0,1,1,0,0,0,0,0,0,0,0,0,0,0,0,0,0
8d96c2b53e305ffd,Hut 8,data_center,"Financial Planning & Analysis, Principal ",other,0,greenhouse,https://job-boards.greenhouse.io/hut8/jobs/5435406008,,0,,FL,south,FL,1,0,4,staff_principal,0,0,,unspecified,0,2026-09-25T15:17:24-04:00,5,2026-09-29,2026-09-30,5,5-10 year,0,,,,103.414,,,,,0,0,,00f4a09f2cb9b001,4060,1,0,0,0,0,0,0,0,1,0,0,1,0,0,0,0,0,0,0,0,0,0,0,0,0,0,0,0
82993e87190eed11,Hut 8,data_center,FP&A — Development,siting_dev,0,greenhouse,https://job-boards.greenhouse.io/hut8/jobs/5422644008,,0,,FL,south,FL,1,0,2,mid,1,0,,unspecified,0,2026-09-11T17:38:05-04:00,19,2026-09-29,2026-09-30,2,2+ year,0,,,,103.414,,,,,0,0,,9d324b0ef90515f8,4847,0,1,0,0,0,0,0,0,1,1,0,0,1,0,1,1,0,0,0,0,0,0,0,0,0,0,0,0
623213514286a224,Itron,grid_vendor,AI Manufacturing Engineer,ai_ml,0,workday,https://itron.wd5.myworkdayjobs.com/Itron/job/United-States-of-America-South-Carolina-West-Union/AI-Manufacturing-Engineer_JR102962,,0,,SC,south,SC;NC,2,0,2,mid,0,0,,unspecified,0,2026-09-29,1,2026-09-29,2026-09-30,,,0,,,,93.749,,,,,0,0,,7064fbcbeb00748f,8303,1,1,1,0,0,1,1,1,1,1,0,1,0,0,1,0,0,0,0,0,0,1,0,1,1,0,0,1
313242fe95bc0c1c,Octopus Energy,retailer,Platform Engineer II,software_data,2,lever,https://jobs.lever.co/octoenergy/e2a5dba5-53ec-4623-8b25-85efcfed3d19,remote_national,0,0,,,,0,0,2,mid,0,0,,remote,1,2026-07-16T20:10:10.664000+00:00,76,2026-09-22,2026-09-30,,,0,,,,,,,,,0,0,,d903d47642642919,1814,0,0,0,0,0,0,0,0,0,0,0,0,1,0,1,0,0,0,0,0,0,0,0,0,0,0,0,0
9535459b5f80df9e,Omnidian,energy_analytics,"Finance Manager, Corporate FP&A",market_commercial,0,lever,https://jobs.lever.co/omnidian/fa446d50-c284-4fe8-a615-8eb844435ab1,bay_area,1,4,CA,west,,0,1,5,manager,0,0,0.0,unspecified,0,2026-07-16T22:29:43.008000+00:00,76,2026-09-29,2026-09-30,,,1,109600.0,164400.0,137000.0,110.72,123735.55,54800.0,structured,year,0,0,,2b42e3b9086f256d,1105,0,0,0,0,0,0,0,0,0,0,0,1,0,0,0,0,0,0,0,0,0,0,0,0,0,0,0,0
36e06191eba7c1b6,Palmetto Clean Technology,developer,Capital Markets Associate - Tax Equity,market_commercial,1,greenhouse,https://job-boards.greenhouse.io/palmettocleantech/jobs/5436623008,new_york,1,4,NY,northeast,NY,1,1,1,entry,1,0,0.0,unspecified,0,2026-09-29T10:10:27-04:00,1,2026-09-29,2026-09-30,2,2-4+ year,0,,,,107.921,,,,,0,0,,914216664ff5f3cb,8797,1,1,0,0,0,0,0,0,1,0,0,1,1,0,1,0,0,0,0,0,1,0,0,1,1,0,0,0
5a3658b67611d89a,Palmetto Clean Technology,developer,Financial Data Scientist - Capital Markets,ai_ml,0,greenhouse,https://job-boards.greenhouse.io/palmettocleantech/jobs/5436674008,new_york,1,4,NY,northeast,NY,1,1,2,mid,1,0,0.0,unspecified,0,2026-09-29T10:07:16-04:00,1,2026-09-29,2026-09-29,2,2-4+ year,0,,,,107.921,,,,,0,0,,6b44d19a78b73a1e,7283,1,1,0,0,0,1,1,0,1,1,0,1,1,0,1,0,0,0,0,0,1,0,0,1,1,0,0,0
ae8e94041ab95c01,Radiant Industries,developer,"Manager, Regulatory Systems Engineering",regulatory,0,ashby,https://jobs.ashbyhq.com/radiant-industries/4b7242d3-5ef8-4078-8457-9c1a6a965339,los_angeles,1,4,CA,west,CA,1,1,5,manager,0,0,13.51,remote,1,2026-05-06T16:59:54.028+00:00,147,2026-09-29,2026-09-30,5,5 years experience,1,186000.0,258300.0,222150.0,110.72,200641.26,72300.0,structured,year,0,0,,26629e14a489f919,5810,1,1,0,0,0,0,0,0,0,0,0,0,1,0,0,0,0,0,0,0,1,0,0,1,1,0,0,0
6a46704054841b8d,Radiant Industries,developer,Principal Embedded Software Engineer,software_data,0,ashby,https://jobs.ashbyhq.com/radiant-industries/61788f3a-a111-4652-9abc-0229c9075277,los_angeles,1,4,CA,west,CA,1,1,4,staff_principal,0,0,13.51,remote,1,2026-05-29T01:20:56.540+00:00,124,2026-09-29,2026-09-30,8,8+ year,1,200500.0,314475.0,257487.5,110.72,232557.35,113975.0,structured,year,0,0,,0ced4f9c144c6ebd,6441,1,1,0,0,0,0,0,0,0,0,0,1,0,1,0,0,0,0,0,0,1,0,0,1,1,0,0,0
ca4f7fbd3f6841a5,Radiant Industries,developer,Director of Regulatory Affairs,regulatory,0,ashby,https://jobs.ashbyhq.com/radiant-industries/8ed14d08-492e-453d-9b23-e33900bfd446,,0,,DC,south,DC,1,1,6,director,0,0,,remote,0,2026-06-01T18:21:43.120+00:00,121,2026-09-29,2026-09-30,2,2+ year,1,186000.0,258300.0,222150.0,109.901,202136.47,72300.0,structured,year,0,0,,e326e8a9877c0cb0,6157,1,1,0,0,0,0,0,0,0,0,0,1,1,0,0,1,0,0,0,0,1,0,0,1,1,0,0,0
be68f31c44c1ea5c,Radiant Industries,developer,Regulatory Program Manager,regulatory,0,ashby,https://jobs.ashbyhq.com/radiant-industries/57892e91-01f8-4911-be93-7fdffbe52412,los_angeles,1,4,CA,west,CA,1,1,5,manager,0,0,13.51,remote,1,2026-07-16T20:46:13.137+00:00,76,2026-09-29,2026-09-30,5,5 years experience,1,186000.0,258300.0,222150.0,110.72,200641.26,72300.0,structured,year,0,0,,04c963c951cedc5b,5805,1,1,0,0,0,0,0,0,0,0,0,0,1,0,0,0,0,0,0,0,1,0,0,1,1,0,0,0
0cb58dffd522d798,Radiant Industries,developer,Risk & Compliance Lead,regulatory,0,ashby,https://jobs.ashbyhq.com/radiant-industries/40d4966d-7103-4b54-9dcf-f7ad0dc7ef85,los_angeles,1,4,CA,west,CA,1,1,3,senior,0,0,13.51,remote,1,2026-07-24T22:30:45.924+00:00,68,2026-09-29,2026-09-30,8,8+ year,1,115000.0,168000.0,141500.0,110.72,127799.86,53000.0,structured,year,0,0,,9bc269050f99e009,7112,1,1,0,0,0,0,0,0,0,0,0,1,0,0,0,0,0,0,0,0,1,0,0,1,1,0,0,0
79313348b1ed5891,Radiant Industries,developer,Permitting Manager,siting_dev,0,ashby,https://jobs.ashbyhq.com/radiant-industries/da00091c-4ab2-422c-8baf-5b409bddef84,,0,,DC,south,DC,1,1,5,manager,0,0,,remote,0,2026-09-02T15:24:18.455+00:00,28,2026-09-29,2026-09-30,5,5+ year,1,115000.0,168000.0,141500.0,109.901,128752.24,53000.0,structured,year,0,0,,19e1f5b158fc1a2f,6210,0,1,0,0,0,0,0,0,0,0,0,0,0,0,0,0,0,0,0,0,1,0,0,1,1,0,0,0
9029927d7e8f42b5,Radiant Industries,developer,2027 New Graduate - Software Engineer,software_data,0,ashby,https://jobs.ashbyhq.com/radiant-industries/1ec29cec-d18f-417d-adc6-31adda87c687,los_angeles,1,4,CA,west,CA,1,1,1,entry,1,0,13.51,remote,1,2026-09-17T21:17:04.753+00:00,13,2026-09-29,2026-09-30,,,1,105000.0,130000.0,117500.0,110.72,106123.55,25000.0,structured,year,0,0,,618e9208e5957370,3963,0,1,0,0,0,1,0,0,0,0,0,1,0,0,0,0,0,0,0,0,1,0,0,1,1,0,0,0
d8df9855f3c92ecb,SEL Schweitzer Engineering Laboratories,grid_vendor,Software Engineer (Multiple Locations),software_data,0,workday,https://selinc.wd1.myworkdayjobs.com/SEL/job/Washington---Pullman/Software-Engineer--Multiple-Locations-_2026-23291,,0,,WA,west,WA;IN;ID,3,1,2,mid,0,0,,unspecified,0,2026-09-28,2,2026-09-29,2026-09-30,,,1,81300.0,122000.0,101650.0,107.013,94988.46,40700.0,text,year,0,0,"$81,300 - $122,000",eace64a64f504cbf,5817,1,1,0,0,0,0,1,1,0,0,0,1,0,0,0,0,0,0,0,0,1,1,0,0,1,1,0,0
c3ebf7e92e8be4fa,Scout Clean Energy,developer,"Associate Engineer, Interconnection",grid_power,1,workable,https://apply.workable.com/j/101F5FEAEE,denver,1,3,CO,west,CO,1,1,1,entry,1,0,24.16,unspecified,0,2026-09-18,12,2026-09-29,2026-09-30,0,explicit no-experience statement,1,80000.0,90000.0,85000.0,103.052,82482.63,10000.0,text,year,0,0,"$80,000 - $90,000",970006cb955515a2,6163,0,0,0,1,0,0,0,0,0,0,0,1,1,0,1,1,0,0,0,0,1,1,0,0,0,0,0,1
6b9194c7ec1c3292,Scout Clean Energy,developer,"Associate/Senior Associate, Origination",siting_dev,3,workable,https://apply.workable.com/j/44EB0C1002,denver,1,3,CO,west,CO,1,1,1,entry,1,1,24.16,unspecified,0,2026-08-05,56,2026-09-29,2026-09-30,2,2-3 year,1,85000.0,110000.0,97500.0,103.052,94612.43,25000.0,text,year,0,0,"$85,000 - $110,000",27a8d9392e5477ce,7481,1,0,0,0,0,0,0,0,0,0,0,1,0,0,1,1,0,0,0,1,1,1,0,0,0,0,0,1
298b5cbd0f3aab69,Scout Clean Energy,developer,"Director, Interconnection",grid_power,0,workable,https://apply.workable.com/j/A1EF2E7CBA,denver,1,3,CO,west,CO,1,1,6,director,0,0,24.16,unspecified,0,2026-08-24,37,2026-09-29,2026-09-30,10,10+ year,1,200000.0,225000.0,212500.0,103.052,206206.58,25000.0,text,year,0,0,"$200,000 - $225,000",bf26924219e6e8cb,11323,1,0,1,0,1,0,0,0,0,0,0,1,0,1,1,0,0,0,0,0,1,1,0,0,0,0,0,1
ee91e0627a8a2653,Scout Clean Energy,developer,"Manager / Senior Manager, Capital Markets",market_commercial,0,workable,https://apply.workable.com/j/1A4CDFFDCC,denver,1,3,CO,west,CO,1,1,5,manager,0,0,24.16,unspecified,0,2026-03-30,184,2026-09-29,2026-09-30,5,5+ year,1,130000.0,175000.0,152500.0,103.052,147983.54,45000.0,text,year,0,0,"$130,000-$175,000",2de97b583db2e810,5438,1,0,0,0,0,0,0,0,0,0,0,1,1,0,1,0,0,0,0,0,1,1,0,1,0,0,0,1
0726faccd67b3738,Scout Clean Energy,developer,"Manager, Government and Regulatory Affairs - SPP and ERCOT",regulatory,0,workable,https://apply.workable.com/j/B3048E792F,denver,1,3,CO,west,CO,1,1,5,manager,0,0,24.16,unspecified,0,2026-09-08,22,2026-09-29,2026-09-30,4,4+ year,1,110000.0,150000.0,130000.0,103.052,126149.9,40000.0,text,year,0,0,"$110,000–$150,000",a4d97ce2365d13bd,6774,1,0,1,0,0,0,0,0,0,0,0,1,0,1,1,1,0,0,0,0,1,1,1,0,1,0,0,1
6b41fd3c5a3b507e,Scout Clean Energy,developer,"Manager, Transmission Market Analysis",market_commercial,0,workable,https://apply.workable.com/j/0ACE129446,denver,1,3,CO,west,CO,1,1,5,manager,0,0,24.16,unspecified,0,2026-03-16,198,2026-09-29,2026-09-30,3,Minimum of 3 year,1,135000.0,155000.0,145000.0,103.052,140705.66,20000.0,text,year,0,0,"$135,000 - $155,000",755b9dd0611b5eba,9395,1,1,0,0,0,1,1,0,0,0,0,1,1,1,1,1,0,0,0,0,1,1,0,1,0,0,0,1
49028ff9614cedc1,Scout Clean Energy,developer,"Manager/Senior Manager, Interconnection",grid_power,0,workable,https://apply.workable.com/j/262059C802,denver,1,3,CO,west,CO,1,1,5,manager,0,0,24.16,unspecified,0,2026-07-21,71,2026-09-29,2026-09-30,7,7+ year,1,150000.0,175000.0,162500.0,103.052,157687.38,25000.0,text,year,0,0,"$150,000 - $175,000",d8e6af3652bec27a,6326,1,0,0,0,1,0,0,0,0,0,0,1,1,0,1,1,0,0,0,0,1,1,0,0,0,0,0,1
0147ad46cec8e654,Scout Clean Energy,developer,Quantitative Renewable Energy Trader,other,0,workable,https://apply.workable.com/j/8264F7C130,denver,1,3,CO,west,CO,1,1,2,mid,1,0,24.16,unspecified,0,2026-08-18,43,2026-09-29,2026-09-30,1,1+ year,1,85000.0,110000.0,97500.0,103.052,94612.43,25000.0,text,year,0,0,"$85,000 – $110,000",55663245b9dc619d,6536,1,1,0,0,0,0,0,0,0,0,0,1,1,0,1,0,0,0,0,1,1,1,0,0,0,0,0,1
443518fd773126dd,Scout Clean Energy,developer,"Renewable Energy Project Manager, West Region Development",siting_dev,0,workable,https://apply.workable.com/j/CD5C8745A1,denver,1,3,CO,west,CO,1,1,5,manager,0,0,24.16,unspecified,0,2026-09-21,9,2026-09-29,2026-09-30,5,5+ year,1,110000.0,140000.0,125000.0,103.052,121297.99,30000.0,text,year,0,0,"$110,000-140,000",ad11eb4e61888fb9,9783,0,0,0,0,0,0,0,0,0,0,0,1,0,1,1,1,0,0,0,0,1,1,0,0,0,0,0,1
9b26a96fe3e864cc,Scout Clean Energy,developer,"Senior Associate, Capital Markets",market_commercial,3,workable,https://apply.workable.com/j/85D5827755,denver,1,3,CO,west,CO,1,1,3,senior,0,0,24.16,unspecified,0,2026-09-10,20,2026-09-29,2026-09-30,2,2-3 year,1,105000.0,130000.0,117500.0,103.052,114020.11,25000.0,text,year,0,0,"$105,000 – 130,000",ce94e339f472ce6b,6000,1,0,0,0,0,0,0,0,0,0,0,1,1,0,1,0,0,0,0,0,1,1,0,1,0,0,0,1
78f680d84c1e66ea,Scout Clean Energy,developer,"Senior Associate, Transmission Market Analysis",market_commercial,3,workable,https://apply.workable.com/j/DF8CCE28A9,denver,1,3,CO,west,CO,1,1,3,senior,0,0,24.16,unspecified,0,2026-06-22,100,2026-09-29,2026-09-30,1,Minimum of 1 year,1,100000.0,120000.0,110000.0,103.052,106742.23,20000.0,text,year,0,0,"$100,000 - $120,000",c4ed1e2dcd420e65,8604,1,1,0,0,0,1,1,0,0,0,0,1,1,0,1,1,0,0,0,0,1,1,0,1,0,0,0,1
6589ca47f1e09502,Tract,data_center,Development Manager,siting_dev,0,greenhouse,https://job-boards.greenhouse.io/tract/jobs/4354077009,denver,1,3,CO,west,CO,1,1,5,manager,0,0,0.0,unspecified,0,2026-08-11T15:12:06-04:00,50,2026-09-29,2026-09-30,4,Minimum 4 year,1,150000.0,160000.0,155000.0,103.052,150409.5,10000.0,text,year,0,0,"$150,000 - $160,000",8de1918771834ad3,7972,1,0,0,0,1,0,0,0,0,1,0,1,1,0,0,1,0,0,0,0,1,1,0,0,1,0,0,0
95197a95b0cff2bb,Urban Grid Solar Projects,developer,Interconnection Engineer,grid_power,0,workable,https://apply.workable.com/j/EC64536F95,,0,,TX,south,TX,1,0,2,mid,1,0,,unspecified,0,2026-08-06,55,2026-09-29,2026-09-30,3,Minimum of 3 year,0,,,,97.057,,,,,0,0,,83906bf445bf2258,4643,0,0,0,0,0,0,0,0,0,0,0,0,1,0,0,0,0,0,0,0,1,1,0,0,0,0,0,0
147a8ce18abeb226,Urban Grid Solar Projects,developer,Regulatory Compliance Manager,regulatory,0,workable,https://apply.workable.com/j/9D1E58D9C8,,0,,TX,south,TX,1,0,5,manager,0,0,,unspecified,0,2026-08-17,44,2026-09-29,2026-09-30,5,At least 5 year,0,,,,97.057,,,,,0,0,,290b23e5df8c6142,5245,1,0,1,0,0,0,0,0,0,0,0,1,1,1,1,0,0,1,0,0,1,1,0,0,0,0,0,0
3d460ba4c870ccc4,Urban Grid Solar Projects,developer,"Senior Manager/Director, Interconnection",grid_power,0,workable,https://apply.workable.com/j/17A9A7D746,,0,,TX,south,TX,1,0,5,manager,0,1,,unspecified,0,2026-06-17,105,2026-09-29,2026-09-30,7,Minimum of 7 year,0,,,,97.057,,,,,0,0,,74022bb16b28faea,4653,0,0,1,0,0,0,0,0,0,0,0,0,1,1,1,0,0,0,0,0,1,1,0,0,0,0,0,0
e89fc6cac6dbaa96,Urban Grid Solar Projects,developer,Sr./Lead Environmental Permitting Specialist,siting_dev,0,workable,https://apply.workable.com/j/860C8FC62D,,0,,TX,south,TX,1,0,3,senior,0,0,,unspecified,0,2026-09-02,28,2026-09-29,2026-09-30,5,Minimum of 5 year,0,,,,97.057,,,,,0,0,,b32f90e5086c9acd,4118,1,0,0,0,0,0,0,0,0,0,0,0,1,0,1,1,0,0,0,0,1,1,0,0,0,0,0,0
466d13f52c557864,Valar Atomics,developer,Principal Software Engineer ,software_data,0,greenhouse,https://job-boards.greenhouse.io/valaratomics/jobs/4383170009,los_angeles,1,4,CA,west,CA,1,1,4,staff_principal,0,0,15.95,unspecified,0,2026-08-25T23:21:10-04:00,36,2026-09-29,2026-09-30,10,10+ year,1,195000.0,270000.0,232500.0,110.72,209989.16,75000.0,text,year,0,0,"$195,000  -  $270,000",f89b731550157e49,8792,1,1,0,0,0,1,0,1,1,0,1,0,1,1,0,1,1,0,0,0,1,0,0,1,1,0,0,0
336cf282b2c48e70,Valar Atomics,developer,Senior Cloud DevOps Engineer ,other,0,greenhouse,https://job-boards.greenhouse.io/valaratomics/jobs/4384996009,los_angeles,1,4,CA,west,CA,1,1,3,senior,0,0,15.95,unspecified,0,2026-08-27T19:31:46-04:00,34,2026-09-29,2026-09-30,5,5+ year,1,165000.0,190000.0,177500.0,110.72,160314.31,25000.0,text,year,0,0,"$165,000  -  $190,000",d1ae3e80a1a0a5f7,11852,0,1,0,0,1,1,0,1,0,0,0,1,0,0,1,0,1,0,0,0,1,0,0,1,0,0,1,0
f57c6a29805f6399,Valar Atomics,developer,Senior Controls Software Engineer,software_data,0,greenhouse,https://job-boards.greenhouse.io/valaratomics/jobs/4376676009,,0,,UT,west,UT,1,0,3,senior,0,0,,unspecified,0,2026-08-20T13:28:17-04:00,41,2026-09-29,2026-09-30,3,3 to 7 year,0,,,,98.864,,,,,0,0,,e6f30b0a96bda530,10482,1,1,0,0,0,1,1,0,0,1,0,0,0,0,1,0,0,0,0,0,1,0,0,1,1,0,0,0
1e138c97453f64e2,Valar Atomics,developer,Senior OT Data Engineer ,software_data,0,greenhouse,https://job-boards.greenhouse.io/valaratomics/jobs/4341262009,los_angeles,1,4,CA,west,CA,1,1,3,senior,0,0,15.95,unspecified,0,2026-07-31T05:01:22-04:00,61,2026-09-29,2026-09-30,,,1,170000.0,210000.0,190000.0,110.72,171604.05,40000.0,text,year,0,0,"$170,000  -  $210,000",15c1ce4a1463acf3,13202,0,0,0,0,0,0,1,0,0,0,0,0,0,0,0,1,0,0,0,0,1,0,0,1,1,0,0,0
c369a153f9b6a471,Valar Atomics,developer,Senior Security Software Engineer,software_data,0,greenhouse,https://job-boards.greenhouse.io/valaratomics/jobs/4398511009,los_angeles,1,4,CA,west,CA,1,1,3,senior,0,0,15.95,unspecified,0,2026-09-08T17:28:23-04:00,22,2026-09-29,2026-09-30,,,1,175000.0,200000.0,187500.0,110.72,169346.1,25000.0,text,year,0,0,"$175,000  -  $200,000",81d277877b96474e,8515,0,0,0,0,1,1,0,1,0,0,0,0,1,0,0,0,0,0,0,0,1,0,0,1,1,0,0,0
b040397e91057996,Valar Atomics,developer,Senior Software Engineer ,software_data,0,greenhouse,https://job-boards.greenhouse.io/valaratomics/jobs/4382029009,los_angeles,1,4,CA,west,CA,1,1,3,senior,0,0,15.95,unspecified,0,2026-08-25T13:54:35-04:00,36,2026-09-29,2026-09-30,7,7+ year,1,144000.0,195000.0,169500.0,110.72,153088.87,51000.0,text,year,0,0,"$144,000  -  $195,000",4f29fad53c2a1956,7225,1,1,0,0,0,1,0,1,1,0,0,0,1,1,0,1,1,0,0,0,1,0,0,1,1,0,0,0
a566b08356cc218b,Valar Atomics,developer,Staff Controls Software Engineer,software_data,0,greenhouse,https://job-boards.greenhouse.io/valaratomics/jobs/4376679009,,0,,UT,west,UT,1,0,4,staff_principal,0,0,,unspecified,0,2026-08-19T21:50:54-04:00,42,2026-09-29,2026-09-30,8,8+ year,0,,,,98.864,,,,,0,0,,ea80d30a6390fe2a,11378,1,1,0,0,0,1,1,0,0,1,0,0,0,1,1,0,0,0,0,0,1,0,0,1,1,0,0,0
edd817d4ef79f1f6,Vantage Data Centers,data_center,"Capital Markets Senior Manager, NA",market_commercial,0,workday,https://vantagedc.wd1.myworkdayjobs.com/Vantage/job/Denver-Colorado/Senior-Manager--Capital-Markets--NA_R23666,denver,1,3,CO,west,CO,1,1,5,manager,0,0,0.0,unspecified,0,2026-07-10,82,2026-09-21,2026-09-30,,,1,135000.0,145000.0,140000.0,103.052,135853.74,10000.0,text,year,0,0,"$135,000 - $145,000",25e03da0b1c30335,6624,0,0,0,0,0,0,0,0,0,0,0,0,1,0,1,1,0,0,0,0,1,1,0,0,1,0,0,1
1ed043333db217a6,Vistra,utility,"Sr. Manager Financial Planning & Analysis System, Technology",other,0,workday,https://vst.wd5.myworkdayjobs.com/vistra_careers/job/Irving-Texas/Sr-Manager-Financial-Planning---Analysis-System--Technology_40016667-1,,0,,TX,south,TX,1,0,5,manager,0,0,,unspecified,0,2026-09-29,1,2026-09-29,2026-09-30,,,0,,,,97.057,,,,,0,0,,ec18af57ee2ba9f8,4968,1,0,0,0,0,0,0,0,0,1,1,1,1,0,0,0,0,0,0,0,0,0,0,0,0,0,0,0
921a44e39887126c,Xcimer Energy,developer,Data Engineer,software_data,0,lever,https://jobs.lever.co/xcimer/badde656-9f50-4839-a9c4-cefb019acd09,denver,1,3,CO,west,CO,1,1,2,mid,0,0,0.0,onsite,0,2026-09-09T20:45:00.380000+00:00,21,2026-09-29,2026-09-30,,,1,125000.0,160000.0,142500.0,103.052,138279.7,35000.0,structured,year,0,0,,2fcfb834ddf4ca33,1128,0,0,0,0,0,0,0,0,0,1,0,1,0,0,0,0,0,0,0,0,0,0,0,0,0,0,0,0
d15e596dd7cee664,Xcimer Energy,developer,Senior Platform Engineer,software_data,0,lever,https://jobs.lever.co/xcimer/766d9aa6-98bf-481a-a422-634da0d5930f,denver,1,3,CO,west,CO,1,1,3,senior,0,0,0.0,onsite,0,2026-08-29T03:44:28.205000+00:00,32,2026-09-29,2026-09-30,,,1,168000.0,198000.0,183000.0,103.052,177580.25,30000.0,structured,year,0,0,,be2c208cd92eff3c,2033,0,0,0,0,0,0,0,0,0,1,0,0,0,1,1,0,0,0,0,0,0,0,0,0,0,0,0,0
9174636296e1f06c,Xcimer Energy,developer,Senior Scientific Software Engineer,software_data,0,lever,https://jobs.lever.co/xcimer/1573b5de-15a3-415b-a4a1-6c1db0214ce4,denver,1,3,CO,west,CO,1,1,3,senior,0,0,0.0,onsite,0,2026-08-29T03:54:57.999000+00:00,32,2026-09-29,2026-09-30,,,1,168000.0,198000.0,183000.0,103.052,177580.25,30000.0,structured,year,0,0,,86a492cce5c9902f,1484,0,0,0,0,0,0,0,0,1,0,0,0,0,0,1,0,0,0,0,0,0,0,0,0,0,0,0,0
339fb654c29fd167,AES Indiana,utility,Real Estate Analyst,siting_dev,2,workday,https://aes.wd1.myworkdayjobs.com/AES_US/job/US-Flexible-CO/Real-Estate-Analyst_R1065106-1,,0,,CO,west,CO;ID;NV;UT,4,1,2,mid,0,0,,unspecified,0,2026-09-29,1,2026-09-30,2026-09-30,,,1,68000.0,81600.0,74800.0,103.052,72584.71,13600.0,text,year,0,0,"between $68,000 and $81,600",f5576d66937db002,6928,0,0,0,0,0,0,0,0,0,0,0,1,1,0,1,1,0,0,0,0,1,1,1,0,1,0,0,0
90a0bca5c227a8b6,AES Indiana,utility,Permitting Project Manager,siting_dev,0,workday,https://aes.wd1.myworkdayjobs.com/AES_US/job/US-Flexible-TX/Permitting-Project-Manager-1_R1065071,,0,,TX,south,TX,1,0,5,manager,0,0,,unspecified,0,2026-09-25,5,2026-09-27,2026-09-30,4,4-8 year,0,,,,97.057,,,,,0,0,,bc80f0d64ecc49fb,13191,0,0,1,0,0,0,0,0,0,0,0,1,0,1,1,1,0,0,0,0,0,0,0,0,0,0,0,0
7e3354651bfbd410,AES Indiana,utility,Transmission Planning Engineer,grid_power,0,workday,https://aes.wd1.myworkdayjobs.com/AES_US/job/US-Dayton-OH/Transmission-Planning-Engineer_R1065068-1,,0,,OH,midwest,OH,1,0,2,mid,1,0,,unspecified,0,2026-09-29,1,2026-09-30,2026-09-30,2,A minimum of 2 year,0,,,,92.774,,,,,0,0,,63797955dbeb14b0,7077,0,0,0,0,0,0,0,0,0,0,0,1,0,0,0,0,0,1,0,0,0,0,0,0,0,0,0,0
820704262895d2dd,Bloom Energy,grid_vendor,"Director, Legal Commercial Development and Project Financing,",siting_dev,0,workday,https://bloomenergy.wd1.myworkdayjobs.com/BloomEnergyCareers/job/San-Jose-California/Director--Legal-Commercial-Development-and-Project-Financing-_JR-24377,bay_area,1,4,CA,west,CA,1,1,6,director,0,0,41.99,onsite,0,2026-09-29,1,2026-09-30,2026-09-30,,,1,209100.0,300900.0,255000.0,110.72,230310.69,91800.0,text,year,0,0,"$209,100.00 - $300,900.00",817b313b70d02404,5852,0,0,0,0,0,0,0,0,1,0,0,1,1,0,1,0,0,0,0,0,1,1,0,0,0,0,0,1
822b643f667245df,GE Vernova,grid_vendor,Nuclear Engineering AI & Data Science Leader,ai_ml,0,workday,https://gevernova.wd5.myworkdayjobs.com/Vernova_ExternalSite/job/Wilmington-NC-USA/Nuclear-Engineering-AI---Data-Science-Leader_R5054349-2,boston,1,4,MA,northeast,,0,1,5,manager,0,0,2.76,remote,1,2026-09-29,1,2026-09-30,2026-09-30,8,at least 8 year,1,131700.0,219300.0,175500.0,105.757,165946.46,87600.0,text,year,0,0,"between $131,700.00 and $219,300.00",1d8caa68d63182a9,6883,0,1,1,0,0,0,0,0,1,0,0,1,1,1,1,0,0,0,0,0,1,1,1,0,1,1,1,1
481fe5d5b3e68b73,Gridware,energy_analytics,"Senior Software Engineer, Field Software",software_data,0,lever,https://jobs.lever.co/gridware/bf9ff042-99fc-454f-a67f-73acd56630ca,bay_area,1,4,CA,west,CA,1,1,3,senior,0,0,0.0,unspecified,0,2026-09-22T23:44:00.903000+00:00,8,2026-09-30,2026-09-30,,,1,190000.0,220000.0,205000.0,110.72,185151.73,30000.0,structured,year,0,0,,c81958f4d2ac84f7,1399,0,0,0,0,0,0,0,0,0,0,0,0,0,0,0,0,0,0,0,0,0,0,0,0,0,0,0,0
ca35f00b6e58005c,NRECA National Rural Electric Cooperative Association,cooperative,"Regulatory Affairs Director, Large Loads and Market Policy",regulatory,0,workday,https://nreca.wd1.myworkdayjobs.com/External/job/Arlington-VA/Regulatory-Affairs-Director--Large-Loads-and-Market-Policy_R2026-922,northern_virginia,1,3,VA,south,VA,1,1,6,director,0,0,15.26,onsite,0,2026-09-29,1,2026-09-30,2026-09-30,,,1,186000.0,230000.0,208000.0,101.104,205728.75,44000.0,text,year,0,0,"$186,000 - $230,000",8fe81a9e9d6a49c1,6737,1,0,1,0,0,0,0,0,0,0,0,1,0,0,0,0,0,0,0,0,0,0,0,1,0,0,0,0
5ee961d0b15331a9,QTS Data Centers,data_center,Senior Technical Compliance Analyst,regulatory,2,workday,https://qtsdatacenters.wd5.myworkdayjobs.com/QTS/job/Overland-Park-KS/Senior-Technical-Compliance-Analyst_R2026-2196-1,,0,,KS,midwest,KS,1,0,3,senior,0,0,,unspecified,0,2026-09-29,1,2026-09-30,2026-09-30,2,Minimum of 2 year,0,,,,90.068,,,,,0,0,,07a0ffe259ed3a10,7747,1,1,0,0,1,0,0,0,1,1,0,1,0,0,1,1,0,0,0,0,0,1,0,0,1,1,0,1
68f6fbb2515989b4,Tract,data_center,"Senior Manager, Projects Development - Energy",siting_dev,0,greenhouse,https://job-boards.greenhouse.io/tract/jobs/4424204009,denver,1,3,CO,west,CO,1,1,5,manager,0,0,0.0,unspecified,0,2026-09-29T15:33:48-04:00,1,2026-09-30,2026-09-30,7,7+ year,1,150000.0,175000.0,162500.0,103.052,157687.38,25000.0,text,year,0,0,"$150,000 - $175,000",459641a605f00152,7895,0,0,0,0,1,0,0,0,0,0,0,1,0,0,0,1,0,0,0,0,1,1,0,0,1,0,0,0
e965c3ebf99c0cd1,Voltus,energy_analytics,Senior Market Operations Analyst,market_commercial,2,lever,https://jobs.lever.co/voltus/81c8559b-336f-4a95-817e-639f17773689,remote_national,0,0,,,,0,0,3,senior,0,0,,remote,1,2026-09-29T19:43:44.710000+00:00,1,2026-09-30,2026-09-30,,,1,95000.0,100000.0,97500.0,,,5000.0,structured,year,0,0,,1bf6a7f67c550c8a,1015,0,0,0,0,0,0,0,0,0,0,0,0,0,0,0,0,0,0,0,0,0,0,0,0,0,0,0,0
a8b00972c0d4fbcb,Xcel Energy,utility,Director Strategic Planning (Integrated System Planning),other,0,workday,https://xcelenergy.wd1.myworkdayjobs.com/External/job/Amarillo-TX-79101/Director-Strategic-Planning--Integrated-System-Planning-_JR116766-1,denver,1,3,TX,south,TX;CO,2,1,6,director,0,0,0.0,hybrid,0,2026-09-29,1,2026-09-30,2026-09-30,,,1,148400.0,210000.0,179200.0,97.057,184633.77,61600.0,text,year,0,0,"$148,400.00 to $210,000.00",2f5fc320d8cb935c,7018,1,0,1,0,0,0,0,0,0,0,0,0,0,0,0,0,0,0,0,0,1,1,1,0,1,1,0,1
